Disease,"  Active TB/HIV,  Treatment Regimen",  Active TB/HIV- Treatment Regimen,  MDR-TB Treatment Regimen,,,  XDR-TB Treatment Regimen,total impact,Malaria (p.falc),,,,,,,,,,,,,,,Malaria (p.vivax),,,,,,,,Malaria,HIV,,,,,,,,,,,,,RoundWorm,,,Hookworm,,Whipworm,,,Worms,,,,Schistosomiasis,,LF,,,Total
Original,"isoniazid (INH or H), rifampin (R or RMP), ethambutol (E or EMB), and pyrazinamide (Z or PZA).","isoniazid (INH or H), rifampin (R or RMP), ethambutol (E or EMB), and pyrazinamide (Z or PZA).","Z, S, Lfx, Eto, Cs, PAS","S, Lfx, Eto, Cs, PAS","Km, Lfx, Eto, Cs, PAS","Cs,  Km(or)Amk(or)Cm, Lfx(or)Moxifloxacin (Mfx)(or)Gfx(or)Ofx",,Impact of AL,Impact of AS+SP,Impact of DHA-PPQ,Impact of AS+MQ,Impact of AS+AQ,Impact of CQ + PQ,Impact of DHA-PPQ + PQ,Impact of ART +  Naphthoquine (NQ), +,Impact of AL + PQ,Impact of SP,Impact of AS + MQ + PQ,Impact of Quinine (QN) + CL,Impact of Quinine (QN) + D,Total Impact (p.falc),Impact of CQ+PQ,Impact of CQ,Impact of CQ + PG,Impact of AL,Impact of AL+PQ,Impact of AS + AQ,Impact of DHA-PPQ+PQ,Total Impact (p.vivax),Total Impact,Impact of 3TC,Impact of ABC,Impact of AZT,Impact of ddl,Impact of d4T,Impact of EFV,Impact of FTC,Impact of LPV/r,Impact of NVP,Impact of TDF,Impact of ATV/r,Impact of NFV,Total Impact,Alb,Mbd,Ivm+Alb,Alb,Mbd,Alb,Mbd,Ivm+Alb,Impact of Roundworm,Impact of Hookworm,Impact of Whipworm,Total Impact,PZQ,Total Impact,Impact of Single dose of DEC (6mg/kg)+ALB(400mg),Impact of Combination of ALB(400mg)+IVM(400ug/kg),Total Impact,
Codeable,"INH, RMP, EMB, PZA","INH, RMP, EMB, PZA","Z, S, Lfx, Eto, Cs, PAS","S, Lfx, Eto, Cs, PAS","Km, Lfx, Eto, Cs, PAS","Cs, Km, Amk, Cm, Lfx, Moxifloxacin (Mfx), Gfx, Ofx",,  AL,Artesunate / Sulfadoxine-pyrimethamine (AS + SP),  DHA-PPQ,"  AS, MQ",Artesunate/Amodiaquine (AS + AQ),Chloroquine + Primaquine (CQ + PQ),"  DHA-PPQ, PQ","  ART,  Naphthoquine (NQ)",Artemisinin + Piperaquine (ART + PPQ),"  AL, PQ",  SP,Artesunate + Mefloquine + Primaquine (AS + MQ + PQ),"  Quinine (QN), CL","  Quinine (QN), D",,"Chloroquine ,  Primaquine (CQ ,  PQ)",  CQ,"Chloroquine ,  Primaquine (CQ ,  PQ)",  AL,"  AL, PQ",Artesunate/Amodiaquine (AS + AQ),"  DHA-PPQ, PQ",,,  3TC,  ABC,  AZT,  ddl,  d4T,  EFV,  FTC,  LPV/r,  NVP,  TDF,  ATV/r,  NFV,,Alb,Mbd,"Ivm, Alb",Alb,Mbd,Alb,Mbd,"Ivm, Alb",,,,,PZQ,," DEC, ALB","ALB, IVM",,
Output,"Isoniazid (H or INH), RIfampicin (R or RMP), Ethambutol (E or EMB), Pyrazinamide (Z or PZA)","Isoniazid (H or INH), RIfampicin (R or RMP), Ethambutol (E or EMB), Pyrazinamide (Z or PZA)","Pyrazinamide (Z or PZA),  Streptomycin (S or STR), Levofloxacin (Lfx), Ethionamide (Eto), Cycloserine (Cs), P-Aminosalicylic Acid (PAS)","Streptomycin (S or STR), Levofloxacin (Lfx), Ethionamide (Eto), Cycloserine (Cs), P-Aminosalicylic Acid (PAS)","Kanamycin (KM), Levofloxacin (Lfx), Ethionamide (Eto), Cycloserine (Cs), p-aminosalicylic acid (PAS)","Cycloserine (Cs), Kanamycin (Km), Amikacin (Amk), Capreomycin (Cm), Levofloxacin (Lfx), Moxifloxacin (Mfx), Gatifloxacin (Gfx), Ofloxacin (Ofx)",,Artemether-Lumefantrine (AL),Artesunate / Sulfadoxine-pyrimethamine (AS + SP),DHA-Piperaquine (DHA-PPQ),"Artesunate (AS), Mefloquine (MQ)",Artesunate/Amodiaquine (AS + AQ),Chloroquine + Primaquine (CQ + PQ),"DHA-Piperaquine (DHA-PPQ), Primaquine (PQ)","Artemisinin (ART),  Naphthoquine (NQ)",Artemisinin +  Piperaquine (ART + PPQ),"Artemether-Lumefantrine (AL), Primaquine (PQ)",Sulfadoxine-pyrimethamine (SP),Artesunate + Mefloquine + Primaquine (AS + MQ + PQ),"Quinine (QN), Clarithromycin (CL)","Quinine (QN), Doxycycline (D)",,Chloroquine + Primaquine (CQ + PQ),Chloroquine (CQ),"Chloroquine ,  Primaquine (CQ ,  PQ)", Artemether-Lumefantrine (AL),"  Artemether-Lumefantrine (AL), Primaquine (PQ)",Artesunate/Amodiaquine (AS + AQ),"DHA-Piperaquine (DHA-PPQ), Primaquine (PQ)",,,Lamivudine (3TC),Abacavir (ABC),Zidovudine (AZT),Didanosine (ddl),Stavudine (d4t),Efavirenz (EFV),Emtricitabine (FTC),Lopinavir / Ritonavir (LPV/r),Nevirapine (NVP),Tenofovir (TDF),Atazanavir/Ritonavir (ATV/r),Nelfinavir (NFV),, Albendazole (ALB), Mebendazole (MBD)," Ivermectin (Ivm), Albendazole (Alb)", Albendazole (ALB), Mebendazole (MBD), Albendazole (ALB), Mebendazole (MBD)," Ivermectin (Ivm), Albendazole (Alb)",,,,,Praziquantel (PZQ),,"Diethylcarbamazine (DEC), Albendazole (ALB)","Albendazole (ALB), Ivermectin (IVM)",,
Afghanistan,138.45,"547,006.04",0,0,0,104.64,"547,249.13",0,"4,001.12",0,0,0,0,0,0,0,0,0,0,0,0,"4,001.12","39,109.15",0,0,0,0,0,0,"39,109.15","43,110.27",8.66,0.01,3.56,0,3.87,3.76,0.55,0.06,5.4,1.78,0,0,27.64, , , , , , , , ,  -   ,  -   ,  -   ,  -   ,,  -   ,,,  -   ,"594,388.16"
Albania,0,"3,016.78",0,0,0,0.09,"3,016.88",0,0,0,0,0,0,0,0,0,0,0,0,0,0,0,0,0,0,0,0,0,0,0,0,1.19,0.17,0.4,0,0.63,0.37,0,0.13,0.67,0,0,0,3.55, , , , , , , , ,  -   ,  -   ,  -   ,  -   ,,  -   ,,,  -   ,"3,020.43"
Algeria,"16,740.65","85,692.45",7.28,1.13,16.12,71.82,"102,529.44",0.31,0.27,0.31,0.31,0.27,0.1,0.26,0.31,0.29,0.26,0.1,0.28,0.26,0.28,3.6,0,0,0,0,0,0,0,0,3.6,949.83,6.7,388.96,0,428.46,399.9,55.63,10.09,594.47,181.33,0,0,"3,015.36", , , , , , , , ,  -   ,  -   ,  -   ,  -   ,,  -   ,,,  -   ,"105,552.01"
American Samoa,0,0,0,0,0,0,0,0,0,0,0,0,0,0,0,0,0,0,0,0,0,0,0,0,0,0,0,0,0,0,0,0,0,0,0,0,0,0,0,0,0,0,0,0, , , , , , , , ,  -   ,  -   ,  -   ,  -   ,,  -   ,,,  -   ,0
Andorra,0,31.8,0,0,0,0.02,31.82,0,0,0,0,0,0,0,0,0,0,0,0,0,0,0,0,0,0,0,0,0,0,0,0,0,0,0,0,0,0,0,0,0,0,0,0,0, , , , , , , , ,  -   ,  -   ,  -   ,  -   ,,  -   ,,,  -   ,31.82
Angola,"136,855.46","105,142.66",0.72,0.11,1.64,202.88,"242,203.47","1,703.58",0,0,0,0,0,0,0,0,0,0,0,0,0,"1,703.58",0,0,0,0,0,0,0,0,"1,703.58","14,997.10",193.33,"6,101.19",0,"6,808.11","6,229.02",835.96,222.29,"9,352.68","2,730.42",0,0,"47,470.11", , , , , , , , ,  -   ,  -   ,  -   ,  -   ,604.54,604.54,,  -   ,  -   ,"293,685.28"
Anguilla,0,0,0,0,0,0,0,0,0,0,0,0,0,0,0,0,0,0,0,0,0,0,0,0,0,0,0,0,0,0,0,0,0,0,0,0,0,0,0,0,0,0,0,0, , , , , , , , ,  -   ,  -   ,  -   ,  -   ,,  -   ,,,  -   ,0
Antigua and Barbuda,21.31,6.52,0,0,0,0.03,27.85,0,0,0,0,0,0,0,0,0,0,0,0,0,0,0,0,0,0,0,0,0,0,0,0,3.64,0.09,2.95,0.02,0.17,2.41,0.25,0.47,0.63,0.69,0.39,0.01,11.72, , , , , , , , ,  -   ,  -   ,  -   ,  -   ,,  -   ,,,  -   ,39.58
Argentina,"15,326.58","15,657.76",0,0,0,25.23,"31,009.56",0,0,0,0,0,0,0,0,0,0,0,0,0,0,0,0.98,0,0,0,0,0,0,0.98,0.98,351.4,8.8,280.61,0.44,17.44,242.3,25.34,38.69,56.37,70.33,39.56,0.26,"1,131.55", , , , , , , , ,  -   ,  -   ,  -   ,  -   ,,  -   ,,,  -   ,"32,142.09"
Armenia,70.92,"7,813.62",24.05,3.72,62.78,3.42,"7,978.51",0,0,0,0,0,0,0,0,0,0,0,0,0,0,0,0,0,0,0,0,0,0,0,0,79.28,0.04,32.71,0,35.49,33.92,4.9,0.47,49.8,15.95,0,0,252.55, , , , , , , , ,  -   ,  -   ,  -   ,  -   ,,  -   ,,,  -   ,"8,231.05"
Aruba,0,0,0,0,0,0,0,0,0,0,0,0,0,0,0,0,0,0,0,0,0,0,0,0,0,0,0,0,0,0,0,0,0,0,0,0,0,0,0,0,0,0,0,0, , , , , , , , ,  -   ,  -   ,  -   ,  -   ,,  -   ,,,  -   ,0
Australia,70.08,"2,955.47",4.14,0.64,6.63,0.23,"3,037.19",0,0,0,0,0,0,0,0,0,0,0,0,0,0,0,0,0,0,0,0,0,0,0,0,23.71,0.09,9.76,0,10.67,9.97,1.4,0.2,14.92,4.58,0,0,75.3, , , , , , , , ,  -   ,  -   ,  -   ,  -   ,,  -   ,,,  -   ,"3,112.49"
Austria,360.67,"1,846.20",2.49,0.39,4.68,0.26,"2,214.69",0,0,0,0,0,0,0,0,0,0,0,0,0,0,0,0,0,0,0,0,0,0,0,0,0.88,0.12,0.3,0,0.46,0.27,0,0.09,0.5,0,0,0,2.63, , , , , , , , ,  -   ,  -   ,  -   ,  -   ,,  -   ,,,  -   ,"2,217.32"
Azerbaijan,191.18,"38,012.84",26.47,4.1,92.37,31.45,"38,358.41",0,0,0,0,0,0,0,0,0,0,0,0,0,0,0,0.1,0,0,0,0,0,0,0.1,0.1,128.52,0.05,53.08,0,57.58,54.76,7.89,0.74,80.91,25.71,0,0,409.24, , , , , , , , ,  -   ,  -   ,  -   ,  -   ,,  -   ,,,  -   ,"38,767.74"
Bahamas,90.92,147.71,0,0,0,0.19,238.82,0,0,0,0,0,0,0,0,0,0,0,0,0,0,0,0,0,0,0,0,0,0,0,0,0,0,0,0,0,0,0,0,0,0,0,0,0, , , , , , , , ,  -   ,  -   ,  -   ,  -   ,,  -   ,,,  -   ,238.82
Bahrain,30.41,"1,200.99",0,0,0,0.81,"1,232.20",0,0,0,0,0,0,0,0,0,0,0,0,0,0,0,0,0,0,0,0,0,0,0,0,10.23,0.07,4.2,0,4.62,4.28,0.59,0.1,6.42,1.94,0,0,32.46, , , , , , , , ,  -   ,  -   ,  -   ,  -   ,,  -   ,,,  -   ,"1,264.66"
Bangladesh,"1,741.59","1,180,990.99",40.88,6.33,97.13,"1,296.23","1,184,173.15","8,335.85",0,0,0,0,0,0,0,0,0,0,0,0,0,"8,335.85","1,193.11",0,0,0,0,0,0,"1,193.11","9,528.95",153.9,0.81,63.19,0,69.31,64.92,9.1,1.43,96.54,29.7,0,0,488.9,"5,673.12", , ,"1,441.49", ,290.41, , ,"5,673.12","1,441.49",290.41,"7,405.01",,  -   ,652.34,,652.34,"1,210,584.20"
Barbados,19.14,58.52,0,0,0,0.06,77.71,0,0,0,0,0,0,0,0,0,0,0,0,0,0,0,0,0,0,0,0,0,0,0,0,6.84,0.17,5.46,0.02,0.34,4.59,0.49,0.82,1.16,1.37,0.77,0.01,22.07, , , , , , , , ,  -   ,  -   ,  -   ,  -   ,,  -   ,,,  -   ,99.78
Belarus,589.99,"23,563.78",45.41,7.03,99.24,56.41,"24,361.86",0,0,0,0,0,0,0,0,0,0,0,0,0,0,0,0,0,0,0,0,0,0,0,0,307.4,0.12,127.33,0,138.06,129.29,18.38,1.73,194.76,60.27,0,0,977.35, , , , , , , , ,  -   ,  -   ,  -   ,  -   ,,  -   ,,,  -   ,"25,339.21"
Belgium,167.17,"3,497.07",3.2,0.5,8.3,0.28,"3,676.51",0,0,0,0,0,0,0,0,0,0,0,0,0,0,0,0,0,0,0,0,0,0,0,0,8.83,1.22,2.98,0,4.64,2.72,0,0.93,4.99,0,0,0,26.31, , , , , , , , ,  -   ,  -   ,  -   ,  -   ,,  -   ,,,  -   ,"3,702.82"
Belize,80.89,481.95,0,0,0,0.39,563.23,0,0,0,0,0,0,0,0,0,0,0,0,0,0,0,2.74,0,0,0,0,0,0,2.74,2.74,93.4,2.3,75.14,0.3,4.57,62.68,6.58,11.34,15.79,18.28,10.3,0.18,300.86, , , , , , , , ,  -   ,  -   ,  -   ,  -   ,,  -   ,,,  -   ,866.84
Benin,"10,743.57","88,294.70",4.91,0.76,11.49,1.41,"99,056.84","1,118,501.44",0,0,0,0,0,0,0,0,0,0,0,0,0,"1,118,501.44",0,0,0,0,0,0,0,0,"1,118,501.44","1,364.45",25.53,553.15,0,625.38,550.37,69.83,25.68,854.34,230.23,0,0,"4,298.96", , , , , , , , ,  -   ,  -   ,  -   ,  -   ,748.42,748.42,,8.39,8.39,"2,341,115.50"
Bermuda,0,0,0,0,0,0,0,0,0,0,0,0,0,0,0,0,0,0,0,0,0,0,0,0,0,0,0,0,0,0,0,0,0,0,0,0,0,0,0,0,0,0,0,0, , , , , , , , ,  -   ,  -   ,  -   ,  -   ,,  -   ,,,  -   ,0
Bhutan,962.64,"4,927.60",1.45,0.22,3.41,1.07,"5,896.39",14.85,0,0,0,0,0,0,0,0,0,0,0,0,0,14.85,17.68,0,0,0,0,0,0,17.68,32.53,5.51,0.03,2.26,0,2.47,2.36,0.34,0.05,3.44,1.09,0,0,17.55, , , , , , , , ,  -   ,  -   ,  -   ,  -   ,,  -   ,,,  -   ,"5,961.32"
Bolivia,"3,280.66","68,180.76",0,0,0,47.24,"71,508.65",0,0,0,3.24,0,0,0,0,0,0,0,0,0,0,3.24,40.07,0,0,0,0,0,0,40.07,43.32,766.63,20.74,600.71,0.85,41.22,516.93,58.83,88.26,128.34,163.64,92.27,0.5,"2,478.93", , , , , , , , ,  -   ,  -   ,  -   ,  -   ,,  -   ,,,  -   ,"74,034.15"
"Bonaire, Saint Eustatius and Saba",0,0,0,0,0,0,0,0,0,0,0,0,0,0,0,0,0,0,0,0,0,0,0,0,0,0,0,0,0,0,0,0,0,0,0,0,0,0,0,0,0,0,0,0, , , , , , , , ,  -   ,  -   ,  -   ,  -   ,,  -   ,,,  -   ,0
Bosnia and Herzegovina,0,"7,524.55",0.86,0.13,1.23,0.67,"7,527.45",0,0,0,0,0,0,0,0,0,0,0,0,0,0,0,0,0,0,0,0,0,0,0,0,0.43,0.06,0.14,0,0.22,0.13,0,0.04,0.24,0,0,0,1.27, , , , , , , , ,  -   ,  -   ,  -   ,  -   ,,  -   ,,,  -   ,"7,528.72"
Botswana,"10,602.62","8,589.87",17.19,2.66,35.15,2.58,"19,250.08","5,123.15",0,0,0,0,0,0,0,0,0,0,0,0,0,"5,123.15",0,0,0,0,0,0,0,0,"5,123.15","2,937.76",23.18,"1,213.83",0,"1,339.08","1,177.36",155.25,31.32,"1,880.77",516.92,0,0,"9,275.47", , , , , , , , ,  -   ,  -   ,  -   ,  -   ,88.3,88.3,,,  -   ,"38,860.16"
Brazil,"41,242.97","286,507.19",110.99,17.18,192.21,64.8,"328,135.35",32.61,0,0,30.34,0,0,0,0,0,0,0,0,0,0,62.95,286.24,0,0,0,0,0,0,286.24,349.19,"8,202.43",212.88,"6,484.39",3.2,422.26,"5,666.26",611.28,882.68,"1,310.82","1,697.39",955.25,1.9,"26,450.73", , , , , , , , ,  -   ,  -   ,  -   ,  -   ,"4,413.86","4,413.86",,  -   ,  -   ,"359,412.07"
British Virgin Islands,0,0,0,0,0,0,0,0,0,0,0,0,0,0,0,0,0,0,0,0,0,0,0,0,0,0,0,0,0,0,0,0,0,0,0,0,0,0,0,0,0,0,0,0, , , , , , , , ,  -   ,  -   ,  -   ,  -   ,,  -   ,,,  -   ,0
Brunei Darussalam,1.88,676.9,0,0,0,0.44,679.21,0,0,0,0,0,0,0,0,0,0,0,0,0,0,0,0,0,0,0,0,0,0,0,0,0.56,0.02,0.22,0,0.26,0.23,0.03,0.01,0.34,0.09,0,0,1.76, , , , , , , , ,  -   ,  -   ,  -   ,  -   ,,  -   ,0.01,,0.01,680.98
Bulgaria,8.28,"11,216.19",9.12,1.41,23.96,2.07,"11,261.04",0,0,0,0,0,0,0,0,0,0,0,0,0,0,0,0,0,0,0,0,0,0,0,0,0.22,0.03,0.07,0,0.11,0.07,0,0.03,0.12,0,0,0,0.66, , , , , , , , ,  -   ,  -   ,  -   ,  -   ,,  -   ,,,  -   ,"11,261.70"
Burkina Faso,"23,877.96","170,667.28",20.27,3.14,46.08,100.33,"194,715.05","903,061.14",0,0,0,"766,346.25",0,0,0,0,0,0,0,0,0,"1,669,407.38",0,0,0,0,0,0,0,0,"1,669,407.38","1,064.44",13.09,434.79,0,484.23,436.22,57.8,15.14,668.92,190.13,0,0,"3,364.78", , , , , , , , ,  -   ,  -   ,  -   ,  -   ,"11,029.25","11,029.25",,73.57,73.57,"3,547,997.42"
Burundi,"75,067.67","387,240.62",30.09,4.66,65.36,38.57,"462,446.96",0,0,0,0,"181,133.06",0,0,0,0,0,0,0,0,0,"181,133.06",0,0,0,0,0,0,0,0,"181,133.06","3,990.95",44.59,"1,627.03",0,"1,808.68","1,663.01",225.4,54.17,"2,492.48",736.05,0,0,"12,642.37", , , , , , , , ,  -   ,  -   ,  -   ,  -   ,856.8,856.8,,,  -   ,"838,212.25"
Cambodia,"9,792.66","213,563.39",3.3,0.51,5.68,60.66,"223,426.20",0,0,0,103.65,0,0,92.89,0,0,0,0,0,0,0,196.55,0,121.01,0,0,0,0,0,121.01,317.55,"1,349.42",28.45,547.75,0,623.49,528.55,64.19,27.32,853.33,213.93,0,0,"4,236.43", , , , , , , , ,  -   ,  -   ,  -   ,  -   ,"23,390.05","23,390.05",,,  -   ,"251,566.77"
Cameroon,"56,486.55","112,224.27",5.68,0.88,12.34,79.56,"168,809.28",0,0,0,0,"1,743,596.25",0,0,0,0,0,0,0,0,0,"1,743,596.25",0,0,0,0,0,0,0,0,"1,743,596.25","50,416.99",548.84,"20,579.54",0,"22,857.36","20,941.52","2,831.26",671.63,"31,552.86","9,262.53",0,0,"159,662.52","155,369.93", ,"155,369.93",945.03, ,165.24, ,224.63,"310,739.86",945.03,389.87,"312,074.76","1,469.76","1,469.76",,77.46,77.46,"4,129,286.27"
Canada,291.72,"5,091.64",3.93,0.61,5.12,0.09,"5,393.11",0,0,0,0,0,0,0,0,0,0,0,0,0,0,0,0,0,0,0,0,0,0,0,0,64.64,1.72,50.79,0.04,3.42,44.09,4.91,7.2,10.59,13.66,7.69,0.03,208.78, , , , , , , , ,  -   ,  -   ,  -   ,  -   ,,  -   ,,,  -   ,"5,601.88"
Cape Verde,262.28,"1,342.55",0,0,0,1.13,"1,605.95","1,524.68",0,0,0,0,0,0,0,0,0,0,0,0,0,"1,524.68",0,0,0,0,0,0,0,0,"1,524.68",0.65,0.1,0.22,0,0.34,0.21,0,0.08,0.36,0,0,0,1.95, , , , , , , , ,  -   ,  -   ,  -   ,  -   ,,  -   ,,,  -   ,"4,657.27"
Cayman Islands,0,0,0,0,0,0,0,0,0,0,0,0,0,0,0,0,0,0,0,0,0,0,0,0,0,0,0,0,0,0,0,0,0,0,0,0,0,0,0,0,0,0,0,0, , , , , , , , ,  -   ,  -   ,  -   ,  -   ,,  -   ,,,  -   ,0
Central African Republic,"42,302.14","133,261.72",0,0,0,2.13,"175,565.99","245,153.80",0,0,0,0,0,0,0,0,0,0,0,0,0,"245,153.80",0,0,0,0,0,0,0,0,"245,153.80","6,614.59",37.02,"2,711.50",0,"2,976.46","2,803.79",394.79,63.59,"4,136.60","1,284.40",0,0,"21,022.73", , , , , , , , ,  -   ,  -   ,  -   ,  -   ,19.72,19.72,,14.14,14.14,"686,930.17"
Chad,"23,419.15","169,479.83",0,0,0,132.48,"193,031.46","340,840.44",0,0,0,"283,704.90",0,0,0,0,0,0,0,0,0,"624,545.35",0,0,0,0,0,0,0,0,"624,545.35","11,493.72",99.33,"4,708.86",0,"5,202.03","4,777.15",651.62,133.94,"7,219.49","2,135.12",0,0,"36,421.26", , , , , , , , ,  -   ,  -   ,  -   ,  -   ,"1,154.28","1,154.28",,16,16,"1,479,713.70"
Chile,"2,984.71","15,278.23",2.85,0.44,4.96,1.17,"18,272.37",0,0,0,0,0,0,0,0,0,0,0,0.05,0,0,0.05,0,0,0,0,0,0,0,0,0.05,279.66,7.06,222.64,0.17,13.99,194.34,20.36,29.81,44.16,56.5,31.77,0.1,900.54, , , , , , , , ,  -   ,  -   ,  -   ,  -   ,,  -   ,,,  -   ,"19,173.00"
China,"39,843.43","1,896,250.56",108.67,16.82,183.48,"1,166.40","1,937,569.36",0,0,45.49,0,39.07,0,0,45.52,43.34,0,0,0,0,0,173.42,406.71,0,0,0,0,0,0,406.71,580.13,"17,575.57",44.85,"7,237.98",0,"7,890.51","7,463.24","1,063.62",129.27,"11,040.51","3,465.85",0,0,"55,911.39", , , , , , , , ,  -   ,  -   ,  -   ,  -   ,  -   ,  -   ,,,  -   ,"1,994,234.30"
"China, Hong Kong SAR",0,0,0,0,0,0,0,0,0,0,0,0,0,0,0,0,0,0,0,0,0,0,0,0,0,0,0,0,0,0,0,0,0,0,0,0,0,0,0,0,0,0,0,0, , , , , , , , ,  -   ,  -   ,  -   ,  -   ,,  -   ,,,  -   ,0
"China, Macao SAR",0,0,0,0,0,0,0,0,0,0,0,0,0,0,0,0,0,0,0,0,0,0,0,0,0,0,0,0,0,0,0,0,0,0,0,0,0,0,0,0,0,0,0,0, , , , , , , , ,  -   ,  -   ,  -   ,  -   ,,  -   ,,,  -   ,0
Colombia,"10,682.95","51,059.39",24.76,3.83,42.89,9.2,"61,823.01",0,0,0,28.9,0,0,0,0,0,0,0,0,0,0,28.9,58.85,0,0,0,0,0,0,58.85,87.75,722.55,19.74,563.6,0,39.2,493.93,56.19,78.93,117.85,156.2,88.03,0,"2,336.21","1,642.97","1,066.85", ,453.05,56.13,100.8,175.27, ,"2,709.82",509.18,276.07,"3,495.06",,  -   ,,,  -   ,"67,770.94"
Comoros,0,"11,366.45",0,0,0,7.33,"11,373.78","16,347.34",0,0,0,0,0,0,0,0,0,0,0,0,0,"16,347.34",47.66,36.95,37.83,19.87,47.66,20.91,37.83,248.69,"16,596.03",0.05,0,0.02,0,0.02,0.02,0,0,0.03,0.01,0,0,0.15,116.21, , ,42.9, ,15.26, , ,116.21,42.9,15.26,174.37,,  -   ,2.74,,2.74,"44,494.41"
Republic of the Congo,"7,742.29","52,371.63",0,0,0,41.44,"60,155.35",0,0,0,0,"142,676.35",0,0,0,0,0,0,0,0,0,"142,676.35",0,0,0,0,0,0,0,0,"142,676.35","7,507.35",134.66,"3,037.84",0,"3,430.14","3,071.67",397.49,138.21,"4,674.50","1,302.19",0,0,"23,694.06",204.01, , ,94.04, ,34.96, ,45.35,204.01,94.04,80.31,378.36,595.61,595.61,,22.24,22.24,"370,198.31"
Cook Islands,0,0,0,0,0,0,0,0,0,0,0,0,0,0,0,0,0,0,0,0,0,0,0,0,0,0,0,0,0,0,0,0,0,0,0,0,0,0,0,0,0,0,0,0, , , , , , , , ,  -   ,  -   ,  -   ,  -   ,,  -   ,,,  -   ,0
Costa Rica,242.78,"3,024.64",0,0,0,0.14,"3,267.56",0,0,0,0,0,0,0,0,0,0,0,0,0,0,0,0.06,0,0,0,0,0,0,0.06,0.06,28.62,0.74,22.62,0.01,1.47,19.77,2.13,3.08,4.57,5.92,3.33,0.01,92.28, , , , , , , , ,  -   ,  -   ,  -   ,  -   ,,  -   ,,,  -   ,"3,359.90"
Cote d'Ivoire,"45,851.44","219,578.31",0,0,0,186.94,"265,616.68",0,0,0,0,"1,068,511.62",0,0,0,0,0,0,0,0,0,"1,068,511.62",0,0,0,0,0,0,0,0,"1,068,511.62","62,080.18",655.8,"25,347.08",0,"28,133.83","25,814.71","3,498.52",812.83,"38,852.91","11,441.99",0,0,"196,637.84", , , , , , , , ,  -   ,  -   ,  -   ,  -   ,"7,423.72","7,423.72",,50.76,50.76,"2,606,752.26"
Croatia,592.02,"3,030.43",0,0,0,2.54,"3,624.99",0,0,0,0,0,0,0,0,0,0,0,0,0,0,0,0,0,0,0,0,0,0,0,0,5.24,0,2.17,0,2.36,2.2,0.31,0.03,3.33,1.02,0,0,16.66, , , , , , , , ,  -   ,  -   ,  -   ,  -   ,,  -   ,,,  -   ,"3,641.65"
Cuba,189.58,"4,172.04",0.17,0.03,0.29,0.2,"4,362.32",0,0,0,0,0,0,0,0,0,0,0,0,0,0,0,0,0,0,0,0,0,0,0,0,244.11,6.13,194.46,0.08,12.15,170.65,17.72,25.5,38.07,49.17,27.64,0.05,785.72, , , , , , , , ,  -   ,  -   ,  -   ,  -   ,,  -   ,,,  -   ,"5,148.04"
Curacao,0,0,0,0,0,0,0,0,0,0,0,0,0,0,0,0,0,0,0,0,0,0,0,0,0,0,0,0,0,0,0,0,0,0,0,0,0,0,0,0,0,0,0,0, , , , , , , , ,  -   ,  -   ,  -   ,  -   ,,  -   ,,,  -   ,0
Cyprus,20.17,103.24,0,0,0,0.09,123.5,0,0,0,0,0,0,0,0,0,0,0,0,0,0,0,0,0,0,0,0,0,0,0,0,0.32,0.04,0.11,0,0.17,0.1,0,0.03,0.18,0,0,0,0.96, , , , , , , , ,  -   ,  -   ,  -   ,  -   ,,  -   ,,,  -   ,124.46
Czech Republic,70.82,"3,724.88",1.66,0.26,6.07,0.07,"3,803.76",0,0,0,0,0,0,0,0,0,0,0,0,0,0,0,0,0,0,0,0,0,0,0,0,0.05,0.01,0.02,0,0.03,0.02,0,0.01,0.03,0,0,0,0.15, , , , , , , , ,  -   ,  -   ,  -   ,  -   ,,  -   ,,,  -   ,"3,803.91"
Democratic People's Republic of Korea,0,"193,456.50",0,0,0,124.84,"193,581.34",0,0,0,0,0,0,0,0,0,0,0,0,0,0,0,1.53,0,0,0,0,0,0,1.53,1.53,0,0,0,0,0,0,0,0,0,0,0,0,0, , , , , , , , ,  -   ,  -   ,  -   ,  -   ,,  -   ,,,  -   ,"193,582.87"
Democratic Republic of the Congo,"250,632.95","1,724,152.72",30.39,4.71,66.03,844.27,"1,975,731.07",0,0,0,0,"4,330,033.35",0,0,0,0,0,0,0,0,0,"4,330,033.35",0,0,0,0,0,0,0,0,"4,330,033.35","21,841.19",582.54,"8,700.25",0,"10,022.74","8,981.76","1,131.01",546.44,"13,355.50","3,666.66",0,0,"68,828.08",66.24, ,76.73,91.15, ,7.87, ,9.76,142.97,91.15,17.63,251.75,"10,823.41","10,823.41",,7.96,7.96,"10,715,708.98"
Denmark,0,"1,419.48",0.61,0.09,0.94,0.01,"1,421.14",0,0,0,0,0,0,0,0,0,0,0,0,0,0,0,0,0,0,0,0,0,0,0,0,4.38,0.61,1.47,0,2.3,1.35,0,0.46,2.47,0,0,0,13.03, , , , , , , , ,  -   ,  -   ,  -   ,  -   ,,  -   ,,,  -   ,"1,434.17"
Djibouti,935.4,"11,043.90",0,0,0,8.05,"11,987.35",0,106.86,0,0,0,0,0,0,0,0,0,0,0,0,106.86,0,0,0,0,0,0,0,0,106.86,89,0.38,36.52,0,39.97,37.95,5.4,0.77,55.63,17.54,0,0,283.16, , , , , , , , ,  -   ,  -   ,  -   ,  -   ,,  -   ,,,  -   ,"12,484.23"
Dominica,18.84,57.61,0,0,0,0.06,76.5,0,0,0,0,0,0,0,0,0,0,0,0,0,0,0,0,0,0,0,0,0,0,0,0,7.79,0.15,6.69,0.08,0.29,5.02,0.42,1.15,1.42,1.17,0.66,0.05,24.88, , , , , , , , ,  -   ,  -   ,  -   ,  -   ,,  -   ,,,  -   ,101.38
Dominican Republic,"3,576.05","19,412.10",19.97,3.09,33.55,10.51,"23,055.27",0,0,0,0,0,8.99,0,0,0,0,0,0,0,0,8.99,0,0,0,0,0,0,0,0,8.99,"2,073.29",49.69,"1,678.17",6.93,98.55,"1,402.06",142.89,248.26,345.47,396.69,223.2,4.12,"6,669.33", , , , , , , , ,  -   ,  -   ,  -   ,  -   ,,  -   ,0.02,,0.02,"29,742.59"
Ecuador,"2,377.49","40,489.26",20.84,3.23,36.08,21.58,"42,948.48",0,6.56,0,0,0,0,0,0,0,0,0,0,0,0,6.56,32.74,0,0,0,0,0,0,32.74,39.3,439.46,11.52,346.48,0.12,22.86,303.12,33.04,47.34,70.44,91.75,51.65,0.07,"1,417.84", , , , , , , , ,  -   ,  -   ,  -   ,  -   ,,  -   ,,,  -   ,"44,412.18"
Egypt,94.48,"92,371.71",9.47,1.47,28.89,59.7,"92,565.72",3.85,0,0,0,0,0,0,0,0,0,0,0,0,0,3.85,0,0,0,0,0,0,0,0,3.85,30.93,0.15,12.66,0,13.88,13.27,1.9,0.29,19.25,6.14,0,0,98.45, , , , , , , , ,  -   ,  -   ,  -   ,  -   ,"51,167.05","51,167.05",,0.03,0.03,"143,838.94"
El Salvador,437.09,"5,521.04",0.31,0.05,0.56,2.05,"5,961.10",0,0,0,0,0,0,0,0,0,0,0,0,0,0,0,0,0,0,0,0,0,0,0,0,500.3,12.13,404.07,1.77,24.08,335.96,34.77,61,84.46,96.57,54.36,1.05,"1,610.53", , , , , , , , ,  -   ,  -   ,  -   ,  -   ,,  -   ,,,  -   ,"7,571.64"
Equatorial Guinea,"1,323.16","5,044.29",0,0,0,4.56,"6,372.01",0,0,0,0,"26,990.04",0,0,0,0,0,0,0,0,0,"26,990.04",0,0,0,0,0,0,0,0,"26,990.04",857.68,3.46,352.5,0,385.53,363.57,51.46,7.24,537.83,167.65,0,0,"2,726.94",68.47, ,87.25,17.53, ,8.61, ,11.28,155.71,17.53,19.89,193.13,10.8,10.8,,2.22,2.22,"63,285.18"
Eritrea,"19,232.38","98,447.18",0,0,0,82.51,"117,762.07",0,0,0,0,"1,978.88",0,0,0,0,0,0,0,0,0,"1,978.88",983.64,0,0,0,0,0,0,983.64,"2,962.53",272,0.79,112.35,0,122.5,113.72,15.93,2.02,172.08,52.29,0,0,863.69, , , , , , , , ,  -   ,  -   ,  -   ,  -   ,42.06,42.06,,0.01,0.01,"123,609.24"
Estonia,141.22,"1,676.59",12.72,1.97,61.99,1.58,"1,896.07",0,0,0,0,0,0,0,0,0,0,0,0,0,0,0,0,0,0,0,0,0,0,0,0,0.54,0.07,0.18,0,0.28,0.17,0,0.06,0.31,0,0,0,1.61, , , , , , , , ,  -   ,  -   ,  -   ,  -   ,,  -   ,,,  -   ,"1,897.68"
Ethiopia,"217,241.59","1,935,136.00",61.76,9.56,122.72,413.97,"2,152,985.59","188,291.80",0,0,0,0,0,0,0,0,0,0,0,0,0,"188,291.80",0,"110,329.99",0,0,0,0,0,"110,329.99","298,621.79","35,455.00",830.4,"14,246.13",0,"16,292.84","14,352.06","1,793.45",793.59,"21,976.07","5,879.07",0,0,"111,618.62", , , , , , , , ,  -   ,  -   ,  -   ,  -   ,"2,539.07","2,539.07",,0,0,"2,754,056.87"
Fiji,26.31,"2,064.78",0,0,0,1.36,"2,092.45",0,0,0,0,0,0,0,0,0,0,0,0,0,0,0,0,0,0,0,0,0,0,0,0,36.67,0.02,15.2,0,16.49,15.35,2.17,0.21,23.28,7.14,0,0,116.53,32.57, , ,33.74, ,0.22, , ,32.57,33.74,0.22,66.53,,  -   ,8.54,,8.54,"2,284.05"
Finland,"1,322.17",0,1.9,0.29,2.42,0.04,"1,326.82",0,0,0,0,0,0,0,0,0,0,0,0,0,0,0,0,0,0,0,0,0,0,0,0,0,0,0,0,0,0,0,0,0,0,0,0,0.01, , , , , , , , ,  -   ,  -   ,  -   ,  -   ,,  -   ,,,  -   ,"1,326.83"
France,"1,771.75","24,895.94",0,0,0,0.53,"26,668.22",0,0,0,0,0,0,0,0,0,0,0,0,0,0,0,0,0,0,0,0,0,0,0,0,7.77,1.08,2.62,0,4.08,2.4,0,0.82,4.39,0,0,0,23.15, , , , , , , , ,  -   ,  -   ,  -   ,  -   ,,  -   ,,,  -   ,"26,691.37"
French Polynesia,0,0,0,0,0,0,0,0,0,0,0,0,0,0,0,0,0,0,0,0,0,0,0,0,0,0,0,0,0,0,0,0,0,0,0,0,0,0,0,0,0,0,0,0, , , , , , , , ,  -   ,  -   ,  -   ,  -   ,,  -   ,  -   ,,  -   ,0
Gabon,"6,212.88","6,594.10",0,0,0,10.39,"12,817.37",0,0,0,0,"31,017.43",0,0,0,0,0,0,0,0,0,"31,017.43",0,0,0,0,0,0,0,0,"31,017.43",404.82,3.6,165.97,0,183.48,167.29,22.66,4.76,254.88,74.43,0,0,"1,281.89",251.68, ,368.53,40.26, ,46.33, ,30.69,620.21,40.26,77.01,737.49,118.9,118.9,,0.54,0.54,"76,991.05"
Gambia,"1,285.70","15,252.83",0,0,0,11.11,"16,549.64","32,537.41",0,0,0,0,0,0,0,0,0,0,0,0,0,"32,537.41",0,0,0,0,0,0,0,0,"32,537.41",742.35,6.42,303.8,0,335.73,309.94,42.48,8.69,465.25,138.88,0,0,"2,353.53", , , , , , , , ,  -   ,  -   ,  -   ,  -   ,385.81,385.81,,1.94,1.94,"84,365.75"
Georgia,197.75,"15,601.47",81.18,12.57,169.13,8.5,"16,070.60",0,0,0,0,0,0,0,0,0,0,0,0,0,0,0,0,0,0,0,0,0,0,0,0,205.31,0.31,85.15,0,92.51,85.19,11.91,1.29,130.7,39.26,0,0,651.62, , , , , , , , ,  -   ,  -   ,  -   ,  -   ,,  -   ,,,  -   ,"16,722.22"
Germany,"3,000.64","15,359.76",9.87,1.53,19.48,1.73,"18,393.02",0,0,0,0,0,0,0,0,0,0,0,0,0,0,0,0,0,0,0,0,0,0,0,0,24.1,3.33,8.12,0,12.64,7.43,0,2.53,13.6,0,0,0,71.76, , , , , , , , ,  -   ,  -   ,  -   ,  -   ,,  -   ,,,  -   ,"18,464.78"
Ghana,"29,454.93","125,735.55",1.14,0.18,2.58,114.47,"155,308.85","510,876.87",0,0,0,"424,873.70",0,0,0,0,0,0,0,0,0,"935,750.57",0,0,0,0,0,0,0,0,"935,750.57","22,259.97",241.19,"9,084.04",0,"10,089.45","9,258.13","1,253.74",296.02,"13,923.39","4,099.03",0,0,"70,504.95", , , , , , , , ,  -   ,  -   ,  -   ,  -   ,"1,948.00","1,948.00",,126.83,126.83,"2,099,389.77"
Greece,518.74,"2,655.33",0.44,0.07,1.11,0.24,"3,175.93",0,0,0,0,0,0,0,0,0,0,0,0,0,0,0,0,0,0,0,0,0,0,0,0,0.09,0.01,0.03,0,0.05,0.03,0,0.01,0.05,0,0,0,0.27, , , , , , , , ,  -   ,  -   ,  -   ,  -   ,,  -   ,,,  -   ,"3,176.19"
Greenland,10.71,54.83,0,0,0,0.05,65.59,0,0,0,0,0,0,0,0,0,0,0,0,0,0,0,0,0,0,0,0,0,0,0,0,0,0,0,0,0,0,0,0,0,0,0,0,0, , , , , , , , ,  -   ,  -   ,  -   ,  -   ,,  -   ,,,  -   ,65.59
Grenada,16.37,75.11,0,0,0,0.06,91.54,0,0,0,0,0,0,0,0,0,0,0,0,0,0,0,0,0,0,0,0,0,0,0,0,48.29,1.01,40.43,0.32,2,32.04,2.92,6.42,8.34,8.1,4.55,0.19,154.61, , , , , , , , ,  -   ,  -   ,  -   ,  -   ,,  -   ,,,  -   ,246.16
Guam,0,0,0,0,0,0,0,0,0,0,0,0,0,0,0,0,0,0,0,0,0,0,0,0,0,0,0,0,0,0,0,0,0,0,0,0,0,0,0,0,0,0,0,0, , , , , , , , ,  -   ,  -   ,  -   ,  -   ,,  -   ,,,  -   ,0
Guatemala,"3,924.21","43,906.71",2.57,0.4,7.06,47.01,"47,887.95",0,0,0,0,0,0,0,0,0,0,0,0,0,0,0,73.46,0,0,0,0,0,0,73.46,73.46,"1,513.27",19.76,616.93,0,688.83,621.15,82.22,22.39,948.96,269.98,0,0,"4,783.48", , , , , , , , ,  -   ,  -   ,  -   ,  -   ,,  -   ,,,  -   ,"52,744.89"
Guinea,"29,991.32","132,746.41",8.72,1.35,20.59,16.58,"162,784.97",0,0,0,0,"606,071.68",0,0,0,0,0,0,0,0,0,"606,071.68",0,0,0,0,0,0,0,0,"606,071.68","5,660.94",69.49,"2,314.89",0,"2,577.65","2,308.40",304.29,80.08,"3,566.28","1,003.19",0,0,"17,885.21", , , , , , , , ,  -   ,  -   ,  -   ,  -   ,"1,976.98","1,976.98",,10.57,10.57,"1,394,801.11"
Guinea-Bissau,"7,399.46","18,570.59",0,0,0,19.28,"25,989.34","265,215.20",0,0,0,0,0,0,0,0,0,0,0,0,0,"265,215.20",0,0,0,0,0,0,0,0,"265,215.20","1,621.95",19.82,661.98,0,737.35,667.28,88.83,23.04,"1,017.47",291.63,0,0,"5,129.35", , , , , , , , ,  -   ,  -   ,  -   ,  -   ,220.94,220.94,,8.4,8.4,"561,778.42"
Guyana,694.58,"2,667.74",0,0,0,2.41,"3,364.73",0,0,0,0,0,0,0,0,0,12.43,0,0,0,0,12.43,12.87,0,0,0,0,0,0,12.87,25.3,598.74,14.31,484.43,1.61,28.35,409.28,41.28,69.26,97.72,114.55,64.41,0.96,"1,924.90", , , , , , , , ,  -   ,  -   ,  -   ,  -   ,,  -   ,1.75,,1.75,"5,329.12"
Haiti,"29,132.40","179,539.21",18.57,2.88,32.39,73.63,"208,799.08",0,0,0,0,0,539.33,0,0,0,0,0,0,0,0,539.33,0,0,0,0,0,0,0,0,539.33,"1,876.13",43.45,"1,535.77",10.43,86.22,"1,238.22",124.37,245.13,326.86,345.49,194.53,6.19,"6,032.79", , , , , , , , ,  -   ,  -   ,  -   ,  -   ,,  -   ,146.51,,146.51,"216,057.05"
Honduras,"1,596.67","16,469.73",1.94,0.3,3.16,6.91,"18,078.71",0,0,0,0,0,1.33,0,0,0,0,0,0,0,0,1.33,26.49,0,0,0,0,0,0,26.49,27.82,973.8,24.49,778.55,2.43,48.62,657.38,70.05,115.09,162.77,194.61,109.6,1.44,"3,138.83", , , , , , , , ,  -   ,  -   ,  -   ,  -   ,,  -   ,,,  -   ,"21,246.68"
Hungary,"6,471.34",0,3.89,0.6,9.32,0.92,"6,486.07",0,0,0,0,0,0,0,0,0,0,0,0,0,0,0,0,0,0,0,0,0,0,0,0,21.47,0.01,8.88,0,9.63,9.11,1.31,0.12,13.55,4.27,0,0,68.34, , , , , , , , ,  -   ,  -   ,  -   ,  -   ,,  -   ,,,  -   ,"6,554.41"
Iceland,1.93,59.09,0,0,0,0.04,61.06,0,0,0,0,0,0,0,0,0,0,0,0,0,0,0,0,0,0,0,0,0,0,0,0,0.03,0,0.01,0,0.02,0.01,0,0,0.02,0,0,0,0.09, , , , , , , , ,  -   ,  -   ,  -   ,  -   ,,  -   ,,,  -   ,61.15
India,"976,080.87","15,806,431.41",681,105.43,"1,532.75","11,163.21","16,795,994.68",0,"108,252.78",0,0,0,0,0,0,0,0,0,0,0,0,"108,252.78","110,584.28",0,0,0,0,0,0,"110,584.28","218,837.06","21,620.50",241.98,"8,806.55",0,"9,797.79","9,030.49","1,227.31",294.22,"13,486.50","4,001.48",0,0,"68,506.82", , , , , , , , ,  -   ,  -   ,  -   ,  -   ,,  -   ,"1,499.49",,"1,499.49","17,193,090.83"
Indonesia,"1,866,647.43","4,245,027.34",88.29,13.67,164.78,"2,595.50","6,114,537.01",0,0,0,0,"8,605.75",0,"8,309.08",0,0,0,0,0,0,0,"16,914.83",0,0,0,0,0,"4,191.40","6,747.37","10,938.77","27,853.60","11,747.49",78.56,"4,806.45",0,"5,290.43","4,979.75",698.69,122.51,"7,332.31","2,270.74",0,0,"37,326.94", , , , , , , , ,  -   ,  -   ,  -   ,  -   ,  -   ,  -   ,,  -   ,  -   ,"6,196,632.38"
Iran,"12,374.33","48,418.23",0,0,0,43.45,"60,836.02",0,8.91,0,0,0,0,0,0,0,0,0,0,0,0,8.91,47,0,0,0,0,0,0,47,55.91,329.88,0.71,135.41,0,147.52,142.55,20.72,2.4,205.56,66.97,0,0,"1,051.73", , , , , , , , ,  -   ,  -   ,  -   ,  -   ,,  -   ,,,  -   ,"61,952.56"
Iraq,6.6,"67,732.09",6.8,1.05,21.42,45.41,"67,813.38",0,0,0,0,0,0,0,0,0,0,0,0,0,0,0,0,0,0,0,0,0,0,0,0,0,0,0,0,0,0,0,0,0,0,0,0,0, , , , , , , , ,  -   ,  -   ,  -   ,  -   ,,  -   ,,,  -   ,"67,813.38"
Ireland,144.73,"1,224.51",0.33,0.05,0.5,0.06,"1,370.19",0,0,0,0,0,0,0,0,0,0,0,0,0,0,0,0,0,0,0,0,0,0,0,0,0.69,0.1,0.23,0,0.36,0.21,0,0.07,0.39,0,0,0,2.06, , , , , , , , ,  -   ,  -   ,  -   ,  -   ,,  -   ,,,  -   ,"1,372.25"
Israel,43.42,"1,506.48",1.97,0.31,5.32,0.17,"1,557.66",0,0,0,0,0,0,0,0,0,0,0,0,0,0,0,0,0,0,0,0,0,0,0,0,0,0,0,0,0,0,0,0,0,0,0,0,0, , , , , , , , ,  -   ,  -   ,  -   ,  -   ,,  -   ,,,  -   ,"1,557.66"
Italy,"2,405.13","12,311.45",0,0,0,1.92,"14,718.51",0,0,0,0,0,0,0,0,0,0,0,0,0,0,0,0,0,0,0,0,0,0,0,0,7.91,1.09,2.67,0,4.15,2.44,0,0.83,4.47,0,0,0,23.57, , , , , , , , ,  -   ,  -   ,  -   ,  -   ,,  -   ,,,  -   ,"14,742.07"
Jamaica,138.85,693.53,0.3,0.05,0.4,0.58,833.71,0,0,0,0,0,0,0,0,0,0,0,0,0,0,0,0,0,0,0,0,0,0,0,0,"1,327.98",32.43,"1,070.61",4.48,64.36,891.48,92.83,161.63,224.32,257.89,145.21,2.66,"4,275.87", , , , , , , , ,  -   ,  -   ,  -   ,  -   ,,  -   ,,,  -   ,"5,109.58"
Japan,377.71,"131,248.95",0,0,0,3.96,"131,630.62",0,0,0,0,0,0,0,0,0,0,0,0,0,0,0,0,0,0,0,0,0,0,0,0,20.23,0.89,7.87,0,9.52,7.93,0.87,0.76,12.27,2.82,0,0,63.15, , , , , , , , ,  -   ,  -   ,  -   ,  -   ,,  -   ,,,  -   ,"131,693.76"
Jordan,0,"3,216.38",2.78,0.43,8.77,0.84,"3,229.21",0,0,0,0,0,0,0,0,0,0,0,0,0,0,0,0,0,0,0,0,0,0,0,0,0,0,0,0,0,0,0,0,0,0,0,0,0, , , , , , , , ,  -   ,  -   ,  -   ,  -   ,,  -   ,,,  -   ,"3,229.21"
Kazakhstan,"1,022.47","110,425.68","2,094.78",324.31,"4,793.27",177.23,"118,837.74",0,0,0,0,0,0,0,0,0,0,0,0,0,0,0,0,0,0,0,0,0,0,0,0,769.55,1.78,316.67,0,345.27,328.08,46.99,5.56,482.66,152.82,0,0,"2,449.39", , , , , , , , ,  -   ,  -   ,  -   ,  -   ,,  -   ,,,  -   ,"121,287.14"
Kenya,"160,460.61","348,162.38",32.01,4.96,69.54,237.78,"508,967.27","844,064.17",0,0,0,0,0,0,0,0,0,0,0,0,0,"844,064.17",0,0,0,0,0,0,0,0,"844,064.17","115,357.16","1,280.90","47,299.76",0,"52,525.25","46,867.38","6,182.81","1,525.82","72,953.77","20,434.06",0,0,"364,426.92", , , , , , , , ,  -   ,  -   ,  -   ,  -   ,"2,384.82","2,384.82",,0.02,0.02,"2,563,907.39"
Kiribati,0,"1,329.10",0,0,0,0.86,"1,329.95",0,0,0,0,0,0,0,0,0,0,0,0,0,0,0,0,0,0,0,0,0,0,0,0,0.52,0.01,0.21,0,0.24,0.21,0.03,0.01,0.32,0.09,0,0,1.65, , , , , , , , ,  -   ,  -   ,  -   ,  -   ,,  -   ,  -   ,,  -   ,"1,331.61"
Kuwait,7.86,"3,820.76",0.9,0.14,1.23,0.07,"3,830.96",0,0,0,0,0,0,0,0,0,0,0,0,0,0,0,0,0,0,0,0,0,0,0,0,0,0,0,0,0,0,0,0,0,0,0,0,0, , , , , , , , ,  -   ,  -   ,  -   ,  -   ,,  -   ,,,  -   ,"3,830.96"
Kyrgyzstan,"20,947.49",0,141.92,21.97,323.07,49.03,"21,483.48",0,0,0,0,0,0,0,0,0,0,0,0,0,0,0,0,0,0,0,0,0,0,0,0,124.38,3.85,49.2,0,57.4,50.78,6.23,3.5,75.74,20.16,0,0,391.24, , , , , , , , ,  -   ,  -   ,  -   ,  -   ,,  -   ,,,  -   ,"21,874.71"
Lao People's Democratic Republic,"7,358.68","83,520.16",0.36,0.06,0.62,61.16,"90,941.04","2,830.60",0,0,0,0,0,0,0,0,0,0,0,0,0,"2,830.60",244.77,0,0,0,0,0,0,244.77,"3,075.37",224.26,1.49,92.31,0,101.49,92.63,12.65,2.26,141.79,41.62,0,0,710.49, , , , , , , , ,  -   ,  -   ,  -   ,  -   ,144.94,144.94,,0.1,0.1,"97,702.54"
Latvia,332.1,"5,170.83",21.61,3.35,83,1.83,"5,612.72",0,0,0,0,0,0,0,0,0,0,0,0,0,0,0,0,0,0,0,0,0,0,0,0,455.53,0.45,187.55,0,203.77,195.85,28.42,2.89,285.15,92.17,0,0,"1,451.79", , , , , , , , ,  -   ,  -   ,  -   ,  -   ,,  -   ,,,  -   ,"7,064.51"
Lebanon,78.35,"4,483.69",1.33,0.21,5.86,0.45,"4,569.88",0,0,0,0,0,0,0,0,0,0,0,0,0,0,0,0,0,0,0,0,0,0,0,0,103.13,0.14,42.61,0,46.31,43.56,6.2,0.66,65.09,20.27,0,0,327.97, , , , , , , , ,  -   ,  -   ,  -   ,  -   ,,  -   ,,,  -   ,"4,897.86"
Lesotho,"52,563.69","24,189.82",45.42,7.03,100.39,67.47,"76,973.82",0,0,0,0,0,0,0,0,0,0,0,0,0,0,0,0,0,0,0,0,0,0,0,0,"24,937.04",225.12,"10,239.09",0,"11,319.99","10,226.04","1,373.32",293.74,"15,756.83","4,526.16",0,0,"78,897.31",82.47,126.36, ,40.26,32.82,84.43,113.67, ,208.83,73.09,198.1,480.02,,  -   ,,,  -   ,"156,351.15"
Liberia,"5,533.05","97,155.82",0,0,0,68.16,"102,757.02",0,0,0,0,"783,075.83",0,0,0,0,0,0,0,0,0,"783,075.83",0,0,0,0,0,0,0,0,"783,075.83","2,754.14",36.9,"1,118.51",0,"1,249.76","1,148.39",154.53,42,"1,712.72",503.5,0,0,"8,720.45",1.82, , ,7.09, ,0.2, ,0.24,1.82,7.09,0.44,9.34,885.46,885.46,,58.12,58.12,"1,678,582.07"
Libya,0,0,0,0,0,5.7,5.7,0,0,0,0,0,0,0,0,0,0,0,0,0,0,0,0,0,0,0,0,0,0,0,0,23.79,0.19,9.76,0,10.77,9.89,1.35,0.27,14.96,4.43,0,0,75.41, , , , , , , , ,  -   ,  -   ,  -   ,  -   ,,  -   ,,,  -   ,81.11
Lithuania,"1,778.45","9,103.60",67.58,10.46,243.76,7.74,"11,211.60",0,0,0,0,0,0,0,0,0,0,0,0,0,0,0,0,0,0,0,0,0,0,0,0,0.01,0,0,0,0,0,0,0,0,0,0,0,0.02, , , , , , , , ,  -   ,  -   ,  -   ,  -   ,,  -   ,,,  -   ,"11,211.62"
Luxembourg,15.1,77.31,0,0,0,0.06,92.47,0,0,0,0,0,0,0,0,0,0,0,0,0,0,0,0,0,0,0,0,0,0,0,0,0.72,0.1,0.24,0,0.38,0.22,0,0.08,0.41,0,0,0,2.14, , , , , , , , ,  -   ,  -   ,  -   ,  -   ,,  -   ,,,  -   ,94.62
Madagascar,372.58,"239,554.37",0,0,0,26.13,"239,953.08",0,0,0,0,"165,276.94",0,0,0,0,0,0,0,0,0,"165,276.94",0,0,0,0,0,0,0,0,"165,276.94",30.39,0.3,12.34,0,13.69,13,1.82,0.39,18.78,5.88,0,0,96.6,"3,400.59", ,"4,183.35",129.29, ,401.5, ,515.3,"7,583.93",129.29,916.8,"8,630.02","1,287.49","1,287.49",,91.44,91.44,"580,612.51"
Malawi,"148,379.27","134,184.63",26.38,4.08,60.31,37.87,"282,692.54","854,302.72",0,0,0,0,0,0,0,0,0,0,0,0,0,"854,302.72",0,0,0,0,0,0,0,0,"854,302.72","64,660.07","1,081.21","26,261.82",0,"29,558.16","26,263.87","3,386.39","1,126.24","40,492.16","11,145.28",0,0,"203,975.21", , , , , , , , ,  -   ,  -   ,  -   ,  -   ,566.41,566.41,,286.05,286.05,"2,196,125.64"
Malaysia,"4,120.49","61,721.32",11.59,1.79,15.25,43.9,"65,914.34",0,0,0,273.53,0,0,0,0,0,0,0,0,0,0,273.53,681.17,0,0,0,0,0,0,681.17,954.7,"1,676.41",7.41,689.16,0,754.62,707.34,99.51,14.53,"1,052.97",324.73,0,0,"5,326.69","2,061.64", , ,763.68, ,24.56, , ,"2,061.64",763.68,24.56,"2,849.87",,  -   ,  -   ,,  -   ,"75,319.13"
Maldives,0,498.27,0,0,0,0.32,498.59,0,0,0,0,0,0,0,0,0,0,0,0,0,0,0,0,0,0,0,0,0,0,0,0,1.88,0,0.78,0,0.84,0.8,0.12,0.01,1.18,0.38,0,0,5.99, , , , , , , , ,  -   ,  -   ,  -   ,  -   ,,  -   ,,,  -   ,504.58
Mali,"23,445.60","162,610.01",10.59,1.64,24.08,133.02,"186,224.94","721,958.54",0,0,0,"630,197.71",0,0,0,0,0,0,0,0,0,"1,352,156.25",0,0,0,0,0,0,0,0,"1,352,156.25",923.47,17.14,373.65,0,422.34,376.41,48.37,17.39,575.43,158.71,0,0,"2,912.91", , , , , , , , ,  -   ,  -   ,  -   ,  -   ,"2,500.45","2,500.45",,  -   ,  -   ,"2,895,950.80"
Malta,7.16,83.88,0,0,0,0.06,91.1,0,0,0,0,0,0,0,0,0,0,0,0,0,0,0,0,0,0,0,0,0,0,0,0,0.53,0.07,0.18,0,0.28,0.16,0,0.06,0.3,0,0,0,1.59, , , , , , , , ,  -   ,  -   ,  -   ,  -   ,,  -   ,,,  -   ,92.69
Marshall Islands,0,780.48,0.14,0.02,0.19,0.03,780.86,0,0,0,0,0,0,0,0,0,0,0,0,0,0,0,0,0,0,0,0,0,0,0,0,0,0,0,0,0,0,0,0,0,0,0,0,0, , , , , , , , ,  -   ,  -   ,  -   ,  -   ,,  -   ,,,  -   ,780.86
Mauritania,"3,744.29","32,950.70",9.1,1.41,20.7,24.96,"36,751.16","26,483.19",0,0,0,"22,559.88",0,0,0,0,0,0,0,0,0,"49,043.06",0,0,0,0,0,0,0,0,"49,043.06",362.77,2.56,148.4,0,163.43,153.58,21.49,3.88,226.43,69.87,0,0,"1,152.39", , , , , , , , ,  -   ,  -   ,  -   ,  -   ,290.17,290.17,,,  -   ,"136,279.85"
Mauritius,26.8,558.23,0,0,0,0.39,585.42,0,0,0,0,0,0,0,0,0,0,0,0,0,0,0,0,0,0,0,0,0,0,0,0,116.34,0.13,47.88,0,52.03,50.07,7.27,0.75,72.77,23.57,0,0,370.81, , , , , , , , ,  -   ,  -   ,  -   ,  -   ,,  -   ,,,  -   ,956.22
Mexico,"20,442.28","138,135.46",77.46,11.99,129.21,29.8,"158,826.21",0,0,0,0,0,0,0,0,0,0,0,0,0,0,0,3.27,0,0,0,0,0,0,3.27,3.27,"4,102.19",100.06,"3,302.09",9.7,198.42,"2,797.84",287.9,474.12,672.43,799.22,449.64,5.76,"13,199.39", , , , , , , , ,  -   ,  -   ,  -   ,  -   ,,  -   ,,,  -   ,"172,028.86"
Micronesia (Federated States of),0,"1,035.19",0.19,0.03,0.32,0.13,"1,035.86",0,0,0,0,0,0,0,0,0,0,0,0,0,0,0,0,0,0,0,0,0,0,0,0,0,0,0,0,0,0,0,0,0,0,0,0,0, , , , , , , , ,  -   ,  -   ,  -   ,  -   ,,  -   ,0.02,,0.02,"1,035.87"
Monaco,0,0,0,0,0,0,0,0,0,0,0,0,0,0,0,0,0,0,0,0,0,0,0,0,0,0,0,0,0,0,0,0,0,0,0,0,0,0,0,0,0,0,0,0, , , , , , , , ,  -   ,  -   ,  -   ,  -   ,,  -   ,,,  -   ,0
Mongolia,9.73,"31,629.29",39.93,6.18,70.43,9.94,"31,765.51",0,0,0,0,0,0,0,0,0,0,0,0,0,0,0,0,0,0,0,0,0,0,0,0,11.19,0,4.62,0,5.01,4.79,0.69,0.06,7.04,2.25,0,0,35.66, , , , , , , , ,  -   ,  -   ,  -   ,  -   ,,  -   ,,,  -   ,"31,801.17"
Montenegro,2.55,324.21,0,0,0,0.21,326.98,0,0,0,0,0,0,0,0,0,0,0,0,0,0,0,0,0,0,0,0,0,0,0,0,0.3,0.04,0.1,0,0.16,0.09,0,0.03,0.17,0,0,0,0.9, , , , , , , , ,  -   ,  -   ,  -   ,  -   ,,  -   ,,,  -   ,327.88
Montserrat,0,0,0,0,0,0,0,0,0,0,0,0,0,0,0,0,0,0,0,0,0,0,0,0,0,0,0,0,0,0,0,0,0,0,0,0,0,0,0,0,0,0,0,0, , , , , , , , ,  -   ,  -   ,  -   ,  -   ,,  -   ,,,  -   ,0
Morocco,"13,751.55","244,892.44",23.67,3.67,35.96,97.22,"258,804.51",0,0,0,0,0,0,0,0,0,0,0,0,0,0,0,0,0,0,0,0,0,0,0,0,481.34,3.9,196.73,0,217.26,202.81,28.13,5.49,300.6,91.59,0,0,"1,527.85", , , , , , , , ,  -   ,  -   ,  -   ,  -   ,,  -   ,,,  -   ,"260,332.35"
Mozambique,"269,763.20","268,219.93",26.53,4.11,55.25,174.47,"538,243.47","1,898,361.00",0,0,0,0,0,0,0,0,0,0,0,0,0,"1,898,361.00",0,0,0,0,0,0,0,0,"1,898,361.00","90,335.19","1,592.50","36,545.91",0,"41,237.47","37,089.98","4,825.16","1,646.07","56,182.58","15,784.46",0,0,"285,239.32","8,580.66", ,,215.59, ,176.89, ,222.94,"8,580.66",215.59,399.83,"9,196.07",299.53,299.53,,167.56,167.56,"4,629,867.95"
Myanmar,"196,836.66","947,951.89",51.91,8.04,114.69,805.94,"1,145,769.12","13,714.72",0,"14,093.59","14,093.59",0,0,0,0,0,0,0,0,0,0,"41,901.91","18,783.38",0,0,0,0,0,0,"18,783.38","60,685.29","8,491.01",99.22,"3,450.64",0,"3,847.44","3,563.43",486.2,119.1,"5,279.54","1,579.92",0,0,"26,916.49", , , , , , , , ,  -   ,  -   ,  -   ,  -   ,,  -   ,232.85,,232.85,"1,275,505.65"
Namibia,"18,604.46","23,439.42",40.1,6.21,85.88,19.74,"42,195.80","6,231.42",0,0,0,0,0,0,0,0,0,0,0,0,0,"6,231.42",0,0,0,0,0,0,0,0,"6,231.42","11,112.94",184.33,"4,532.85",0,"5,111.34","4,401.96",552.47,188.96,"7,045.76","1,836.89",0,0,"34,967.50", , , , , , , , ,  -   ,  -   ,  -   ,  -   ,26.57,26.57,,,  -   ,"89,652.71"
Nauru,0,0,0,0,0,0,0,0,0,0,0,0,0,0,0,0,0,0,0,0,0,0,0,0,0,0,0,0,0,0,0,0,0,0,0,0,0,0,0,0,0,0,0,0, , , , , , , , ,  -   ,  -   ,  -   ,  -   ,,  -   ,,,  -   ,0
Nepal,0,"439,035.46",103.47,16.02,195.81,154.09,"439,504.85",359.59,0,0,0,0,0,0,0,0,0,0,0,0,0,359.59,"1,223.82",0,0,0,0,0,0,"1,223.82","1,583.41","1,661.94",12.95,678.44,0,748.68,705.86,98.89,18.75,"1,034.29",320.76,0,0,"5,280.57",307.55, , ,"1,490.93", ,35.34, , ,307.55,"1,490.93",35.34,"1,833.81",,  -   ,236.37,,236.37,"448,798.59"
Netherlands,314,"3,650.85",1.67,0.26,4.42,0.25,"3,971.45",0,0,0,0,0,0,0,0,0,0,0,0,0,0,0,0,0,0,0,0,0,0,0,0,5.81,0.8,1.96,0,3.05,1.79,0,0.61,3.28,0,0,0,17.29, , , , , , , , ,  -   ,  -   ,  -   ,  -   ,,  -   ,,,  -   ,"3,988.74"
New Caledonia,0,0,0,0,0,0,0,0,0,0,0,0,0,0,0,0,0,0,0,0,0,0,0,0,0,0,0,0,0,0,0,0,0,0,0,0,0,0,0,0,0,0,0,0, , , , , , , , ,  -   ,  -   ,  -   ,  -   ,,  -   ,  -   ,,  -   ,0
New Zealand,9.62,882.97,0,0,0,0.02,892.62,0,0,0,0,0,0,0,0,0,0,0,0,0,0,0,0,0,0,0,0,0,0,0,0,2.61,0.02,1.07,0,1.18,1.09,0.15,0.03,1.64,0.49,0,0,8.27, , , , , , , , ,  -   ,  -   ,  -   ,  -   ,,  -   ,,,  -   ,900.89
Nicaragua,510.17,"17,940.98",2.98,0.46,5.18,1.96,"18,461.72",0,0,0,0,0,3.21,0,0,0,0,0,0,0,0,3.21,26.45,0,0,0,0,0,0,26.45,29.66,199.26,4.86,160.09,0.26,9.63,138.45,14.06,21.58,31.48,39.01,21.93,0.15,640.76, , , , , , , , ,  -   ,  -   ,  -   ,  -   ,,  -   ,,,  -   ,"19,135.35"
Niger,"16,490.38","281,398.34",18.95,2.93,43.09,205.52,"298,159.22","793,015.29",0,0,0,0,0,0,0,0,0,0,0,0,0,"793,015.29",0,0,0,0,0,0,0,0,"793,015.29","3,280.90",27.39,"1,341.66",0,"1,481.75","1,377.71",190.22,37.92,"2,051.43",620.32,0,0,"10,409.31", , , , , , , , ,  -   ,  -   ,  -   ,  -   ,117.47,117.47,,  -   ,  -   ,"1,894,716.58"
Nigeria,"408,588.52","1,905,896.80",5.64,0.87,12.21,384.32,"2,314,888.36","11,699,762.36",0,0,0,"9,543,742.71",0,0,0,0,0,0,0,0,0,"21,243,505.07",0,0,0,0,0,0,0,0,"21,243,505.07","132,055.87","1,794.44","53,604.36",0,"59,917.05","55,113.30","7,418.62","2,034.16","82,057.26","24,158.63",0,0,"418,153.71", , , , , , , , ,  -   ,  -   ,  -   ,  -   ,"23,328.37","23,328.37",,  -   ,  -   ,"45,243,380.59"
Niue,0,0,0,0,0,0,0,0,0,0,0,0,0,0,0,0,0,0,0,0,0,0,0,0,0,0,0,0,0,0,0,0,0,0,0,0,0,0,0,0,0,0,0,0, , , , , , , , ,  -   ,  -   ,  -   ,  -   ,,  -   ,,,  -   ,0
Northern Mariana Islands,0,0,0,0,0,0,0,0,0,0,0,0,0,0,0,0,0,0,0,0,0,0,0,0,0,0,0,0,0,0,0,0,0,0,0,0,0,0,0,0,0,0,0,0, , , , , , , , ,  -   ,  -   ,  -   ,  -   ,,  -   ,,,  -   ,0
Norway,161.03,824.31,1.36,0.21,3.18,0.08,990.17,0,0,0,0,0,0,0,0,0,0,0,0,0,0,0,0,0,0,0,0,0,0,0,0,0.44,0.06,0.15,0,0.23,0.13,0,0.05,0.25,0,0,0,1.3, , , , , , , , ,  -   ,  -   ,  -   ,  -   ,,  -   ,,,  -   ,991.47
Oman,23.41,"2,765.36",0.42,0.07,0.55,1.81,"2,791.62",0,0,0,0,0,0,0,0,0,0,0,0,0,0,0,0,0,0,0,0,0,0,0,0,26.69,0.09,11.01,0,12.01,11.21,1.58,0.21,16.83,5.16,0,0,84.79, , , , , , , , ,  -   ,  -   ,  -   ,  -   ,,  -   ,,,  -   ,"2,876.41"
Pakistan,"8,160.97","2,787,523.69",88.71,13.73,270.62,"1,571.45","2,797,629.18",0,"13,126.77",0,0,0,0,0,0,0,0,0,0,0,0,"13,126.77","31,704.19",0,0,0,0,0,0,"31,704.19","44,830.96",115.3,0.84,47.04,0,51.85,49.31,6.97,1.27,71.57,22.55,0,0,366.7, , , , , , , , ,  -   ,  -   ,  -   ,  -   ,,  -   ,,,  -   ,"2,855,953.62"
Palau,0,0,0,0,0,0,0,0,0,0,0,0,0,0,0,0,0,0,0,0,0,0,0,0,0,0,0,0,0,0,0,0,0,0,0,0,0,0,0,0,0,0,0,0, , , , , , , , ,  -   ,  -   ,  -   ,  -   ,,  -   ,  -   ,,  -   ,0
Panama,886.69,"7,445.32",2.35,0.36,4.11,5.68,"8,344.51",0,0,0,0,0,0,0,0,0,0,1.13,0,0,0,1.13,20.37,0,0,0,0,0,0,20.37,21.5,78.61,2.04,62.34,0.15,4.04,53.11,5.81,9.15,13.11,16.14,9.09,0.09,253.69, , , , , , , , ,  -   ,  -   ,  -   ,  -   ,,  -   ,,,  -   ,"8,620.83"
Papua New Guinea,"9,609.83","125,754.58",0,0,0,90.63,"135,455.04","4,801.58",0,0,0,0,0,0,0,0,0,0,0,0,0,"4,801.58",0,0,0,0,855.38,0,0,855.38,"5,656.95","2,510.37",24.27,"1,029.40",0,"1,139.67","1,030.84",138.29,30.82,"1,583.37",455.31,0,0,"7,942.34",8.12, , ,52.87, ,  -   , , ,8.12,52.87,  -   ,60.99,,  -   ,  -   ,,  -   ,"153,916.90"
Paraguay,"1,689.19","12,070.84",1.35,0.21,1.95,6.93,"13,770.47",0,0,0,0,0,0,0,0,0,0,0,0,0,0,0,0.05,0,0,0,0,0,0,0.05,0.05,522.9,12.81,420.85,1.48,25.41,353.84,36.75,61.95,87.02,102.06,57.45,0.88,"1,683.40", , , , , , , , ,  -   ,  -   ,  -   ,  -   ,,  -   ,,,  -   ,"15,453.92"
Peru,"7,029.11","109,440.66",164.84,25.52,320.38,77.56,"117,058.07",0,0,0,2.92,0,0,0,0,0,0,0,0,0,0,2.92,32.32,0,0,0,0,0,0,32.32,35.24,71.92,0,74.97,3.05,0,33.38,0,20.65,19.13,0,0,1.81,224.92, , , , , , , , ,  -   ,  -   ,  -   ,  -   ,,  -   ,,,  -   ,"117,321.14"
Philippines,"1,099.40","1,371,679.06",88.43,13.69,164.73,887.58,"1,373,932.88",0,0,0,0,0,0,0,0,0,833.42,0,0,0,0,833.42,730.41,0,0,0,0,0,0,730.41,"1,563.83",200.8,0.37,83.12,0,90.41,83.79,11.76,1.33,127.39,38.66,0,0,637.64,"1,038.89", ,"1,078.19",483.29, ,42.21, ,92.59,"2,117.09",483.29,134.8,"2,735.17","8,142.62","8,142.62",,123.94,123.94,"1,387,969.51"
Poland,"29,043.09",0,8.88,1.38,12,1.2,"29,066.56",0,0,0,0,0,0,0,0,0,0,0,0,0,0,0,0,0,0,0,0,0,0,0,0,28.8,0.02,11.89,0,12.91,12.25,1.76,0.17,18.14,5.74,0,0,91.69, , , , , , , , ,  -   ,  -   ,  -   ,  -   ,,  -   ,,,  -   ,"29,158.25"
Portugal,"1,423.05","10,175.48",6.25,0.97,9.31,0.42,"11,615.48",0,0,0,0,0,0,0,0,0,0,0,0,0,0,0,0,0,0,0,0,0,0,0,0,2.66,0.37,0.89,0,1.39,0.82,0,0.28,1.5,0,0,0,7.91, , , , , , , , ,  -   ,  -   ,  -   ,  -   ,,  -   ,,,  -   ,"11,623.39"
Puerto Rico,0,0,0,0,0,0,0,0,0,0,0,0,0,0,0,0,0,0,0,0,0,0,0,0,0,0,0,0,0,0,0,0,0,0,0,0,0,0,0,0,0,0,0,0, , , , , , , , ,  -   ,  -   ,  -   ,  -   ,,  -   ,,,  -   ,0
Qatar,0,"2,131.57",0.84,0.13,1.14,0.07,"2,133.74",0,0,0,0,0,0,0,0,0,0,0,0,0,0,0,0,0,0,0,0,0,0,0,0,2.77,0.01,1.14,0,1.25,1.17,0.16,0.02,1.74,0.54,0,0,8.8, , , , , , , , ,  -   ,  -   ,  -   ,  -   ,,  -   ,,,  -   ,"2,142.54"
Republic of Korea,"21,727.73","111,220.46",0,0,0,29.82,"132,978.01",0,0,0,0,0,0,0,0,0,0,0,0,0,0,0,1.59,0,0,0,0,0,0,1.59,1.59,179.72,0.06,74.34,0,80.62,76.08,10.89,1.02,113.51,35.59,0,0,571.83, , , , , , , , ,  -   ,  -   ,  -   ,  -   ,,  -   ,,,  -   ,"133,551.43"
Republic of Moldova,724.84,"17,574.25",128.71,19.93,415.93,35.63,"18,899.29",0,0,0,0,0,0,0,0,0,0,0,0,0,0,0,0,0,0,0,0,0,0,0,0,350.37,1.14,144,0,157.26,149.31,21.31,2.77,219.43,69.28,0,0,"1,114.87", , , , , , , , ,  -   ,  -   ,  -   ,  -   ,,  -   ,,,  -   ,"20,014.16"
Romania,"1,954.51","94,142.45",94.81,14.68,181.14,19.33,"96,406.93",0,0,0,0,0,0,0,0,0,0,0,0,0,0,0,0,0,0,0,0,0,0,0,0,160.57,0.32,66.56,0,72.41,66.51,9.27,1.07,102.22,30.55,0,0,509.47, , , , , , , , ,  -   ,  -   ,  -   ,  -   ,,  -   ,,,  -   ,"96,916.40"
Russia,"28,729.47","979,822.96",0,0,0,660.64,"1,009,213.07",0,0,0,0,0,0,0,0,0,0,0,0,0,0,0,0,0,0,0,0,0,0,0,0,"4,016.95",1.13,"1,657.17",0,"1,797.37","1,721.03",249.38,23.17,"2,522.14",810.66,0,0,"12,799.01", , , , , , , , ,  -   ,  -   ,  -   ,  -   ,,  -   ,,,  -   ,"1,022,012.08"
Rwanda,"42,046.28","137,845.15",81.3,12.59,173.16,89.22,"180,247.69","74,834.14",0,0,0,0,0,0,0,0,0,0,0,0,0,"74,834.14",0,0,0,0,0,0,0,0,"74,834.14","4,193.98",96.86,"1,698.78",0,"1,940.07","1,637.30",196.23,91.15,"2,646.84",654.49,0,0,"13,155.71","6,877.73", ,,"3,382.90", ,61.81, ,89.44,"6,877.73","3,382.90",151.25,"10,411.88",223.18,223.18,,,  -   ,"353,706.74"
Saint Kitts and Nevis,0,0,0,0,0,0,0,0,0,0,0,0,0,0,0,0,0,0,0,0,0,0,0,0,0,0,0,0,0,0,0,0,0,0,0,0,0,0,0,0,0,0,0,0, , , , , , , , ,  -   ,  -   ,  -   ,  -   ,,  -   ,,,  -   ,0
Saint Lucia,0,295.7,0,0,0,0.19,295.89,0,0,0,0,0,0,0,0,0,0,0,0,0,0,0,0,0,0,0,0,0,0,0,0,38.07,0.75,32.29,0.32,1.49,24.86,2.17,5.37,6.76,6.03,3.39,0.19,121.7, , , , , , , , ,  -   ,  -   ,  -   ,  -   ,,  -   ,,,  -   ,417.59
Saint Vincent and the Grenadines,18.99,67.75,0,0,0,0.06,86.81,0,0,0,0,0,0,0,0,0,0,0,0,0,0,0,0,0,0,0,0,0,0,0,0,67.62,1.46,56.19,0.38,2.89,45.26,4.21,8.67,11.49,11.69,6.57,0.23,216.66, , , , , , , , ,  -   ,  -   ,  -   ,  -   ,,  -   ,,,  -   ,303.47
Samoa,0,356.79,0,0,0,0.23,357.02,0,0,0,0,0,0,0,0,0,0,0,0,0,0,0,0,0,0,0,0,0,0,0,0,0,0,0,0,0,0,0,0,0,0,0,0,0, , , , , , , , ,  -   ,  -   ,  -   ,  -   ,,  -   ,  -   ,,  -   ,357.02
San Marino,0,0,0,0,0,0,0,0,0,0,0,0,0,0,0,0,0,0,0,0,0,0,0,0,0,0,0,0,0,0,0,0,0,0,0,0,0,0,0,0,0,0,0,0, , , , , , , , ,  -   ,  -   ,  -   ,  -   ,,  -   ,,,  -   ,0
Sao Tome and Principe,45.49,529.7,0,0,0,0.39,575.58,0,0,0,0,600.45,0,0,0,0,0,0,0,0,0,600.45,0,0,0,0,0,0,0,0,600.45,4.51,0.04,1.84,0,2.03,1.91,0.27,0.05,2.81,0.87,0,0,14.31,17.98, ,25.46,4.53, ,2.37, ,3.16,43.44,4.53,5.53,53.5,5.69,5.69,,  -   ,  -   ,"1,849.98"
Saudi Arabia,619.11,"39,352.62",0,0,0,26.01,"39,997.74",0,87.13,0,0,0,0,0,0,0,0,0,0,0,0,87.13,111.09,0,0,0,0,0,0,111.09,198.22,0,0,0,0,0,0,0,0,0,0,0,0,0, , , , , , , , ,  -   ,  -   ,  -   ,  -   ,,  -   ,,,  -   ,"40,283.09"
Senegal,"10,485.86","149,626.38",3.09,0.48,7.95,62.22,"160,185.97","28,473.17",0,0,0,"23,567.81",0,0,0,0,0,0,0,0,0,"52,040.98",0,0,0,0,0,0,0,0,"52,040.98",352.38,52.57,117.83,0,181.99,111.94,0,40.13,192.21,0,0,0,"1,049.05", , , , , , , , ,  -   ,  -   ,  -   ,  -   ,"1,901.38","1,901.38",,  -   ,  -   ,"267,218.36"
Serbia,"4,291.82","2,187.40",1.49,0.23,1.93,0.45,"6,483.32",0,0,0,0,0,0,0,0,0,0,0,0,0,0,0,0,0,0,0,0,0,0,0,0,41.85,0.07,17.26,0,18.78,17.76,2.54,0.28,26.34,8.27,0,0,133.15, , , , , , , , ,  -   ,  -   ,  -   ,  -   ,,  -   ,,,  -   ,"6,616.47"
Seychelles,4.49,109.94,0,0,0,0.08,114.51,0,0,0,0,0,0,0,0,0,0,0,0,0,0,0,0,0,0,0,0,0,0,0,0,10.11,0.05,4.16,0,4.56,4.22,0.59,0.09,6.38,1.92,0,0,32.08,0.68,0.78, ,1.25,1.02,1.29,1.74, ,1.46,2.26,3.03,6.75,,  -   ,,,  -   ,153.34
Sierra Leone,"7,620.11","104,358.89",0,0,0,74.86,"112,053.86","530,299.58",0,0,0,"407,881.84",0,0,0,0,0,0,0,0,0,"938,181.42",0,0,0,0,0,0,0,0,"938,181.42","1,633.05",28.4,659.59,0,744.41,675.94,88.88,29.61,"1,012.05",289.53,0,0,"5,161.47","1,417.29", ,,"1,529.90", ,30.13, ,43.39,"1,417.29","1,529.90",73.52,"3,020.72",43.89,43.89,,  -   ,  -   ,"1,996,642.78"
Singapore,111.4,"3,863.20",0.34,0.05,0.45,0.13,"3,975.59",0,0,0,0,0,0,0,0,0,0,0,0,0,0,0,0,0,0,0,0,0,0,0,0,8.4,0.62,3.13,0,4.09,3.08,0.25,0.5,4.97,0.81,0,0,25.85, , , , , , , , ,  -   ,  -   ,  -   ,  -   ,,  -   ,,,  -   ,"4,001.43"
Sint Maarten (Dutch part),0,0,0,0,0,0,0,0,0,0,0,0,0,0,0,0,0,0,0,0,0,0,0,0,0,0,0,0,0,0,0,0,0,0,0,0,0,0,0,0,0,0,0,0, , , , , , , , ,  -   ,  -   ,  -   ,  -   ,,  -   ,,,  -   ,0
Slovakia,3.92,"2,624.13",0.2,0.03,0.56,0.27,"2,629.11",0,0,0,0,0,0,0,0,0,0,0,0,0,0,0,0,0,0,0,0,0,0,0,0,7.11,0,2.97,0,3.21,2.87,0.39,0.04,4.59,1.31,0,0,22.5, , , , , , , , ,  -   ,  -   ,  -   ,  -   ,,  -   ,,,  -   ,"2,651.62"
Slovenia,4.35,857.01,0,0,0,0.56,861.92,0,0,0,0,0,0,0,0,0,0,0,0,0,0,0,0,0,0,0,0,0,0,0,0,0.11,0.02,0.04,0,0.06,0.03,0,0.01,0.06,0,0,0,0.34, , , , , , , , ,  -   ,  -   ,  -   ,  -   ,,  -   ,,,  -   ,862.25
Solomon Islands,0,"7,282.96",0,0,0,4.7,"7,287.66",663.22,0,0,0,0,0,0,0,0,0,0,0,0,0,663.22,0,0,0,0,459.53,0,0,459.53,"1,122.75",0,0,0,0,0,0,0,0,0,0,0,0,0,0.36,0.33, ,32.86,18.88,1.9,2.28, ,0.69,51.74,4.18,56.61,,  -   ,,,  -   ,"9,130.24"
Somalia,"17,629.37","292,890.98",0,0,0,91.3,"310,611.65",0,"77,710.13",0,0,0,0,0,0,0,0,0,0,0,0,"77,710.13",0,0,0,0,0,0,0,0,"77,710.13",369.25,1.46,151.18,0,165.37,159.31,22.99,3.18,229.55,74.25,0,0,"1,176.53", , , , , , , , ,  -   ,  -   ,  -   ,  -   ,"2,411.01","2,411.01",,,  -   ,"469,619.44"
South Africa,"383,849.96","386,295.48",860.05,133.15,"1,821.32",628.02,"773,587.98","1,616.16",0,0,0,0,0,0,0,0,0,0,0,"1,353.21","1,463.63","4,432.99",0,0,0,0,0,0,0,0,"4,432.99","47,720.86",408.76,"19,579.51",0,"21,636.35","19,687.82","2,665.48",548.73,"30,088.32","8,761.73",0,0,"151,097.56",173.26, ,220.78,"1,105.08", ,701.41, ,676.72,394.05,"1,105.08","1,378.14","2,877.26",852.1,852.1,,,  -   ,"937,280.88"
South Sudan,0,0,0,0,0,172.71,172.71,0,0,0,0,"8,352.70",0,0,0,0,0,0,0,0,0,"8,352.70",0,"98,926.68",0,0,0,0,0,"98,926.68","107,279.37",105.88,15.78,35.41,0,54.69,33.62,0,12.05,57.78,0,0,0,315.21, , , , , , , , ,  -   ,  -   ,  -   ,  -   ,,  -   ,,,  -   ,"116,119.99"
Spain,"1,469.97","21,948.44",0,0,0,0.23,"23,418.64",0,0,0,0,0,0,0,0,0,0,0,0,0,0,0,0,0,0,0,0,0,0,0,0,165.89,0.21,68.53,0,74.48,70.11,9.98,1.05,104.69,32.64,0,0,527.59, , , , , , , , ,  -   ,  -   ,  -   ,  -   ,,  -   ,,,  -   ,"23,946.23"
Sri Lanka,571.74,"67,379.95",0.67,0.1,1.36,0.57,"67,954.39",0,0,0,0,0,0,0,0,0,1,0,0,0,0,1,112.41,0,0,0,0,0,0,112.41,113.41,129.97,0.64,53.32,0,58.45,55.17,7.8,1.19,81.32,25.36,0,0,413.21, , , , , , , , ,  -   ,  -   ,  -   ,  -   ,,  -   ,,,  -   ,"68,482.01"
Sudan,"6,608.26","298,007.25",7.16,1.11,24.5,198.83,"304,847.11",0,"1,786,332.97",0,0,0,0,0,0,0,0,0,0,0,0,"1,786,332.97",0,"53,190.43",0,"53,190.43",0,0,0,"106,380.86","1,892,713.82","3,535.41",50.63,"1,428.77",0,"1,600.03","1,496.90",204.47,57.06,"2,178.32",660.45,0,0,"11,212.06", , , , , , , , ,  -   ,  -   ,  -   ,  -   ,712.82,712.82,,0.38,0.38,"3,995,819.15"
Suriname,125.66,380.94,0,0,0,0.37,506.97,6.34,0,0,0,0,0,0,0,0,0,0,0,0,0,6.34,12.75,0,0,0,0,0,0,12.75,19.09,589.09,1.07,243.43,0,264.84,247.73,35.04,3.94,372.32,114.79,0,0,"1,872.26", , , , , , , , ,  -   ,  -   ,  -   ,  -   ,,  -   ,,,  -   ,"2,404.66"
Swaziland,"17,378.21","5,963.87",87.09,13.48,187.26,23.79,"23,653.70",17.01,0,0,0,0,0,0,0,0,0,0,0,0,0,17.01,0,0,0,0,0,0,0,0,17.01,"8,735.53",88.73,"3,585.93",0,"3,977.36","3,548.78",469.92,109.24,"5,533.92","1,553.43",0,0,"27,602.85",12.62, ,16.08,128.03, ,19.71, ,25.57,28.7,128.03,45.28,202,9.29,9.29,,,  -   ,"51,501.86"
Sweden,97.38,498.49,0.98,0.15,2.44,0.05,599.49,0,0,0,0,0,0,0,0,0,0,0,0,0,0,0,0,0,0,0,0,0,0,0,0,1.14,0.16,0.39,0,0.6,0.35,0,0.12,0.65,0,0,0,3.4, , , , , , , , ,  -   ,  -   ,  -   ,  -   ,,  -   ,,,  -   ,602.89
Switzerland,54.46,278.75,0.22,0.03,0.6,0.05,334.12,0,0,0,0,0,0,0,0,0,0,0,0,0,0,0,0,0,0,0,0,0,0,0,0,8.42,1.17,2.84,0,4.42,2.6,0,0.89,4.76,0,0,0,25.09, , , , , , , , ,  -   ,  -   ,  -   ,  -   ,,  -   ,,,  -   ,359.2
Syrian Arab Republic,"1,146.87","28,056.97",2.88,0.45,8.98,8.94,"29,225.10",0,0,0,0,0,0,0,0,0,0,0,0,0,0,0,0,0,0,0,0,0,0,0,0,0,0,0,0,0,0,0,0,0,0,0,0,0, , , , , , , , ,  -   ,  -   ,  -   ,  -   ,,  -   ,,,  -   ,"29,225.10"
Tajikistan,642.53,"38,796.01",39.57,6.13,97.73,37.7,"39,619.67",0.15,0,0,0,0,0,0,0,0,0,0,0,0,0,0.15,15.57,0,0,0,0,0,0,15.57,15.73,317.18,0.29,130.61,0,141.87,136.39,19.8,1.99,198.57,64.21,0,0,"1,010.92", , , , , , , , ,  -   ,  -   ,  -   ,  -   ,,  -   ,,,  -   ,"40,646.47"
Tanzania,"145,237.94","360,720.81",0,0,0,376.08,"506,334.83","4,465,519.19",0,0,0,0,0,0,0,0,0,0,0,0,0,"4,465,519.19",0,0,0,0,0,0,0,0,"4,465,519.19","133,710.06","1,887.38","54,376.23",0,"60,852.32","55,089.05","7,292.55","2,090.78","83,537.51","23,886.67",0,0,"422,722.54", , , , , , , , ,  -   ,  -   ,  -   ,  -   ,"10,980.87","10,980.87",,31.99,31.99,"9,871,108.61"
Thailand,"36,624.69","292,109.37",1.33,0.21,4.06,224.64,"328,964.29",0,0,0,489.73,0,0,0,0,0,0,0,0,0,0,489.73,679.12,0,0,0,0,0,0,679.12,"1,168.85","32,825.98",397.92,"13,420.95",0,"14,970.70","13,352.72","1,756.87",458.76,"20,710.11","5,793.27",0,0,"103,687.29", , , , , , , , ,  -   ,  -   ,  -   ,  -   ,,  -   ,  -   ,,  -   ,"434,310.16"
The Former Yugoslav Republic of Macedonia,0,"2,745.55",1.76,0.27,4.89,0.71,"2,753.18",0,0,0,0,0,0,0,0,0,0,0,0,0,0,0,0,0,0,0,0,0,0,0,0,0.05,0.01,0.02,0,0.02,0.01,0,0,0.03,0,0,0,0.14, , , , , , , , ,  -   ,  -   ,  -   ,  -   ,,  -   ,,,  -   ,"2,753.32"
Timor-Leste,0,0,0,0,0,0,0,0,0,0,0,0,0,0,0,0,0,0,0,0,0,0,0,0,0,0,0,0,0,0,0,0,0,0,0,0,0,0,0,0,0,0,0,0, , , , , , , , ,  -   ,  -   ,  -   ,  -   ,,  -   ,112.56,,112.56,112.56
Togo,"26,855.83","104,605.58",0,0,0,94,"131,555.42","81,426.59",0,0,0,"69,300.34",0,0,0,0,0,0,0,0,0,"150,726.93",0,0,0,0,0,0,0,0,"150,726.93","4,281.68",53.81,"1,747.51",0,"1,947.96","1,756.79",232.86,61.79,"2,687.85",765.27,0,0,"13,535.53", , , , , , , , ,  -   ,  -   ,  -   ,  -   ,"3,009.04","3,009.04",,,  -   ,"449,553.84"
Tokelau,0,0,0,0,0,0,0,0,0,0,0,0,0,0,0,0,0,0,0,0,0,0,0,0,0,0,0,0,0,0,0,0,0,0,0,0,0,0,0,0,0,0,0,0, , , , , , , , ,  -   ,  -   ,  -   ,  -   ,,  -   ,,,  -   ,0
Tonga,0,220.68,0,0,0,0.14,220.82,0,0,0,0,0,0,0,0,0,0,0,0,0,0,0,0,0,0,0,0,0,0,0,0,0,0,0,0,0,0,0,0,0,0,0,0,0, , , , , , , , ,  -   ,  -   ,  -   ,  -   ,,  -   ,,,  -   ,220.82
Trinidad and Tobago,168.03,868.22,0,0,0,0.73,"1,036.98",0,0,0,0,0,0,0,0,0,0,0,0,0,0,0,0,0,0,0,0,0,0,0,0,343.69,9.26,269.16,0.08,18.38,235.2,26.4,37.64,55.95,73.38,41.34,0.05,"1,110.52", , , , , , , , ,  -   ,  -   ,  -   ,  -   ,,  -   ,,,  -   ,"2,147.50"
Tunisia,428.84,"13,956.90",1.71,0.27,6.03,0.6,"14,394.34",0,0,0,0,0,0,0,0,0,0,0,0,0,0,0,0,0,0,0,0,0,0,0,0,32.99,0.1,13.54,0,14.78,14.2,2.05,0.26,20.57,6.63,0,0,105.11, , , , , , , , ,  -   ,  -   ,  -   ,  -   ,,  -   ,,,  -   ,"14,499.46"
Turkey,"1,991.52","123,323.77",97.01,15.02,249.78,17.19,"125,694.28",0,0,0,0,0,0,0,0,0,0,0,0,0,0,0,0,0,0,0,0,0,0,0,0,25.52,0.01,10.59,0,11.47,10.67,1.51,0.14,16.22,4.96,0,0,81.08, , , , , , , , ,  -   ,  -   ,  -   ,  -   ,,  -   ,,,  -   ,"125,775.37"
Turkmenistan,0,"37,862.24",0,0,0,6.8,"37,869.04",0,0,0,0,0,0,0,0,0,0,0,0,0,0,0,0,0,0,0,0,0,0,0,0,1.38,0.19,0.46,0,0.72,0.42,0,0.14,0.78,0,0,0,4.1, , , , , , , , ,  -   ,  -   ,  -   ,  -   ,,  -   ,,,  -   ,"37,873.14"
Turks and Caicos Islands,0,0,0,0,0,0,0,0,0,0,0,0,0,0,0,0,0,0,0,0,0,0,0,0,0,0,0,0,0,0,0,0,0,0,0,0,0,0,0,0,0,0,0,0, , , , , , , , ,  -   ,  -   ,  -   ,  -   ,,  -   ,,,  -   ,0
Tuvalu,0,0,0,0,0,0,0,0,0,0,0,0,0,0,0,0,0,0,0,0,0,0,0,0,0,0,0,0,0,0,0,0,0,0,0,0,0,0,0,0,0,0,0,0, , , , , , , , ,  -   ,  -   ,  -   ,  -   ,,  -   ,  -   ,,  -   ,0
Uganda,"340,415.48","443,612.21",7.07,1.09,15.9,101.23,"784,152.98","3,399,503.48",0,0,0,0,0,0,0,0,0,0,0,0,0,"3,399,503.48",0,0,0,0,0,0,0,0,"3,399,503.48","93,871.15","1,326.57","38,220.80",0,"42,762.43","38,469.35","5,061.60","1,463.21","58,799.73","16,622.95",0,0,"296,597.79", , , , , , , , ,  -   ,  -   ,  -   ,  -   ,"8,421.81","8,421.81",,  -   ,  -   ,"7,888,179.53"
Ukraine,"32,537.09","249,688.79","1,458.98",225.88,"2,513.62",247.14,"286,671.50",0,0,0,0,0,0,0,0,0,0,0,0,0,0,0,0,0,0,0,0,0,0,0,0,"5,621.17",30.42,"2,299.31",0,"2,525.55","2,404.66",342.29,53.87,"3,500.42","1,108.17",0,0,"17,885.86", , , , , , , , ,  -   ,  -   ,  -   ,  -   ,,  -   ,,,  -   ,"304,557.36"
United Arab Emirates,85.09,"2,601.91",0,0,0,1.76,"2,688.76",0,0,0,0,0,0,0,0,0,0,0,0,0,0,0,0,0,0,0,0,0,0,0,0,35.09,0.17,14.43,0,15.81,14.74,2.06,0.31,22.07,6.74,0,0,111.44, , , , , , , , ,  -   ,  -   ,  -   ,  -   ,,  -   ,,,  -   ,"2,800.20"
United Kingdom of Great Britain and Northern Ireland,"3,483.43","17,831.05",6.69,1.04,16.44,1.04,"21,339.68",0,0,0,0,0,0,0,0,0,0,0,0,0,0,0,0,0,0,0,0,0,0,0,0,28.53,3.95,9.61,0,14.97,8.8,0,3,16.11,0,0,0,84.95, , , , , , , , ,  -   ,  -   ,  -   ,  -   ,,  -   ,,,  -   ,"21,424.63"
United States,"2,413.29","39,882.90",0,0,0,28.12,"42,324.31",0,0,0,0,0,0,0,0,0,0,0,0,0,0,0,0,0,0,0,0,0,0,0,0,"1,156.17",31.03,906.43,0.43,61.63,790.35,88.52,127.3,188.6,246.02,138.6,0.26,"3,735.34", , , , , , , , ,  -   ,  -   ,  -   ,  -   ,,  -   ,,,  -   ,"46,059.65"
Uruguay,300.21,"2,392.18",0.19,0.03,0.35,1.84,"2,694.81",0,0,0,0,0,0,0,0,0,0,0,0,0,0,0,0,0,0,0,0,0,0,0,0,359.78,9.1,286.57,0.43,18.05,247.43,26.17,39.8,58.02,72.66,40.88,0.26,"1,159.16", , , , , , , , ,  -   ,  -   ,  -   ,  -   ,,  -   ,,,  -   ,"3,853.97"
US Virgin Islands,0,0,0,0,0,0,0,0,0,0,0,0,0,0,0,0,0,0,0,0,0,0,0,0,0,0,0,0,0,0,0,0,0,0,0,0,0,0,0,0,0,0,0,0, , , , , , , , ,  -   ,  -   ,  -   ,  -   ,,  -   ,,,  -   ,0
Uzbekistan,"1,907.28","135,928.79",121.55,18.82,426.12,211.21,"138,613.77",0,0,0,0,0,0,0,0,0,0,0,0,0,0,0,0,0,0,0,0,0,0,0,0,421.87,2.87,172.27,0,190.05,179.53,25.3,4.45,262.76,81.97,0,0,"1,341.09", , , , , , , , ,  -   ,  -   ,  -   ,  -   ,,  -   ,,,  -   ,"139,954.86"
Vanuatu,0,"2,357.46",0,0,0,1.52,"2,358.99",10.13,0,0,0,0,0,0,0,0,0,0,0,0,0,10.13,0,0,0,0,16.51,0,0,16.51,26.64,0,0,0,0,0,0,0,0,0,0,0,0,0,15.82,14.67, ,13.27,7.63,0.63,0.76, ,30.49,20.9,1.4,52.79,,  -   ,,,  -   ,"2,448.54"
Venezuela,"2,175.62","32,876.26",0,0,0,23.36,"35,075.23",0,0,0,0,0,0,0,0,0,0,0,0,0,0,0,26.24,0,0,0,0,0,0,26.24,26.24,"1,220.48",30.94,972.75,2.2,61.39,831.36,88.67,139.51,200.53,246.28,138.64,1.31,"3,934.07",191.87, ,195.7,24.86, ,161.41, ,387.35,387.58,24.86,548.77,961.2,42.86,42.86,,,  -   ,"40,039.60"
Viet Nam,"28,599.78","483,209.13",15.19,2.35,32.27,340.04,"512,198.75",0,0,571.5,0,0,0,0,0,0,0,0,0,0,0,571.5,254.81,0,0,0,0,0,0,254.81,826.3,"14,269.24",162.34,"5,824.63",0,"6,487.22","5,883.03",787.68,193.74,"8,955.28","2,582.73",0,0,"45,145.89", , , , , , , , ,  -   ,  -   ,  -   ,  -   ,,  -   ,,,  -   ,"558,742.44"
Wallis and Futuna Islands,0,0,0,0,0,0,0,0,0,0,0,0,0,0,0,0,0,0,0,0,0,0,0,0,0,0,0,0,0,0,0,0,0,0,0,0,0,0,0,0,0,0,0,0, , , , , , , , ,  -   ,  -   ,  -   ,  -   ,,  -   ,,,  -   ,0
West Bank and Gaza Strip,0,0,0,0,0,0,0,0,0,0,0,0,0,0,0,0,0,0,0,0,0,0,0,0,0,0,0,0,0,0,0,0,0,0,0,0,0,0,0,0,0,0,0,0, , , , , , , , ,  -   ,  -   ,  -   ,  -   ,,  -   ,,,  -   ,0
Yemen,0,"237,963.50",0,0,0,14.25,"237,977.75",0,"64,662.03",0,0,0,0,0,0,0,0,0,0,0,0,"64,662.03",617.83,0,0,0,0,0,0,617.83,"65,279.86",0,0,0,0,0,0,0,0,0,0,0,0,0, , , , , , , , ,  -   ,  -   ,  -   ,  -   ,"1,317.88","1,317.88",,  -   ,  -   ,"369,237.52"
Zambia,"125,717.52","102,242.08",0,0,0,190.02,"228,149.63","601,688.29",0,0,0,0,0,0,0,0,0,0,0,0,0,"601,688.29",0,0,0,0,0,0,0,0,"601,688.29","8,488.40",151.68,"3,454.23",0,"3,895.70","3,387.24",426.1,153.45,"5,350.69","1,412.88",0,0,"26,720.38", , , , , , , , ,  -   ,  -   ,  -   ,  -   ,  -   ,  -   ,,  -   ,  -   ,"1,458,246.59"
Zimbabwe,"192,438.06","85,114.52",11.28,1.75,24.24,244.8,"277,834.66","6,540.44",0,0,0,0,0,0,0,0,0,0,0,0,0,"6,540.44",0,0,0,0,0,0,0,0,"6,540.44","46,707.81",702.86,"19,019.08",0,"21,330.67","18,980.05","2,465.05",755.13,"29,330.72","8,120.25",0,0,"147,411.64", , , , , , , , ,  -   ,  -   ,  -   ,  -   ,  -   ,  -   ,,  -   ,  -   ,"438,327.17"
