,,,,,,,,,,,,,,,,,,,"3,804,963.14",,,,,Impact Scores,,,,,,,,,,,,,Group A,Group B,,,Group B,Group A,,,,,,,,,,,,,,,,,,Zeke's Benin AZT impact calculations (adults),Zeke's Benin AZT impact calculations (children),,,,,,,,,,,,,,,,,,,,,,,
,,,,,,,,,,,Overall (Adults & Children),,,Adults,,,Children,,,,,=Col U * Col Q,=Col V * Col T,,,,,,,,,,,,,,Low- and Middle-Income Countries excluding region of the Americas,Low- and Middle-Income Countries in the Americas,,Antiretroviral Treatment Breakdown Summary,,,,Group B,,,,,,,,,,,,,,,11618.96397,3872.987991,1196.95847,,,,,,,,,,,"used inColumn L, N",,,,,,"used in Column Q, R, S, T",,,,,,
Country,WHO Region,Population,Geographical Region,WHO Group,Total DALY,Adult DALYs,Children DALYs,Retention Rate,Retention Rate (ADULT),Retention Rate (CHILD),# Receiving Treatment,# Needing Treatment,% Treatment Coverage,# Receiving Treatment,# Needing Treatment,% Treatment Coverage,# Receiving Treatment,# Needing Treatment,% Treatment Coverage,Estimated adults (15+) living with HIV,Estimated children (0-14) living with HIV,# Adult Prevalent Cases Receiving Treatment,# Children Prevalent Cases Receiving Treatment,Impact of 3TC,Impact of ABC,Impact of AZT,Impact of ddl,Impact of d4T,Impact of EFV,Impact of FTC,Impact of LPV/r,Impact of NVP,Impact of TDF,Impact of ATV/r,Overall Treatment Impact,,,,,,93.15%,6.85%,,First-line Regimens used by adults and adolescents (America) in 2012,,,,,Second-line Regimens used by adults and adolescents  (America) in 2012,,,,,,Originator Company,Drug(s),Final Impact,,,1189.034336,205.2342861,,HIV RETENTION RATE (used in column I-K),,,,,,,,,http://apps.who.int/gho/data/view.main.23300?lang=en,Estimated antiretroviral therapy coverage among people living with HIV (%),Reported number of people receiving antiretroviral therapy,"Reported number of people receiving antiretroviral therapy, month and year of report",Cleaned coverage,Cleaned number of people receiving antiretroviral therapy,http://apps.who.int/gho/data/view.main.23300PA,Estimated antiretroviral therapy coverage among children,Estimated number of children needing antiretroviral therapy based on WHO methods,Reported number of children receiving antiretroviral therapy,Cleaned Coverage (child),Cleaned Estimated Needing (child),Cleaned Receiving Number (child)
,,,,,,,,max of RR and 97.14 (1/35),max of RR and 97.14 (1/35),max of RR and 97.14 (1/35),2014 data,"No data provided, 2014 data x tc as estimate",Used  2014 values instead of 2010,=Col L - Col R,=Col M - Col S,=Col O / Col P,"522,795",,Used  2014 values instead of 2010,"47,571,877","4,073,368",19.97%,27.08%,"1,657,585.18","23,397.50","864,338.42","3,816.45","565,363.09","485,058.31","162,518.00","49,601.99","1,283,039.54","374,543.94","6,929.70",,,109 COUNTRIES,24 COUNTRIES,,ADULTS,97.42%,91.89%,,,,,,,,,,,,,,,,,,50.56893719,9.000314671,,Adult & Children,,Year,Adult,,Year,Children,,Year,Country,2014,2014,2014,,,Country,2014,2014,2014,,,
Afghanistan,EMR,"31,731,688","East, South and South-East Asia",A,"6,800.82","5,935.01",865.82,24.00,23.00,46.00,281.00,"7,025",4.00%,265,"6,525",4.06%,16.00,500.00,4.00%,"3,500","2,670",142.15,106.81,49.43,0.54,25.10,0.12,17.48,14.62,5.12,1.38,38.72,11.67,0.00,164.19,,Afghanistan,Belize,,First-Line Regimens,85.43%,96.24%,,,,70.37%,,70.37%,,,64.31%,,64.31%,,Shire Pharmaceuticals,3TC,"1,657,585.18",,,0,2.398517424,,Dominica,75,2013,Afghanistan,23,2013,Afghanistan,46,2013,Afghanistan,4 [3-8],281,Dec. 2014,4.00%,281.00,Afghanistan,4 [3 - 8],&lt;500 [&lt;500-&lt;1000],16,4.00%,500,16
Albania,EUR,"2,895,092",Europe and Central Asia,A,85.12,83.57,1.55,97.14,97.14,97.14,354.00,,0.00%,354,,0.00%,,,0.00%,,,,,0.00,0.00,0.00,0.00,0.00,0.00,0.00,0.00,0.00,0.00,0.00,0.00,,Albania,Bolivia,,Second-Line Regimens,14.57%,3.76%,,,adult,adult,children,children,,adult,adult,children,children,,Boehringer Ingelheim,NVP,"1,283,039.54",,,16.80914691,3.033985367,,Algeria,90,2013,Armenia,84,2013,Armenia,100,2013,Albania,No data,354,Dec. 2014,,354.00,Albania,No data,No data,No data,,,
Algeria,AFR,"38,338,562",Middle East and North Africa,A,"4,116.87","4,059.28",57.58,90.00,90.00,89.00,"6,020.00","10,561",57.00%,"6,020","10,561",57.00%,,,0.00%,"38,031","2,037","21,677.47",0.00,59.87,0.11,29.88,0.11,21.68,17.73,6.61,1.55,47.36,15.06,0.00,199.97,,Algeria,Brazil,,,,,,Regimens,percentage,efficacy,percentage,efficacy,Regimens,percentage,efficacy,percentage,efficacy,,GlaxoSmithKline,"ABC, AZT","887,735.92",,,8.884226017,,,Egypt,73,2013,Azerbaijan,76,2013,Azerbaijan,75,2013,Algeria,57 [14->95],6 020,Dec. 2014,57.00%,"6,020.00",Algeria,No data,No data,No data,,,
American Samoa,WPR,"55,307",,A,108.87,101.09,7.78,97.14,97.14,97.14,,,36.37%,,,36.37%,,,22.35%,,,,,0.27,0.00,0.14,0.00,0.10,0.08,0.03,0.01,0.22,0.07,0.00,0.91,,American Samoa,Colombia,,,,,,AZT + 3TC + NVP,9.90%,81.93%,9.90%,81.93%,TDF + 3TC + ATV/r,21.00%,65.00%,21.00%,65.00%,,Bristol-Myers Squibb,"ddl, d4T, ATV/r","576,109.24",,,,,,Ethiopia,81,2013,Burundi,91,2013,Burundi,92,2013,Andorra,No data,No data,No data,,,Andorra,No data,No data,No data,,,
Andorra,EUR,"80,788",,A,61.84,61.77,0.07,97.14,97.14,97.14,,,36.37%,,,36.37%,,,22.35%,,,,,0.16,0.00,0.08,0.00,0.06,0.05,0.02,0.00,0.13,0.04,0.00,0.54,,Angola,Costa Rica,,CHILDREN,2.58%,8.12%,,ABC + 3TC + LPV/r,6.40%,63.00%,6.40%,63.00%,AZT + 3TC + LPV/r,25.00%,50.00%,25.00%,50.00%,,"Gilead Sciences, Inc","FTC, TDF","537,061.94",,,,,,Fiji,70,2013,Bangladesh,93,2013,Bangladesh,88,2013,Angola,25 [18-36],76 666,No data,,"76,666.00",Angola,No data,No data,No data,,,
Angola,AFR,"25,998,340",Sub-Saharan Africa,A,"670,361.24","491,708.86","178,652.38",92.00,97.14,97.14,"76,666.00","213,940",35.84%,"76,666","213,940",35.84%,,,35.84%,"190,000","28,000","68,086.99","10,033.87","4,893.79",96.67,"2,629.70",13.50,"1,680.22","1,269.76",399.48,123.74,"3,916.29",911.37,0.00,"15,934.52",,Armenia,Cuba,,First-Line Regimens,82.10%,96.55%,,AZT + 3TC + EFV,35.00%,73.00%,35.00%,70.67%,ABC + ddl + LPV/r,1.00%,65.20%,1.00%,65.20%,,Merck,EFV,"485,058.31",,,,,,United Kingdom of Great Britain and Northern Ireland,90,2013,Bulgaria,66,2013,Bulgaria,100,2013,Antigua and Barbuda,No data,No data,No data,,,Antigua and Barbuda,No data,No data,No data,,,
Anguilla,AMR,"13,864",,B,0.00,,,97.14,97.14,97.14,,,36.37%,,,36.37%,,,22.35%,,,,,0.00,0.00,0.00,0.00,0.00,0.00,0.00,0.00,0.00,0.00,0.00,0.00,,Azerbaijan,Dominica,,Second-Line Regimens,17.90%,3.45%,,TDF + 3TC + NVP,2.70%,65.50%,2.70%,65.50%,ABC + 3TC + LPV/r,3.00%,63.00%,3.00%,63.00%,,Abbot Laboratories,LPV/r,"49,601.99",,,,,,Georgia,86,2013,Bahamas,54,2013,Bahamas,100,2013,Argentina,47 [29-64],59 751,Dec. 2014,47.00%,"59,751.00",Argentina,No data,No data,No data,,,
Antigua and Barbuda,AMR,"97,824",,B,387.71,368.28,19.44,6.00,97.14,97.14,,,36.37%,,,36.37%,,,22.35%,,,,,27.36,2.57,15.68,0.04,0.43,20.17,5.19,4.46,3.97,14.07,3.78,93.95,,Bangladesh,Dominican Republic,,,,,,TDF + 3TC + EFV,18.20%,78.00%,18.20%,78.83%,TDF + 3TC + LPV/r,21.00%,83.00%,21.00%,83.00%,,,,,,,,,,Ghana,90,2013,Bosnia and Herzegovina,100,2013,Belarus,100,2013,Armenia,19 [13-28],741,Dec. 2014,19.00%,741.00,Armenia,No data,No data,20,,,20
Argentina,AMR,"42,539,925",Latin America and the Caribbean,B,"87,981.61","83,656.72","4,324.88",97.14,97.14,97.14,"59,751.00","127,130",47.00%,"59,751","127,130",47.00%,,,100.00%,"93,000","3,325","43,710.00","3,324.88",267.96,23.25,154.53,0.40,4.14,198.49,51.58,43.30,38.39,136.19,36.67,918.23,,Belarus,Ecuador,,,93.15%,,,TDF + FTC + EFV,12.40%,75.11%,12.40%,77.40%,ABC + 3TC + ATV/r,2.00%,,2.00%,,,Overall Impact for HIV drugs,,"5,476,192.13",,,,,,Guinea,75,2013,Belarus,80,2013,Brazil,86,2013,Australia,High-income country,No data,No data,,,Australia,No data,No data,No data,,,
Armenia,EUR,"2,893,509",Europe and Central Asia,A,"1,344.85","1,112.49",232.36,84.00,84.00,97.14,741.00,"3,900",19.00%,721,"3,900",18.49%,20.00,,0.00%,"3,200",197,591.59,0.00,7.90,0.01,3.89,0.01,2.85,2.46,0.93,0.22,6.17,2.11,0.00,26.57,,Benin,El Salvador,,,,,,TDF + FTC + NVP,1.00%,63.90%,1.00%,69.02%,TDF + FTC + ATV/r,3.00%,79.42%,3.00%,79.42%,,,,,,,,,,Gambia,84,2013,Brazil,89,2013,China,89,2013,Austria,High-income country,No data,No data,,,Austria,No data,No data,No data,,,
Aruba,AMR,"103,187",,B,0.00,,,97.14,97.14,97.14,,,36.37%,,,36.37%,,,22.35%,,,,,0.00,0.00,0.00,0.00,0.00,0.00,0.00,0.00,0.00,0.00,0.00,0.00,,Bhutan,Grenada,,,,,,TDF + 3TC + LPV/r,1.40%,83.00%,1.40%,83.00%,TDF + FTC + LPV/r,2.00%,71.25%,2.00%,71.25%,,,,,,,,,,Guinea-Bissau,69,2013,Barbados,90,2013,C么te d'Ivoire,40,2013,Azerbaijan,22 [14-32],1 816,Dec. 2014,22.00%,"1,816.00",Azerbaijan,No data,No data,No data,,,
Australia,WPR,"23,117,353",,A,"5,510.00","5,388.57",121.43,97.14,97.14,97.14,,,36.37%,,,36.37%,,,22.35%,"2,310",,840.12,,14.13,0.04,7.02,0.03,5.10,4.27,1.59,0.38,11.10,3.62,0.00,47.28,,Bosnia and Herzegovina,Guatemala,,,Group A Adults 1st line,80.27%,,TDF + FTC + LPV/r,1.40%,67.50%,1.40%,71.25%,AZT + 3TC + ATV/r,19.00%,75.70%,19.00%,75.70%,,"Treatment Coverage By Region, Age Group & Sex (2010 data)",,,,"% Necessary for missing data (Columns N, Q, T)",,,,Equatorial Guinea,82,2013,China,85,2013,Algeria,89,2013,Bahamas,High-income country,1 852,Dec. 2014,,"1,852.00",Bahamas,No data,No data,No data,,,
Austria,EUR,"8,479,375",Europe and Central Asia,A,"3,808.71","3,751.65",57.06,97.14,97.14,97.14,,,0.00%,,,0.00%,,,0.00%,"11,399",15,0.00,0.00,0.00,0.00,0.00,0.00,0.00,0.00,0.00,0.00,0.00,0.00,0.00,0.00,,Botswana,Guyana,,,Group A Adults 2nd line,70.25%,,TDF + FTC + ATV/r,2.90%,78.58%,2.90%,79.42%,3TC + TDF + FPV/r,3.00%,,3.00%,,,Region,Overall,Children,Women,Overall,Children,,,Grenada,68,2013,C么te d'Ivoire,64,2013,Fiji,67,2013,Bahrain,No data,No data,No data,,,Bahrain,No data,No data,No data,,,
Azerbaijan,EUR,"9,416,801",Europe and Central Asia,A,"2,480.19","2,428.10",52.09,76.00,76.00,75.00,"1,816.00","8,255",22.00%,"1,816","8,255",22.00%,,,0.00%,"9,900",641,"2,178.00",0.00,31.00,0.06,15.27,0.06,11.20,9.62,3.61,0.86,24.22,8.22,0.00,104.11,,Bulgaria,Haiti,,,Group A Children 1st line,77.55%,,ABC + 3TC + EFV,3.60%,66.00%,3.60%,72.98%,,,,,,,Global,47.00%,23.00%,48.00%,36.37%,22.35%,,,Guatemala,87,2013,Cuba,94,2013,Georgia,100,2013,Bangladesh,14 [13-16],1 287,Dec. 2014,14.00%,"1,287.00",Bangladesh,26 [22 - 29],&lt;500 [&lt;500-&lt;500],79,26.00%,500,79
Bahamas,AMR,"377,240",,B,0.00,,,51.00,54.00,97.14,"1,852.00","5,092",36.37%,"1,852","5,092",36.37%,,,22.35%,"6,800",57,"2,473.27",12.70,0.00,0.00,0.00,0.00,0.00,0.00,0.00,0.00,0.00,0.00,0.00,0.00,,Burkina Faso,Honduras,,,Group A Children 2nd line,70.34%,,AZT + 3TC + ATV/r,2.30%,75.70%,2.30%,75.70%,,,,,,,Sub-Saharan Africa,49.00%,21.00%,50.00%,35.84%,0.00%,,,Guyana,80,2013,Cyprus,88,2013,Guinea,83,2013,Barbados,High-income country,1 097,Dec. 2014,,"1,097.00",Barbados,No data,No data,No data,,,
Bahrain,EMR,"1,315,411",,A,813.53,771.44,42.09,97.14,97.14,97.14,,,36.37%,,,36.37%,,,22.35%,,,,,2.06,0.01,1.03,0.00,0.74,0.62,0.23,0.06,1.62,0.52,0.00,6.89,,Burundi,Jamaica,,,Group B Adults 1st line,73.02%,,TDF + 3TC + ATV/r,1.40%,65.00%,1.40%,65.00%,,,,,,,Eastern & Southern Africa,56.00%,26.00%,64.00%,36.37%,22.35%,,,Honduras,84,2013,Germany,74,2013,Guinea-Bissau,82,2013,Belarus,20 [16-25],5 918,Dec. 2014,20.00%,"5,918.00",Belarus,No data,No data,No data,,,
Bangladesh,SEA,"157,571,292","East, South and South-East Asia",A,"14,896.29","13,401.82","1,494.47",93.00,93.00,88.00,"1,287.00","9,193",14.00%,"1,208","8,693",13.90%,79.00,500.00,26.00%,"6,800","15,079",944.96,"3,920.52",38.25,0.54,19.85,0.10,13.38,10.80,3.66,1.03,30.21,8.34,0.00,126.16,,Cambodia,Mexico,,,Group B Adults 2nd line,64.31%,,Group A,,,,,,,,,,,Western & Central Africa,30.00%,9.00%,18.00%,36.37%,22.35%,,,Croatia,94,2013,Dominica,75,2013,Grenada,100,2013,Belgium,High-income country,No data,No data,,,Belgium,No data,No data,No data,,,
Barbados,AMR,"282,509",,B,"1,187.49","1,128.59",58.90,90.00,90.00,97.14,"1,097.00","3,016",36.37%,"1,097","3,016",36.37%,,,22.35%,"1,400",43,509.20,9.51,8.92,0.84,5.11,0.01,0.14,6.57,1.69,1.45,1.29,4.59,1.23,30.63,,Cameroon,Nicaragua,,,Group B Children 1st line,73.02%,,First-line Regimens used by adults and adolescents in 2012 (except America),,,,,Second-line Regimens used by adults and adolescents in 2012 (except America),,,,,,Latin America and the Caribbean,63.00%,39.00%,59.00%,100.00%,100.00%,,,Haiti,76,2013,Algeria,90,2013,Guyana,63,2013,Belize,56 [46->95],1 498,Dec. 2014,56.00%,"1,498.00",Belize,No data,No data,No data,,,
Belarus,EUR,"9,465,997",Europe and Central Asia,A,"19,574.13","19,356.76",217.37,80.00,80.00,97.14,"5,918.00","29,590",20.00%,"5,918","29,590",20.00%,,,0.00%,"22,000",644,"4,400.00",0.00,186.51,0.35,91.82,0.35,67.36,58.00,21.80,5.19,145.64,49.61,0.00,626.64,,Cape Verde,Panama,,,Group B Children 2nd line,64.31%,,,,80.27%,,77.55%,,,56.38%,,70.34%,,Latin America,64.00%,44.00%,64.00%,36.37%,22.35%,,,India,70,2013,Fiji,69,2013,Honduras,83,2013,Benin,37 [32-43],28 850,Dec. 2014,37.00%,"28,850.00",Benin,21 [16 - 25],7 800 [ 6 000 - 9 300],1 609,21.00%,7800,1609
Belgium,EUR,"11,182,817",Europe and Central Asia,A,"4,579.95","4,382.58",197.38,91.00,97.14,97.14,,,0.00%,,,0.00%,,,0.00%,"15,034",20,0.00,0.00,0.00,0.00,0.00,0.00,0.00,0.00,0.00,0.00,0.00,0.00,0.00,0.00,,Central African Republic,Paraguay,,,Weighted average,72.29%,,,,,,,,,,,,,The Caribbean,60.00%,25.00%,46.00%,36.37%,22.35%,,,Iran (Islamic Republic of),85,2013,Georgia,85,2013,Croatia,100,2013,Bhutan,No data,167,Dec. 2014,,167.00,Bhutan,No data,No data,10,,,10
Belize,AMR,"344,181",Latin America and the Caribbean,B,"4,251.79","3,698.83",552.97,53.00,97.14,97.14,"1,498.00","2,675",56.00%,"1,498","2,675",56.00%,,,100.00%,"2,800",27,"1,568.00",26.90,268.68,21.33,155.59,0.41,4.07,199.57,51.04,43.38,38.07,134.87,36.73,917.01,,Chad,Peru,,,,,,,adult,adult,children,children,,adult,adult,children,children,,"East, South and South-East Asia",39.00%,39.00%,16.00%,25.18%,45.37%,,,Jamaica,90,2013,Guinea,75,2013,Haiti,74,2013,Bolivia (Plurinational State of),21 [15-35],3 803,Dec. 2014,21.00%,"3,803.00",Bolivia (Plurinational State of),21 [14 - 35],&lt;1000 [&lt;500-&lt;1000],112,21.00%,1000,112
Benin,AFR,"10,004,451",Sub-Saharan Africa,A,"147,701.80","106,998.33","40,703.47",97.14,97.14,97.14,"28,850.00","77,973",37.00%,"27,241","70,173",38.82%,"1,609.00","7,800.00",21.00%,"61,000","9,400","23,680.07","1,974.00",360.24,4.84,187.47,0.88,126.54,99.66,33.71,9.36,286.06,76.83,0.00,"1,185.57",,China,Saint Lucia,,,50.56893719,,,Regimens,percentage,efficacy,percentage,efficacy,Regimens,percentage,efficacy,percentage,efficacy,,Europe and Central Asia,23.00%,65.00%,79.00%,0.00%,100.00%,,,Jordan,100,2013,Guinea-Bissau,53,2013,Iran (Islamic Republic of),84,2013,Bosnia and Herzegovina,No data,207,Dec. 2014,,207.00,Bosnia and Herzegovina,No data,No data,No data,,,
Bermuda,AMR,"65,001",,B,386.67,374.63,12.04,97.14,97.14,97.14,,,36.37%,,,36.37%,,,22.35%,,,,,0.84,0.08,0.48,0.00,0.01,0.62,0.16,0.14,0.12,0.43,0.12,2.87,,Comoros,Saint Vincent and the Grenadines,,,16.14480981,,,AZT + 3TC + NVP,32.00%,81.93%,48.80%,81.93%,ABC + 3TC + LPV/r,2.70%,63.00%,35.60%,63.00%,,Middle East and North Africa,10.00%,5.00%,4.00%,0.00%,0.00%,,,Kazakhstan,75,2013,Grenada,67,2013,Jamaica,75,2013,Botswana,62 [59-65],244 063,Dec. 2014,62.00%,"244,063.00",Botswana,No data,No data,No data,,,
Bhutan,SEA,"764,961","East, South and South-East Asia",A,"1,607.85","1,534.32",73.53,97.14,97.14,97.14,167.00,663,25.18%,157,663,23.67%,10.00,,25.18%,"1,000",65,236.73,16.35,2.66,0.01,1.33,0.01,0.95,0.80,0.29,0.07,2.09,0.67,0.00,8.88,,C么te d'Ivoire,Suriname,,187.1973431,0,,,d4T + 3TC + NVP,26.00%,84.30%,23.80%,84.30%,AZT + 3TC + LPV/r,19.40%,50.00%,18.30%,50.00%,x,,,,,,,,,Kenya,92,2013,Guatemala,87,2013,Kazakhstan,90,2013,Brazil,... [38-63],388 565,Dec. 2014,,"388,565.00",Brazil,No data,No data,No data,,,
Bolivia,AMR,"10,400,264",Latin America and the Caribbean,B,"27,874.18","26,031.22","1,842.96",97.14,97.14,97.14,,,36.37%,,,100.00%,,,22.35%,"16,000",813,"16,000.00",181.67,174.01,15.01,102.78,0.24,2.53,131.85,31.21,26.31,23.99,86.18,22.21,594.10,,Democratic Republic of the Congo,,,,,,,AZT + 3TC + EFV,11.40%,75.75%,10.40%,70.67%,ABC + ddl+ LPV/r,4.90%,74.18%,10.70%,83.40%,,,,,,,,,,Kyrgyzstan,83,2013,Guyana,80,2013,Kenya,94,2013,Brunei Darussalam,No data,No data,No data,,,Brunei Darussalam,No data,No data,No data,,,
"Bonaire, Saint Eustatius and Saba",AMR,,,B,0.00,,,97.14,97.14,97.14,,,36.37%,,,36.37%,,,22.35%,,,,,0.00,0.00,0.00,0.00,0.00,0.00,0.00,0.00,0.00,0.00,0.00,0.00,,Djibouti,,,,,,,TDF + 3TC + NVP,6.50%,75.00%,,65.50%,AZT + ABC + 3TC + LPV/r,,74.18%,3.90%,83.40%,x,,,,,,,,,Cambodia,85,2013,Honduras,84,2013,Kyrgyzstan,96,2013,Bulgaria,No data,692,Dec. 2014,,692.00,Bulgaria,No data,No data,No data,,,
Bosnia and Herzegovina,EUR,"3,604,999",Europe and Central Asia,A,155.42,153.62,1.80,97.14,97.14,97.14,207.00,,0.00%,207,,0.00%,,,0.00%,,,,,0.00,0.00,0.00,0.00,0.00,0.00,0.00,0.00,0.00,0.00,0.00,0.00,,Egypt,,,,,,,TDF + 3TC + EFV,6.50%,78.00%,,78.83%,TDF + 3TC + LPV/r,25.50%,83.00%,4%,83.00%,,,,,,,,,,Saint Kitts and Nevis,38,2013,Croatia,94,2013,Liberia,74,2013,Burkina Faso,43 [37-51],46 623,Dec. 2014,43.00%,"46,623.00",Burkina Faso,17 [15 - 20],13 000 [11 000-15 000],2 213,17.00%,13000,2213
Botswana,AFR,"2,128,507",Sub-Saharan Africa,A,"368,816.85","363,172.61","5,644.24",97.14,97.14,97.14,"244,063.00","393,650",62.00%,"244,063","393,650",62.00%,,,35.84%,"310,000","11,000","192,200.00","3,941.88","1,699.38",3.96,852.16,3.02,614.59,497.37,184.48,43.61,"1,347.28",420.20,0.00,"5,666.05",,Eritrea,,,,,,,TDF + FTC + EFV,6.60%,77.50%,,77.40%,AZT + ddl + LPV/r,,74.18%,3.70%,83.40%,x,,,,,,,,,Kuwait,92,2013,Haiti,76,2013,Sri Lanka,89,2013,Burundi,44 [37-58],36 888,Dec. 2014,44.00%,"36,888.00",Burundi,17 [15 - 19],14 000 [13 000-16 000],2 440,17.00%,14000,2440
Brazil,AMR,"202,408,632",Latin America and the Caribbean,B,"750,766.45","709,789.97","40,976.49",86.00,89.00,86.00,"388,565.00","388,565",100.00%,"388,565","388,565",100.00%,,,100.00%,"557,400","15,820","557,400.00","15,820.05","24,189.12","2,040.11","14,284.24",33.73,350.53,"18,318.23","4,396.89","3,671.43","3,331.65","11,955.00","3,099.36","82,570.92",,Ethiopia,,,,,,,TDF + FTC + NVP,4.50%,71.03%,,69.02%,Others,16.50%,74.18%,24.20%,83.40%,,,,,,,,,,Lao People's Democratic Republic,84,2013,Iran (Islamic Republic of),85,2013,Lithuania,100,2013,Cote d'Ivoire,31 [28-34],140 710,Dec. 2014,31.00%,"140,710.00",Cote d'Ivoire,16 [15 - 18],42 000 [38 000-47 000],6 932,16.00%,42000,6932
British Virgin Islands,AMR,"29,056",,B,0.00,,,97.14,97.14,97.14,,,36.37%,,,36.37%,,,22.35%,,,,,0.00,0.00,0.00,0.00,0.00,0.00,0.00,0.00,0.00,0.00,0.00,0.00,,Fiji,,,Priority,Determination,,Key,d4T + 3TC + EFV,4.90%,84.00%,4.60%,78.00%,AZT + 3TC + TDF + LPV/r,5.80%,74.18%,,83.40%,x,,,,,,,,,Lebanon,88,2013,Jamaica,90,2013,Latvia,100,2013,Cabo Verde,36 [31-42],1 212,Dec. 2014,36.00%,"1,212.00",Cabo Verde,No data,No data,68,,,68
Brunei Darussalam,WPR,"405,716",,A,0.00,,,82.00,97.14,97.14,,,36.37%,,,36.37%,,,22.35%,,,,,0.00,0.00,0.00,0.00,0.00,0.00,0.00,0.00,0.00,0.00,0.00,0.00,,Gabon,,,#1,Original Data Point(s),is original,Blue,Others,1.50%,75.07%,4.80%,50.00%,TDF + 3TC + EFV,4.40%,78.83%,,78.83%,,,,,,,,,,Liberia,74,2013,Kazakhstan,74,2013,Republic of Moldova,100,2013,Cambodia,71 [45-134],52 907,Dec. 2014,71.00%,"52,907.00",Cambodia,67 [44-&gt;95],6 000 [ 3 900-11 000],3 987,67.00%,6000,3987
Bulgaria,EUR,"7,265,115",Europe and Central Asia,A,"2,574.43","2,456.28",118.14,82.00,66.00,97.14,692.00,,0.00%,692,,0.00%,,,0.00%,"9,767",13,0.00,0.00,0.00,0.00,0.00,0.00,0.00,0.00,0.00,0.00,0.00,0.00,0.00,0.00,,Gambia,,,#2,"Average of all original data points of that regimen, no matter what quadrant it is in",is average of listed drugs for the given regimen that was concluded prior to 2014,Pink,ABC + 3TC + NVP,,75.07%,6.00%,50.00%,d4T + 3TC + LPV/r,3%,74.18%,,83.40%,,,,,,,,,,Saint Lucia,82,2013,Kenya,92,2013,Mexico,92,2013,Cameroon,22 [20-26],145 038,Dec. 2014,22.00%,"145,038.00",Cameroon,11 [10 - 11],58 000 [53 000-63 000],6 099,11.00%,58000,6099
Burkina Faso,AFR,"17,072,723",Sub-Saharan Africa,A,"238,891.21","173,504.42","65,386.79",79.00,97.14,97.14,"46,623.00","108,426",43.00%,"44,410","95,426",46.54%,"2,213.00","13,000.00",17.00%,"92,000","24,000","42,815.77","4,080.00","4,898.34",48.71,"2,517.10",10.96,"1,737.89","1,382.90",482.67,127.14,"3,885.56","1,099.89",0.00,"16,191.14",,Georgia,,,#3,"Average of all original data points of that quadrant. An example of a quadrant is ""second-line adults"" or ""first-line children""",is average of listed drugs in second of first regimen,Cyan,ABC + 3TC + EFV,,70.63%,1.60%,72.98%,TDF + AZT + LPV/r,2.30%,74.18%,,83.40%,x,,,,,,,,,Sri Lanka,79,2013,Kyrgyzstan,78,2013,Mauritania,88,2013,Canada,High-income country,No data,No data,,,Canada,No data,No data,No data,,,
Burundi,AFR,"9,600,186",Sub-Saharan Africa,A,"239,226.84","177,980.87","61,245.97",91.00,91.00,92.00,"36,888.00","83,836",44.00%,"34,448","69,836",49.33%,"2,440.00","14,000.00",17.00%,"72,000","19,000","35,515.25","3,230.00","2,254.74",20.05,"1,154.87",4.90,802.15,639.50,225.17,58.39,"1,788.60",513.07,0.00,"7,461.43",,Ghana,,,,,,,,,,,,TDF + FTC + LPV/r,15.50%,65.20%,,71.25%,,,,,,,,,,Lithuania,97,2013,Saint Kitts and Nevis,38,2013,Malaysia,97,2013,Central African Republic,18 [16-20],24 142,Dec. 2014,18.00%,"24,142.00",Central African Republic,11 [10 - 12],15 000 [14 000-16 000],1 563,11.00%,15000,1563
Cambodia,WPR,"15,022,692","East, South and South-East Asia",A,"94,302.55","72,908.46","21,394.09",85.00,97.14,97.14,"52,907.00","74,517",71.00%,"48,920","68,517",71.40%,"3,987.00","6,000.00",67.00%,"74,000","1,228","52,834.85",823.08,"2,732.33",41.68,"1,475.61",6.54,939.62,690.79,224.57,64.74,"2,209.57",512.38,0.00,"8,897.82",,Guinea,,,,,,,,,,,,,,,,,,,,,,,,,,Latvia,100,2013,Liberia,74,2013,Namibia,86,2013,Chad,23 [18-28],48 757,Dec. 2014,23.00%,"48,757.00",Chad,8 [7 - 10],29 000 [24 000-35 000],2 430,8.00%,29000,2430
Cameroon,AFR,"21,655,715",Sub-Saharan Africa,A,"1,564,332.54","1,297,438.36","266,894.19",81.00,97.14,97.14,"145,038.00","659,264",22.00%,"138,939","601,264",23.11%,"6,099.00","58,000.00",11.00%,"530,000","60,000","122,471.52","6,600.00","15,214.95",123.76,"7,693.37",33.66,"5,418.21","4,493.98","1,605.93",413.81,"11,958.93","3,657.12",0.00,"50,613.73",,Guinea-Bissau,,,,,,,,,,,,,,,,,,,,,,,,,,Morocco,91,2013,Saint Lucia,82,2013,Niger,65,2013,Chile,High-income country,25 106,Dec. 2014,,"25,106.00",Chile,No data,No data,No data,,,
Canada,AMR,"35,155,451",,B,"22,003.00","21,689.49",313.50,97.14,97.14,97.14,,,36.37%,,,36.37%,,,22.35%,"120,066",190,"43,670.08",42.49,47.96,4.44,27.50,0.07,0.76,35.36,9.09,7.80,6.96,24.69,6.61,164.63,,India,,,,,,,,,,,,,,,,,,,,,,,,,,Republic of Moldova,81,2013,Sri Lanka,78,2013,Nigeria,80,2013,China,No data,295 358,Dec. 2014,,"295,358.00",China,No data,No data,No data,,,
Cape Verde,AFR,"520,106",Sub-Saharan Africa,A,"7,015.23","6,126.37",888.85,95.00,97.14,97.14,,,36.37%,,,35.84%,,,22.35%,"1,000",372,358.35,83.15,29.84,0.22,15.14,0.06,10.64,8.69,3.11,0.79,23.55,7.09,0.00,99.14,,Indonesia,,,,,,,,,,,,,,,,,,,,,,,,,,Madagascar,69,2013,Lithuania,100,2013,Nicaragua,100,2013,Colombia,40 [31-52],49 743,No data,,"49,743.00",Colombia,No data,No data,No data,,,
Cayman Islands,AMR,"58,371",,B,0.00,,,97.14,97.14,97.14,,,36.37%,,,36.37%,,,22.35%,,,,,0.00,0.00,0.00,0.00,0.00,0.00,0.00,0.00,0.00,0.00,0.00,0.00,,Iran,,,,,,,,,,,,,,,,,,,,,,,,,,Maldives,75,2013,Republic of Moldova,81,2013,Oman,24,2013,Comoros,,No data,No data,,,Comoros,No data,No data,No data,,,
Central African Republic,AFR,"4,499,653",Sub-Saharan Africa,A,"479,639.25","391,529.12","88,110.13",91.00,97.14,97.14,"24,142.00","134,122",18.00%,"22,579","119,122",18.95%,"1,563.00","15,000.00",11.00%,"191,708","3,219","36,337.31",354.05,"1,826.99",18.34,929.73,4.25,647.57,534.22,187.98,49.75,"1,436.68",428.13,0.00,"6,063.64",,Iraq,,,,,,,,,,,,,,,,,,,,,,,,,,Mexico,91,2013,Maldives,75,2013,Philippines,80,2013,Congo,17 [15-19],13 717,Dec. 2014,17.00%,"13,717.00",Congo,9 [8 - 10],11 000 [ 9 600-12 000],990,9.00%,11000,990
Chad,AFR,"13,133,589",Sub-Saharan Africa,A,"628,278.39","451,231.26","177,047.13",91.00,91.00,91.00,"48,757.00","211,987",23.00%,"46,327","182,987",25.32%,"2,430.00","29,000.00",8.00%,"180,000","34,000","45,570.79","2,720.00","2,821.70",27.02,"1,435.34",6.45,"1,002.07",822.58,290.12,76.22,"2,221.66",660.80,0.00,"9,363.96",,Jordan,,,,,,,,,,,,,,,,,,,,,,,,,,Marshall Islands,100,2013,Mexico,91,2013,Saudi Arabia,86,2013,Cook Islands,No data,No data,No data,,,Cook Islands,No data,No data,No data,,,
Chile,AMR,"17,462,982",Latin America and the Caribbean,B,"26,363.84","25,625.47",738.37,97.14,97.14,97.14,"25,106.00","25,106",100.00%,"25,106","25,106",100.00%,,,100.00%,"36,000","1,365","36,000.00","1,364.89",173.66,14.85,102.60,0.24,2.52,131.60,31.54,26.27,23.92,85.92,22.17,593.13,,Kazakhstan,,,,,,,,,,,,,,,,,,,,,,,,,,Mali,64,2013,Montenegro,80,2013,Senegal,71,2013,Costa Rica,53 [34-76],4 672,Dec. 2014,53.00%,"4,672.00",Costa Rica,No data,No data,No data,,,
China,WPR,"1,357,380,000","East, South and South-East Asia",A,"1,084,213.09","1,029,760.88","54,452.22",85.00,85.00,89.00,"295,358.00","1,172,965",25.18%,"295,358","1,172,965",25.18%,,,25.18%,"703,479","7,239","177,139.25","1,822.90","10,002.25",53.89,"5,011.44",20.57,"3,581.38","3,004.13","1,097.45",272.63,"7,851.82","2,498.61",0.00,"33,394.18",,Kenya,,,,,,,,,,,,,,,,,,,,,,,,,,Myanmar,84,2013,Mongolia,95,2013,El Salvador,79,2013,Croatia,High-income country,No data,No data,,,Croatia,No data,No data,No data,,,
"China, Hong Kong SAR",WPR,"7,187,500",,A,0.00,,,97.14,97.14,97.14,,,36.37%,,,36.37%,,,22.35%,,,,,0.00,0.00,0.00,0.00,0.00,0.00,0.00,0.00,0.00,0.00,0.00,0.00,,Kiribati,,,,,,,,,,,,,,,,,,,,,,,,,,Montenegro,80,2013,Mauritania,72,2013,Sao Tome and Principe,100,2013,Cuba,70 [60-86],12 018,Dec. 2014,70.00%,"12,018.00",Cuba,No data,No data,No data,,,
"China, Macao SAR",WPR,"575,841",,A,0.00,,,97.14,97.14,97.14,,,36.37%,,,36.37%,,,22.35%,,,,,0.00,0.00,0.00,0.00,0.00,0.00,0.00,0.00,0.00,0.00,0.00,0.00,,Kyrgyzstan,,,,,,,,,,,,,,,,,,,,,,,,,,Mongolia,95,2013,Mauritius,80,2013,Seychelles,100,2013,Cyprus,High-income country,No data,No data,,,Cyprus,No data,No data,No data,,,
Colombia,AMR,"47,342,981",Latin America and the Caribbean,B,"129,114.73","123,315.12","5,799.62",65.00,97.14,97.14,"49,743.00","49,743",100.00%,"49,743","49,743",100.00%,,,100.00%,"140,000","3,700","140,000.00","3,700.28","10,402.97",882.03,"6,144.14",14.47,150.77,"7,879.94","1,890.39","1,577.04","1,432.93","5,143.47","1,331.23","35,518.15",,Lao People's Democratic Republic,,,,,,,,,,,,,,,,,,,,,,,,,,Mozambique,71,2013,Malaysia,95,2013,Chad,91,2013,Czech Republic,High-income country,No data,No data,,,Czech Republic,No data,No data,No data,,,
Comoros,AFR,"741,500",Sub-Saharan Africa,A,"1,257.19","1,153.38",103.82,90.00,97.14,97.14,,,35.84%,,,35.84%,,,35.84%,"31,592",530,"11,320.97",190.07,11.27,0.08,5.73,0.02,4.01,3.27,1.17,0.30,8.90,2.67,0.00,37.43,,Lebanon,,,,,,,,,,,,,,,,,,,,,,,,,,Mauritania,72,2013,Namibia,81,2013,Togo,87,2013,Democratic People's Republic of Korea,High-income country,No data,No data,,,Democratic People's Republic of Korea,No data,No data,No data,,,
Congo,AFR,"4,751,393",Sub-Saharan Africa,A,"249,352.51","191,709.89","57,642.62",97.14,97.14,97.14,"13,717.00","80,688",17.00%,"12,727","69,688",18.26%,990.00,"11,000.00",9.00%,"63,000","14,000","11,505.54","1,260.00",277.85,3.06,141.86,0.66,98.29,80.74,28.17,7.56,218.60,64.17,0.00,920.97,,Lesotho,,,,,,,,,,,,,,,,,,,,,,,,,,Mauritius,80,2013,Niger,71,2013,Thailand,85,2013,Democratic Republic of the Congo,23 [20-25],101 324,Dec. 2014,23.00%,"101,324.00",Democratic Republic of the Congo,15 [13 - 16],59 000 [52 000-66 000],8 523,15.00%,59000,8523
Cook Islands,WPR,"18,600",Oceania,A,0.00,,,97.14,97.14,97.14,,,36.37%,,,36.37%,,,22.35%,,,,,0.00,0.00,0.00,0.00,0.00,0.00,0.00,0.00,0.00,0.00,0.00,0.00,,Liberia,,,,,,,,,,,,,,,,,,,,,,,,,,Malawi,69,2013,Nigeria,81,2013,Tajikistan,80,2013,Denmark,High-income country,No data,No data,,,Denmark,No data,No data,No data,,,
Costa Rica,AMR,"4,706,401",Latin America and the Caribbean,B,"8,148.67","7,560.79",587.89,97.14,97.14,97.14,"4,672.00","8,815",53.00%,"4,672","8,815",53.00%,,,100.00%,"8,900",368,"4,717.00",367.85,28.45,2.40,16.45,0.04,0.44,21.12,5.43,4.58,4.05,14.38,3.88,97.34,,Libya,,,,,,,,,,,,,,,,,,,,,,,,,,Malaysia,95,2013,Nicaragua,79,2013,Trinidad and Tobago,100,2013,Djibouti,16 [12-22],1 593,Dec. 2014,16.00%,"1,593.00",Djibouti,5 [3 - 6],1 100 [&lt;1000 - 1 600],52,5.00%,1100,52
Cote d'Ivoire,AFR,"21,966,312",Sub-Saharan Africa,A,0.00,,,62.00,64.00,40.00,,,36.37%,,,35.84%,,,22.35%,"390,000","68,000","139,757.51","15,197.77",0.00,0.00,0.00,0.00,0.00,0.00,0.00,0.00,0.00,0.00,0.00,0.00,,Madagascar,,,,,,,,,,,,,,,,,,,,,,,,,,Namibia,81,2013,Oman,48,2013,Tunisia,67,2013,Dominica,No data,No data,No data,,,Dominica,No data,No data,No data,,,
Croatia,EUR,"4,255,689",Europe and Central Asia,A,339.83,318.85,20.98,94.00,94.00,97.14,,,0.00%,,,0.00%,,,0.00%,"5,721",8,0.00,0.00,0.00,0.00,0.00,0.00,0.00,0.00,0.00,0.00,0.00,0.00,0.00,0.00,,Malawi,,,,,,,,,,,,,,,,,,,,,,,,,,Niger,70,2013,Philippines,86,2013,Uruguay,100,2013,Dominican Republic,39 [29-57],27 001,Dec. 2014,39.00%,"27,001.00",Dominican Republic,No data,No data,No data,,,
Cuba,AMR,"11,412,167",Latin America and the Caribbean,B,"18,930.69","18,107.29",823.39,94.00,94.00,97.14,"12,018.00","17,169",70.00%,"12,018","17,169",70.00%,,,100.00%,"4,300","1,719","3,010.00","1,719.14",178.76,15.51,104.07,0.26,2.69,133.65,33.51,28.12,25.23,89.98,23.78,611.80,,Malaysia,,,,,,,,,,,,,,,,,,,,,,,,,,Nigeria,81,2013,Saudi Arabia,96,2013,Uzbekistan,93,2013,Ecuador,41 [31-58],13 300,Dec. 2014,41.00%,"13,300.00",Ecuador,No data,No data,No data,,,
Curacao,AMR,"153,822",,B,0.00,,,97.14,97.14,97.14,,,36.37%,,,36.37%,,,22.35%,,,,,0.00,0.00,0.00,0.00,0.00,0.00,0.00,0.00,0.00,0.00,0.00,0.00,,Maldives,,,,,,,,,,,,,,,,,,,,,,,,,,Nicaragua,79,2013,Senegal,72,2013,Viet Nam,91,2013,Egypt,19 [13-32],1 715,Dec. 2014,19.00%,"1,715.00",Egypt,26 [18 - 41],&lt;500 [&lt;200-&lt;500],65,26.00%,500,65
Cyprus,EUR,"1,143,896",Europe and Central Asia,A,299.22,298.38,0.83,85.00,88.00,97.14,,,0.00%,,,0.00%,,,0.00%,,,,,0.00,0.00,0.00,0.00,0.00,0.00,0.00,0.00,0.00,0.00,0.00,0.00,,Mali,,,,,,,,,,,,,,,,,,,,,,,,,,Afghanistan,24,2013,El Salvador,71,2013,Vanuatu,100,2013,El Salvador,51 [32-71],10 549,Dec. 2014,51.00%,"10,549.00",El Salvador,63 [29-&gt;95],&lt;1000 [&lt;500-&lt;1000],344,63.00%,1000,344
Czech Republic,EUR,"10,514,272",Europe and Central Asia,A,830.80,766.70,64.10,97.14,97.14,97.14,,,0.00%,,,0.00%,,,0.00%,"14,135",19,0.00,0.00,0.00,0.00,0.00,0.00,0.00,0.00,0.00,0.00,0.00,0.00,0.00,0.00,,Marshall Islands,,,,,,,,,,,,,,,,,,,,,,,,,,Angola,92,2013,Sao Tome and Principe,82,2013,South Africa,42,2013,Equatorial Guinea,High-income country,8 645,Dec. 2014,,"8,645.00",Equatorial Guinea,No data,No data,No data,,,
Democratic People's Republic of Korea,SEA,"24,985,976","East, South and South-East Asia",A,0.00,,,97.14,97.14,97.14,,,25.18%,,,25.18%,,,25.18%,"12,635",133,"3,181.47",33.55,0.00,0.00,0.00,0.00,0.00,0.00,0.00,0.00,0.00,0.00,0.00,0.00,,Mauritania,,,,,,,,,,,,,,,,,,,,,,,,,,Armenia,84,2013,Seychelles,60,2013,Zimbabwe,87,2013,Eritrea,49 [35-73],7 862,No data,,"7,862.00",Eritrea,18 [13 - 26],2 300 [ 1 700 - 3 300],414,18.00%,2300,414
Democratic Republic of the Congo,AFR,"71,316,033",Sub-Saharan Africa,A,"1,842,805.51","1,390,735.56","452,069.95",79.00,97.14,97.14,"101,324.00","440,539",23.00%,"92,801","381,539",24.32%,"8,523.00","59,000.00",15.00%,"390,000","90,000","94,858.92","13,500.00","20,899.42",282.24,"10,813.85",52.05,"7,344.08","5,894.80","2,003.64",557.44,"16,518.07","4,565.70",0.00,"68,931.28",,Mauritius,,,,,,,,,,,,,,,,,,,,,,,,,,Antigua and Barbuda,6,2013,Chad,91,2013,,,,Estonia,No data,No data,No data,,,Estonia,No data,No data,No data,,,
Denmark,EUR,"5,614,932",Europe and Central Asia,A,"1,979.52","1,956.12",23.39,97.14,97.14,97.14,,,0.00%,,,0.00%,,,0.00%,"7,549",10,0.00,0.00,0.00,0.00,0.00,0.00,0.00,0.00,0.00,0.00,0.00,0.00,0.00,0.00,,Micronesia (Federated States of),,,,,,,,,,,,,,,,,,,,,,,,,,Azerbaijan,76,2013,Togo,89,2013,,,,Ethiopia,50 [41-66],362 041,Dec. 2014,50.00%,"362,041.00",Ethiopia,22 [19 - 25],110 000 [92 000-120 000],22 998,22.00%,110000,22998
Djibouti,EMR,"896,688",,A,"45,517.15","33,985.98","11,531.16",81.00,97.14,97.14,"1,593.00","9,956",16.00%,"1,541","8,856",17.40%,52.00,"1,100.00",5.00%,"7,600","1,200","1,322.41",60.00,296.70,2.43,149.65,0.66,105.67,88.32,31.60,8.16,232.73,71.96,0.00,987.88,,Mongolia,,,,,,,,,,,,,,,,,,,,,,,,,,Burundi,91,2013,Thailand,83,2013,,,,Fiji,32 [22-50],208,Dec. 2014,32.00%,208.00,Fiji,No data,No data,No data,,,
Dominica,AMR,"72,400",Latin America and the Caribbean,B,285.22,260.57,24.65,75.00,75.00,97.14,,,100.00%,,,100.00%,,,100.00%,,,,,16.39,1.73,9.68,0.02,0.24,12.41,2.98,2.50,2.26,8.09,2.11,56.30,,Montenegro,,,,,,,,,,,,,,,,,,,,,,,,,,Belgium,91,2013,Tajikistan,64,2013,,,,Finland,High-income country,No data,No data,,,Finland,No data,No data,No data,,,
Dominican Republic,AMR,"10,281,296",Latin America and the Caribbean,B,"222,676.45","216,279.65","6,396.80",97.14,97.14,97.14,"27,001.00","69,233",39.00%,"27,001","69,233",39.00%,,,100.00%,"45,000","1,549","17,550.00","1,548.78",551.04,49.07,316.67,0.84,8.60,406.94,107.46,89.60,79.49,281.80,75.90,"1,891.51",,Morocco,,,,,,,,,,,,,,,,,,,,,,,,,,Burkina Faso,79,2013,Tonga,100,2013,,,,France,High-income country,No data,No data,,,France,No data,No data,No data,,,
Ecuador,AMR,"15,661,547",Latin America and the Caribbean,B,"46,165.94","41,803.57","4,362.37",97.14,97.14,97.14,"13,300.00","32,439",41.00%,"13,300","32,439",41.00%,,,100.00%,"48,000","1,224","19,680.00","1,224.09",131.82,10.72,75.94,0.20,2.03,97.43,25.48,21.55,18.85,66.64,18.26,450.67,,Mozambique,,,,,,,,,,,,,,,,,,,,,,,,,,Bangladesh,93,2013,Trinidad and Tobago,93,2013,,,,Gabon,46 [40-53],21 759,Dec. 2014,46.00%,"21,759.00",Gabon,No data,No data,No data,,,
Egypt,EMR,"89,807,433",Middle East and North Africa,A,"6,396.17","5,498.04",898.12,73.00,97.14,97.14,"1,715.00","9,026",19.00%,"1,650","8,526",19.35%,65.00,500.00,26.00%,"5,200","4,772","1,006.30","1,240.81",85.80,1.24,44.66,0.22,29.98,24.00,8.09,2.29,67.88,18.43,0.00,282.58,,Myanmar,,,,,,,,,,,,,,,,,,,,,,,,,,Bulgaria,82,2013,Tunisia,92,2013,,,,Gambia,23 [18-28],4 586,Nov. 2014,23.00%,"4,586.00",Gambia,16 [14 - 20],2 400 [ 2 000 - 2 900],380,16.00%,2400,380
El Salvador,AMR,"6,250,777",Latin America and the Caribbean,B,"8,998.80","8,891.58",107.22,72.00,71.00,79.00,"10,549.00","20,684",51.00%,"10,205","19,684",51.84%,344.00,"1,000.00",63.00%,"24,000",489,"12,442.39",307.79,281.64,25.50,162.60,0.42,4.35,209.03,53.37,45.06,40.40,143.72,38.13,966.08,,Namibia,,,,,,,,,,,,,,,,,,,,,,,,,,Bahrain,100,2013,Uruguay,92,2013,,,,Georgia,39 [31-48],2 541,Dec. 2014,39.00%,"2,541.00",Georgia,No data,No data,48,,,48
Equatorial Guinea,AFR,"1,083,746",Sub-Saharan Africa,A,"74,776.65","62,139.21","12,637.44",82.00,97.14,97.14,"8,645.00","24,124",35.84%,"8,645","24,124",35.84%,,,35.84%,"26,000","3,100","9,317.17","1,110.89","1,216.78",16.19,635.34,2.95,425.77,335.57,113.59,31.54,967.08,258.89,0.00,"4,003.71",,Nepal,,,,,,,,,,,,,,,,,,,,,,,,,,Bahamas,51,2013,Uzbekistan,92,2013,,,,Germany,High-income country,No data,No data,,,Germany,No data,No data,No data,,,
Eritrea,AFR,,Sub-Saharan Africa,A,"63,552.79","46,000.60","17,552.19",97.14,97.14,97.14,"7,862.00","21,939",35.84%,"7,448","19,639",37.92%,414.00,"2,300.00",18.00%,"16,000","3,600","6,067.84",648.00,147.67,1.81,76.41,0.35,52.05,41.34,14.15,3.86,117.08,32.25,0.00,486.98,,Niger,,,,,,,,,,,,,,,,,,,,,,,,,,Bosnia and Herzegovina,100,2013,Viet Nam,81,2013,,,,Ghana,33 [26-44],83 712,Dec. 2014,33.00%,"83,712.00",Ghana,22 [17 - 29],21 000 [16 000-28 000],4 581,22.00%,21000,4581
Estonia,EUR,"1,317,997",Europe and Central Asia,A,"2,268.19","2,246.64",21.55,97.14,97.14,97.14,,,0.00%,,,0.00%,,,0.00%,"1,772",2,0.00,0.00,0.00,0.00,0.00,0.00,0.00,0.00,0.00,0.00,0.00,0.00,0.00,0.00,,Nigeria,,,,,,,,,,,,,,,,,,,,,,,,,,Belarus,80,2013,Vanuatu,71,2013,,,,Greece,High-income country,6 997,Dec. 2014,,"6,997.00",Greece,No data,No data,No data,,,
Ethiopia,AFR,"94,887,724",Sub-Saharan Africa,A,"1,596,299.27","1,224,136.78","372,162.50",81.00,97.14,97.14,"362,041.00","724,082",50.00%,"339,043","614,082",55.21%,"22,998.00","110,000.00",22.00%,"64,000","190,000","35,335.27","41,800.00","37,176.37",331.89,"19,101.10",80.04,"13,218.88","10,443.69","3,668.39",951.16,"29,557.42","8,359.88",0.00,"122,888.83",,Pakistan,,,,,,,,,,,,,,,,,,,,,,,,,,Belize,53,2013,Samoa,71,2013,,,,Grenada,No data,No data,No data,,,Grenada,No data,No data,No data,,,
Fiji,WPR,"879,715",Oceania,A,540.71,526.93,13.78,70.00,69.00,67.00,208.00,650,32.00%,208,650,32.00%,,,22.35%,"1,000",,320.00,,12.70,0.04,6.31,0.02,4.58,3.85,1.43,0.34,9.97,3.26,0.00,42.52,,Palau,,,,,,,,,,,,,,,,,,,,,,,,,,Bolivia (Plurinational State of),73,2013,South Africa,71,2013,,,,Guatemala,37 [26-52],18 075,Dec. 2014,37.00%,"18,075.00",Guatemala,35 [26 - 49],2 800 [ 2 000 - 3 900],990,35.00%,2800,990
Finland,EUR,"5,438,972",Europe and Central Asia,A,459.32,442.49,16.83,97.14,97.14,97.14,,,0.00%,,,0.00%,,,0.00%,"525,977",706,0.00,0.00,0.00,0.00,0.00,0.00,0.00,0.00,0.00,0.00,0.00,0.00,0.00,0.00,,Papua New Guinea,,,,,,,,,,,,,,,,,,,,,,,,,,Brazil,86,2013,Zimbabwe,71,2013,,,,Guinea,27 [23-33],No data,No data,,,Guinea,No data,No data,No data,,,
France,EUR,"65,998,570",Europe and Central Asia,A,"23,698.16","23,130.80",567.35,97.14,97.14,97.14,,,0.00%,,,0.00%,,,0.00%,"6,382,408","8,562",0.00,0.00,0.00,0.00,0.00,0.00,0.00,0.00,0.00,0.00,0.00,0.00,0.00,0.00,,Philippines,,,,,,,,,,,,,,,,,,,,,,,,,,Barbados,90,2013,,,,,,,Guinea-Bissau,19 [17-22],8 127,Dec. 2014,19.00%,"8,127.00",Guinea-Bissau,7 [7 - 8],5 300 [ 4 800 - 6 000],395,7.00%,5300,395
French Polynesia,WPR,"273,528",,A,0.00,,,97.14,97.14,97.14,,,36.37%,,,36.37%,,,22.35%,,,,,0.00,0.00,0.00,0.00,0.00,0.00,0.00,0.00,0.00,0.00,0.00,0.00,,Republic of Korea,,,,,,,,,,,,,,,,,,,,,,,,,,Brunei Darussalam,82,2013,,,,,,,Guyana,44 [30-69],4 295,Dec. 2014,44.00%,"4,295.00",Guyana,42 [22 - 65],&lt;500 [&lt;500-&lt;1000],174,42.00%,500,174
Gabon,AFR,"1,817,271",Sub-Saharan Africa,A,"85,440.91","75,109.87","10,331.05",97.14,97.14,97.14,"21,759.00","47,302",46.00%,"21,759","47,302",46.00%,,,35.84%,"40,000","3,900","18,400.00","1,397.58",278.96,2.32,142.86,0.60,99.10,79.42,28.12,7.24,221.24,64.07,0.00,923.92,,Republic of Moldova,,,,,,,,,,,,,,,,,,,,,,,,,,Central African Republic,91,2013,,,,,,,Haiti,44 [42-49],62 861,Dec. 2014,44.00%,"62,861.00",Haiti,34 [33 - 36],8 400 [ 7 900 - 8 800],2 879,34.00%,8400,2879
Gambia,AFR,"1,859,324",Sub-Saharan Africa,A,0.00,,,84.00,97.14,97.14,"4,586.00","19,939",23.00%,"4,206","17,539",23.98%,380.00,"2,400.00",16.00%,"12,000","1,330","2,877.68",212.80,0.00,0.00,0.00,0.00,0.00,0.00,0.00,0.00,0.00,0.00,0.00,0.00,,Romania,,,,,,,,,,,,,,,,,,,,,,,,,,China,85,2013,,,,,,,Honduras,43 [37-51],9 926,Dec. 2014,43.00%,"9,926.00",Honduras,37 [33 - 43],1 900 [ 1 700 - 2 200],700,37.00%,1900,700
Georgia,EUR,"3,776,000",Europe and Central Asia,A,"2,229.11","1,692.38",536.73,86.00,85.00,97.14,"2,541.00","6,515",39.00%,"2,493","6,515",38.26%,48.00,,0.00%,"5,300",257,"2,027.95",0.00,22.60,0.04,11.20,0.04,8.17,6.87,2.57,0.61,17.76,5.85,0.00,75.72,,Rwanda,,,,,,,,,,,,,,,,,,,,,,,,,,C么te d'Ivoire,62,2013,,,,,,,Hungary,No data,138,Dec. 2014,,138.00,Hungary,No data,No data,No data,,,
Germany,EUR,"80,645,605",Europe and Central Asia,A,"30,404.56","29,865.98",538.58,73.00,74.00,97.14,,,0.00%,,,0.00%,,,0.00%,"108,417",145,0.00,0.00,0.00,0.00,0.00,0.00,0.00,0.00,0.00,0.00,0.00,0.00,0.00,0.00,,Samoa,,,,,,,,,,,,,,,,,,,,,,,,,,Cameroon,81,2013,,,,,,,Iceland,High-income country,No data,No data,,,Iceland,No data,No data,No data,,,
Ghana,AFR,"26,346,251",Sub-Saharan Africa,A,"911,423.57","740,046.23","171,377.34",90.00,97.14,97.14,"83,712.00","253,673",33.00%,"79,131","232,673",34.01%,"4,581.00","21,000.00",22.00%,"210,000","32,000","71,420.10","7,040.00","7,209.83",77.72,"3,706.51",16.68,"2,548.50","2,050.29",712.73,190.35,"5,703.99","1,623.89",0.00,"23,840.49",,Sao Tome and Principe,,,,,,,,,,,,,,,,,,,,,,,,,,Democratic Republic of the Congo,79,2013,,,,,,,India,No data,830 707,Dec. 2014,,"830,707.00",India,No data,No data,45 546,,,45546
Greece,EUR,"10,965,211",Europe and Central Asia,A,"2,626.97","2,567.19",59.78,97.14,97.14,97.14,"6,997.00",,0.00%,"6,997",,0.00%,,,0.00%,"14,741",20,0.00,0.00,0.00,0.00,0.00,0.00,0.00,0.00,0.00,0.00,0.00,0.00,0.00,0.00,,Senegal,,,,,,,,,,,,,,,,,,,,,,,,,,Colombia,65,2013,,,,,,,Indonesia,8 [7-8],50 072,Dec. 2014,8.00%,"50,072.00",Indonesia,8 [7 - 10],19 000 [17 000-22 000],1 631,8.00%,19000,1631
Greenland,EUR,"56,483",Europe and Central Asia,A,77.26,77.17,0.10,97.14,97.14,97.14,,,36.37%,,,0.00%,,,22.35%,,,,,0.00,0.00,0.00,0.00,0.00,0.00,0.00,0.00,0.00,0.00,0.00,0.00,,Serbia,,,,,,,,,,,,,,,,,,,,,,,,,,Comoros,90,2013,,,,,,,Iran (Islamic Republic of),8 [5-12],5 585,Sep. 2014,8.00%,"5,585.00",Iran (Islamic Republic of),No data,No data,No data,,,
Grenada,AMR,"105,909",Latin America and the Caribbean,B,392.36,373.45,18.92,68.00,67.00,97.14,,,100.00%,,,100.00%,,,100.00%,,,,,28.90,2.62,17.07,0.04,0.42,21.89,5.25,4.38,3.98,14.29,3.70,98.85,,Sierra Leone,,,,,,,,,,,,,,,,,,,,,,,,,,Cape Verde,95,2013,,,,,,,Iraq,No data,No data,No data,,,Iraq,No data,No data,No data,,,
Guam,WPR,"160,375",,A,252.68,237.55,15.14,97.14,97.14,97.14,,,36.37%,,,36.37%,,,22.35%,,,,,0.64,0.00,0.32,0.00,0.23,0.19,0.07,0.02,0.50,0.16,0.00,2.13,,Solomon Islands,,,,,,,,,,,,,,,,,,,,,,,,,,Cuba,94,2013,,,,,,,Ireland,High-income country,No data,No data,,,Ireland,No data,No data,No data,,,
Guatemala,AMR,"15,596,214",Latin America and the Caribbean,B,"33,595.72","27,891.25","5,704.47",87.00,87.00,97.14,"18,075.00","48,851",37.00%,"17,085","46,051",37.10%,990.00,"2,800.00",35.00%,"54,000","1,219","20,033.94",426.64,337.22,28.64,193.04,0.53,5.30,247.81,64.53,55.79,48.81,172.22,47.29,"1,153.88",,Somalia,,,,,,,,,,,,,,,,,,,,,,,,,,Cyprus,85,2013,,,,,,,Israel,High-income country,No data,No data,,,Israel,No data,No data,No data,,,
Guinea,AFR,"11,536,615",Sub-Saharan Africa,A,"277,760.27","227,076.47","50,683.81",75.00,75.00,83.00,,,35.84%,,,35.84%,,,35.84%,"96,000","13,000","34,401.85","4,658.58","6,285.65",89.28,"3,295.35",15.55,"2,193.68","1,719.19",576.52,162.37,"5,000.50","1,314.16",0.00,"20,652.25",,South Africa,,,,,,,,,,,,,,,,,,,,,,,,,,Germany,73,2013,,,,,,,Italy,High-income country,No data,No data,,,Italy,No data,No data,No data,,,
Guinea-Bissau,AFR,"1,681,495",Sub-Saharan Africa,A,"117,223.54","89,902.95","27,320.59",69.00,53.00,82.00,"8,127.00","42,774",19.00%,"7,732","37,474",20.63%,395.00,"5,300.00",7.00%,"34,000","5,400","7,015.27",378.00,"1,535.50",13.01,776.37,3.44,546.56,454.13,161.95,41.94,"1,206.06",368.81,0.00,"5,107.75",,Sri Lanka,,,,,,,,,,,,,,,,,,,,,,,,,,Djibouti,81,2013,,,,,,,Jamaica,31 [26-41],9 141,Dec. 2014,31.00%,"9,141.00",Jamaica,No data,No data,No data,,,
Guyana,AMR,"758,081",Latin America and the Caribbean,B,"11,542.90","10,808.84",734.06,80.00,80.00,63.00,"4,295.00","9,761",44.00%,"4,121","9,261",44.50%,174.00,500.00,42.00%,"6,500",59,"2,892.28",24.89,217.68,19.42,125.18,0.33,3.39,160.87,41.33,35.31,31.38,111.30,29.90,746.20,,Sudan,,,,,,,,,,,,,,,,,,,,,,,,,,Nepal,86,2013,,,,,,,Japan,High-income country,No data,No data,,,Japan,No data,No data,No data,,,
Haiti,AMR,"10,431,776",Latin America and the Caribbean,B,"443,749.22","362,529.00","81,220.22",76.00,76.00,74.00,"62,861.00","142,866",44.00%,"59,982","134,466",44.61%,"2,879.00","8,400.00",34.00%,"130,000","15,000","57,989.87","5,100.00","9,631.22",821.66,"5,529.81",14.87,150.14,"7,099.28","1,829.07","1,579.54","1,387.98","4,906.12","1,338.51","32,949.70",,Sudan,,,,,,,,,,,,,,,,,,,,,,,,,,New Zealand,99,2013,,,,,,,Jordan,No data,No data,No data,,,Jordan,No data,No data,No data,,,
Honduras,AMR,"8,657,785",Latin America and the Caribbean,B,"20,363.55","18,726.73","1,636.82",84.00,84.00,83.00,"9,926.00","23,084",43.00%,"9,226","21,184",43.55%,700.00,"1,900.00",37.00%,"24,000",677,"10,452.55",250.37,297.60,26.50,171.03,0.45,4.65,219.77,56.48,48.38,42.94,152.19,40.98,"1,019.98",,Swaziland,,,,,,,,,,,,,,,,,,,,,,,,,,Oman,46,2013,,,,,,,Kazakhstan,25 [22-30],5 000,Dec. 2014,25.00%,"5,000.00",Kazakhstan,No data,No data,No data,,,
Hungary,EUR,"9,893,082",Europe and Central Asia,A,"1,347.84","1,326.05",21.79,97.14,97.14,97.14,138.00,,0.00%,138,,0.00%,,,0.00%,"956,713","1,283",0.00,0.00,0.00,0.00,0.00,0.00,0.00,0.00,0.00,0.00,0.00,0.00,0.00,0.00,,Syrian Arab Republic,,,,,,,,,,,,,,,,,,,,,,,,,,Philippines,86,2013,,,,,,,Kenya,55 [48-63],755 226,Dec. 2014,55.00%,"755,226.00",Kenya,41 [37 - 47],160 000 [140 000-180 000],66 070,41.00%,160000,66070
Iceland,EUR,"323,764",Europe and Central Asia,A,96.55,94.61,1.93,97.14,97.14,97.14,,,0.00%,,,0.00%,,,0.00%,"31,310",42,0.00,0.00,0.00,0.00,0.00,0.00,0.00,0.00,0.00,0.00,0.00,0.00,0.00,0.00,,Tajikistan,,,,,,,,,,,,,,,,,,,,,,,,,,Papua New Guinea,77,2013,,,,,,,Kiribati,No data,No data,No data,,,Kiribati,No data,No data,No data,,,
India,SEA,"1,278,562,207","East, South and South-East Asia",A,"6,224,163.71","5,605,625.66","618,538.05",70.00,97.14,97.14,"830,707.00","3,299,013",25.18%,"785,161","3,299,013",23.80%,"45,546.00",,25.18%,"2,000,000","108,640","475,997.46","27,356.00","109,423.60","1,003.92","55,724.93",246.97,"38,792.38","31,897.84","11,286.75","2,950.55","86,194.53","25,706.14",0.00,"363,227.61",,Tanzania,,,,,,,,,,,,,,,,,,,,,,,,,,Paraguay,88,2013,,,,,,,Kuwait,No data,No data,No data,,,Kuwait,No data,No data,No data,,,
Indonesia,SEA,"252,032,263","East, South and South-East Asia",A,"465,568.08","442,510.97","23,057.11",97.14,97.14,97.14,"50,072.00","625,900",8.00%,"48,441","606,900",7.98%,"1,631.00","19,000.00",8.00%,"500,000","21,476","39,908.55","1,718.09",251.38,1.38,125.08,0.53,89.98,77.19,28.30,7.07,196.17,64.42,0.00,841.50,,Thailand,,,,,,,,,,,,,,,,,,,,,,,,,,Romania,91,2013,,,,,,,Kyrgyzstan,19 [14-24],1 718,Dec. 2014,19.00%,"1,718.00",Kyrgyzstan,&gt;95 [72-&gt;95],&lt;500 [&lt;500-&lt;500],375,,500,375
Iran,EMR,"77,435,384",Middle East and North Africa,A,"20,255.36","20,204.20",51.16,97.14,97.14,97.14,,,36.37%,,,0.00%,,,22.35%,"59,000","4,115",0.00,919.66,0.09,0.01,0.05,0.00,0.03,0.01,0.00,0.00,0.07,0.00,0.00,0.26,,The Former Yugoslav Republic of Macedonia,,,,,,,,,,,,,,,,,,,,,,,,,,Rwanda,92,2013,,,,,,,Lao People's Democratic Republic,30 [27-33],3 336,Dec. 2014,30.00%,"3,336.00",Lao People's Democratic Republic,24 [21 - 27],&lt;1000 [&lt;1000- 1 000],214,24.00%,1000,214
Iraq,EMR,"33,883,145",Middle East and North Africa,A,"12,291.55","9,897.25","2,394.30",97.14,97.14,97.14,,,0.00%,,,0.00%,,,0.00%,,,,,0.00,0.00,0.00,0.00,0.00,0.00,0.00,0.00,0.00,0.00,0.00,0.00,,Timor-Leste,,,,,,,,,,,,,,,,,,,,,,,,,,Saudi Arabia,96,2013,,,,,,,Latvia,High-income country,1 091,Dec. 2014,,"1,091.00",Latvia,No data,No data,No data,,,
Ireland,EUR,"4,598,294",Europe and Central Asia,A,935.82,913.63,22.19,97.14,97.14,97.14,,,0.00%,,,0.00%,,,0.00%,"444,679",597,0.00,0.00,0.00,0.00,0.00,0.00,0.00,0.00,0.00,0.00,0.00,0.00,0.00,0.00,,Togo,,,,,,,,,,,,,,,,,,,,,,,,,,Sudan,69,2013,,,,,,,Lebanon,No data,785,Dec. 2014,,785.00,Lebanon,No data,No data,No data,,,
Israel,EUR,"8,059,500",Middle East and North Africa,A,"2,860.66","2,622.60",238.06,97.14,97.14,97.14,,,0.00%,,,0.00%,,,0.00%,"779,396","1,046",0.00,0.00,0.00,0.00,0.00,0.00,0.00,0.00,0.00,0.00,0.00,0.00,0.00,0.00,,Tonga,,,,,,,,,,,,,,,,,,,,,,,,,,Senegal,72,2013,,,,,,,Lesotho,35 [33-38],111 322,Dec. 2014,35.00%,"111,322.00",Lesotho,29 [27 - 32],19 000 [18 000-21 000],5 687,29.00%,19000,5687
Italy,EUR,"60,233,948",Europe and Central Asia,A,"48,140.84","47,380.18",760.66,97.14,97.14,97.14,,,0.00%,,,0.00%,,,0.00%,"5,824,938","7,814",0.00,0.00,0.00,0.00,0.00,0.00,0.00,0.00,0.00,0.00,0.00,0.00,0.00,0.00,,Tunisia,,,,,,,,,,,,,,,,,,,,,,,,,,Singapore,95,2013,,,,,,,Liberia,21 [18-24],6 910,Dec. 2014,21.00%,"6,910.00",Liberia,10 [9 - 12],3 900 [ 3 500 - 4 400],406,10.00%,3900,406
Jamaica,AMR,"2,851,807",Latin America and the Caribbean,B,"7,739.07","7,659.45",79.62,90.00,90.00,75.00,"9,141.00","29,487",31.00%,"9,141","29,487",31.00%,,,100.00%,"28,000",430,"8,680.00",429.60,51.48,4.68,29.47,0.08,0.81,37.89,10.22,8.42,7.48,26.51,7.14,177.05,,Turkey,,,,,,,,,,,,,,,,,,,,,,,,,,Sierra Leone,70,2013,,,,,,,Libya,No data,No data,No data,,,Libya,No data,No data,No data,,,
Japan,WPR,"127,445,000","East, South and South-East Asia",A,"9,460.15","8,704.75",755.40,97.14,97.14,97.14,,,25.18%,,,25.18%,,,25.18%,"66,913","3,638","16,848.99",916.02,16.68,0.12,8.43,0.04,5.94,4.93,1.77,0.45,13.12,4.03,0.00,55.52,,Turkmenistan,,,,,,,,,,,,,,,,,,,,,,,,,,El Salvador,72,2013,,,,,,,Lithuania,High-income country,547,Dec. 2014,,547.00,Lithuania,No data,No data,No data,,,
Jordan,EMR,"8,413,464",Middle East and North Africa,A,373.07,320.96,52.12,97.14,97.14,97.14,,,0.00%,,,0.00%,,,0.00%,,,,,0.00,0.00,0.00,0.00,0.00,0.00,0.00,0.00,0.00,0.00,0.00,0.00,,Tuvalu,,,,,,,,,,,,,,,,,,,,,,,,,,Somalia,79,2013,,,,,,,Luxembourg,High-income country,No data,No data,,,Luxembourg,No data,No data,No data,,,
Kazakhstan,EUR,"17,035,275",Europe and Central Asia,A,"17,704.66","16,744.43",960.23,75.00,74.00,90.00,"5,000.00","20,000",25.00%,"5,000","20,000",25.00%,,,0.00%,"92,900","1,159","23,225.02",0.00,254.43,0.48,125.48,0.48,91.93,78.64,29.53,7.02,199.00,67.20,0.00,854.19,,Uganda,,,,,,,,,,,,,,,,,,,,,,,,,,South Sudan,78,2013,,,,,,,Madagascar,2 [2-2],773,Dec. 2014,2.00%,773.00,Madagascar,1 [1 - 1],4 500 [ 3 900 - 5 200],29,1.00%,4500,29
Kenya,AFR,"44,826,849",Sub-Saharan Africa,A,"2,906,561.48","2,353,969.19","552,592.29",92.00,92.00,94.00,"755,226.00","1,373,138",55.00%,"689,156","1,213,138",56.81%,"66,070.00","160,000.00",41.00%,"1,400,000","230,000","795,307.92","94,300.00","32,691.09",368.46,"17,053.57",73.83,"11,504.63","8,919.85","3,058.08",821.89,"26,104.16","6,971.23",0.00,"107,566.79",,Ukraine,,,,,,,,,,,,,,,,,,,,,,,,,,Sao Tome and Principe,82,2013,,,,,,,Malawi,50 [47-54],536 527,Dec. 2014,50.00%,"536,527.00",Malawi,30 [28 - 33],130 000 [120 000-140 000],40 325,30.00%,130000,40325
Kiribati,WPR,"108,535",Oceania,A,27.76,23.63,4.13,97.14,97.14,97.14,,,36.37%,,,36.37%,,,22.35%,,,,,0.07,0.00,0.03,0.00,0.02,0.02,0.01,0.00,0.05,0.02,0.00,0.23,,Uzbekistan,,,,,,,,,,,,,,,,,,,,,,,,,,Suriname,70,2013,,,,,,,Malaysia,21 [19-24],21 654,Dec. 2014,21.00%,"21,654.00",Malaysia,No data,No data,No data,,,
Kuwait,EMR,"3,598,385",Middle East and North Africa,A,278.12,150.03,128.09,92.00,97.14,97.14,,,0.00%,,,0.00%,,,0.00%,,,,,0.00,0.00,0.00,0.00,0.00,0.00,0.00,0.00,0.00,0.00,0.00,0.00,,Vanuatu,,,,,,,,,,,,,,,,,,,,,,,,,,Sweden,98,2013,,,,,,,Maldives,No data,No data,No data,,,Maldives,No data,No data,No data,,,
Kyrgyzstan,EUR,"5,719,600",Europe and Central Asia,A,"13,558.59","11,272.41","2,286.19",83.00,78.00,96.00,"1,718.00","9,042",19.00%,"1,343","8,542",15.72%,375.00,500.00,0.00%,"6,200",389,974.77,0.00,72.01,0.14,35.40,0.14,26.00,22.51,8.47,2.02,56.15,19.27,0.00,242.10,,Viet Nam,,,,,,,,,,,,,,,,,,,,,,,,,,Swaziland,89,2013,,,,,,,Mali,24 [20-29],31 472,Dec. 2014,24.00%,"31,472.00",Mali,13 [11 - 16],18 000 [15 000-22 000],2 359,13.00%,18000,2359
Lao People's Democratic Republic,WPR,"6,494,557","East, South and South-East Asia",A,0.00,,,84.00,97.14,97.14,"3,336.00","11,120",30.00%,"3,122","10,120",30.85%,214.00,"1,000.00",24.00%,"9,700",590,"2,992.43",141.65,0.00,0.00,0.00,0.00,0.00,0.00,0.00,0.00,0.00,0.00,0.00,0.00,,West Bank and Gaza Strip,,,,,,,,,,,,,,,,,,,,,,,,,,Seychelles,37,2013,,,,,,,Malta,High-income country,No data,No data,,,Malta,No data,No data,No data,,,
Latvia,EUR,"2,012,647",Europe and Central Asia,A,"6,217.89","6,139.21",78.68,97.14,97.14,97.14,"1,091.00",,0.00%,"1,091",,0.00%,,,0.00%,"2,706",4,0.00,0.00,0.00,0.00,0.00,0.00,0.00,0.00,0.00,0.00,0.00,0.00,0.00,0.00,,Yemen,,,,,,,,,,,,,,,,,,,,,,,,,,Chad,91,2013,,,,,,,Marshall Islands,No data,No data,No data,,,Marshall Islands,No data,No data,No data,,,
Lebanon,EMR,"5,276,102",Middle East and North Africa,A,"1,684.23","1,627.21",57.02,88.00,97.14,97.14,785.00,,0.00%,785,,0.00%,,,0.00%,"5,234",280,0.00,0.00,0.00,0.00,0.00,0.00,0.00,0.00,0.00,0.00,0.00,0.00,0.00,0.00,,Zambia,,,,,,,,,,,,,,,,,,,,,,,,,,Togo,89,2013,,,,,,,Mauritania,14 [12-18],2 263,Dec. 2014,14.00%,"2,263.00",Mauritania,7 [6 - 9],1 800 [ 1 400 - 2 200],126,7.00%,1800,126
Lesotho,AFR,"2,117,361",Sub-Saharan Africa,A,"618,564.69","545,393.77","73,170.92",97.14,97.14,97.14,"111,322.00","318,063",35.00%,"105,635","299,063",35.32%,"5,687.00","19,000.00",29.00%,"300,000","39,000","105,966.02","11,310.00","1,527.87",13.19,779.74,3.35,542.50,440.64,156.11,40.43,"1,207.44",355.60,0.00,"5,066.86",,Zimbabwe,,,,,,,,,,,,,,,,,,,,,,,,,,Thailand,83,2013,,,,,,,Mauritius,29 [26-31],2 353,Dec. 2014,29.00%,"2,353.00",Mauritius,No data,No data,No data,,,
Liberia,AFR,"4,286,291",Sub-Saharan Africa,A,"122,584.29","95,820.22","26,764.07",74.00,74.00,74.00,"6,910.00","32,905",21.00%,"6,504","29,005",22.42%,406.00,"3,900.00",10.00%,"21,000","4,000","4,709.02",400.00,"1,527.69",14.74,776.90,3.51,542.18,446.37,157.45,41.43,"1,202.04",358.61,0.00,"5,070.92",,,,,,,,,,,,,,,,,,,,,,,,,,,,Tajikistan,67,2013,,,,,,,Mexico,50 [36-70],97 402,Dec. 2014,50.00%,"97,402.00",Mexico,No data,No data,No data,,,
Libya,EMR,"6,195,970",Sub-Saharan Africa,A,"2,502.09","2,288.81",213.28,97.14,97.14,97.14,,,35.84%,,,35.84%,,,35.84%,,,,,6.42,0.05,3.27,0.01,2.28,1.86,0.66,0.17,5.07,1.51,0.00,21.31,,,,,,,,,,,,,,,,,,,,,,,,,,,,Timor-Leste,73,2013,,,,,,,Micronesia (Federated States of),No data,No data,No data,,,Micronesia (Federated States of),No data,No data,No data,,,
Lithuania,EUR,"2,957,689",Europe and Central Asia,A,"2,924.93","2,876.25",48.68,97.00,97.14,97.14,547.00,,0.00%,547,,0.00%,,,0.00%,"286,024",384,0.00,0.00,0.00,0.00,0.00,0.00,0.00,0.00,0.00,0.00,0.00,0.00,0.00,0.00,,,,,,,,,,,,,,,,,,,,,,,,,,,,Tonga,100,2013,,,,,,,Monaco,No data,No data,No data,,,Monaco,No data,No data,No data,,,
Luxembourg,EUR,"543,360",Europe and Central Asia,A,204.88,202.90,1.98,97.14,97.14,97.14,,,0.00%,,,0.00%,,,0.00%,"52,546",70,0.00,0.00,0.00,0.00,0.00,0.00,0.00,0.00,0.00,0.00,0.00,0.00,0.00,0.00,,,,,,,,,,,,,,,,,,,,,,,,,,,,Trinidad and Tobago,93,2013,,,,,,,Mongolia,No data,No data,No data,,,Mongolia,No data,No data,No data,,,
Madagascar,AFR,"22,961,146",Sub-Saharan Africa,A,"124,421.85","108,098.93","16,322.92",69.00,97.14,97.14,773.00,"38,650",2.00%,744,"34,150",2.18%,29.00,"4,500.00",1.00%,"55,000","16,424","1,198.24",164.24,182.83,1.22,91.17,0.40,65.28,56.08,20.41,5.18,142.53,46.45,0.00,611.54,,,,,,,,,,,,,,,,,,,,,,,,,,,,Tunisia,91,2013,,,,,,,Montenegro,No data,82,Dec. 2014,,82.00,Montenegro,No data,No data,No data,,,
Malawi,AFR,"16,577,147",Sub-Saharan Africa,A,"2,267,245.23","1,692,107.51","575,137.72",69.00,97.14,97.14,"536,527.00","1,073,054",50.00%,"496,202","943,054",52.62%,"40,325.00","130,000.00",30.00%,"910,000","190,000","478,810.14","57,000.00","85,107.82","1,067.16","44,438.16",199.76,"29,919.21","23,212.73","7,876.05","2,158.14","67,871.78","17,955.50",0.00,"279,806.31",,,,,,,,,,,,,,,,,,,,,,,,,,,,Uganda,83,2013,,,,,,,Morocco,25 [18-32],7 292,Dec. 2014,25.00%,"7,292.00",Morocco,76 [53 - 92],&lt;1000 [&lt;500-&lt;1000],452,76.00%,1000,452
Malaysia,WPR,"29,706,724","East, South and South-East Asia",A,"83,925.14","83,347.08",578.06,95.00,95.00,97.00,"21,654.00","103,114",21.00%,"21,654","103,114",21.00%,,,25.18%,"76,000","2,596","15,960.00",653.67,213.12,0.53,105.23,0.41,76.86,65.89,24.65,5.91,166.57,56.10,0.00,715.27,,,,,,,,,,,,,,,,,,,,,,,,,,,,Ukraine,87,2013,,,,,,,Mozambique,42 [36-56],646 312,Dec. 2014,42.00%,"646,312.00",Mozambique,37 [32 - 45],160 000 [140 000-200 000],60 768,37.00%,160000,60768
Maldives,SEA,"393,000","East, South and South-East Asia",A,41.31,35.51,5.80,75.00,75.00,97.14,,,25.18%,,,25.18%,,,25.18%,100,29,25.18,7.25,0.64,0.01,0.33,0.00,0.23,0.18,0.06,0.02,0.51,0.14,0.00,2.12,,,,,,,,,,,,,,,,,,,,,,,,,,,,Uruguay,72,2013,,,,,,,Myanmar,36 [33-40],77 444,Sep. 2014,36.00%,"77,444.00",Myanmar,47 [40 - 53],11 000 [ 9 400-12 000],5 128,47.00%,11000,5128
Mali,AFR,"16,477,818",Sub-Saharan Africa,A,"269,479.56","249,309.96","20,169.60",64.00,97.14,97.14,"31,472.00","131,133",24.00%,"29,113","113,133",25.73%,"2,359.00","18,000.00",13.00%,"86,000","11,787","22,130.68","1,532.28","5,863.52",27.08,"2,925.71",11.83,"2,105.19","1,773.26",651.82,160.32,"4,598.53","1,483.94",0.00,"19,601.20",,,,,,,,,,,,,,,,,,,,,,,,,,,,Uzbekistan,92,2013,,,,,,,Namibia,50 [46-54],131 722,Sep. 2014,50.00%,"131,722.00",Namibia,No data,No data,No data,,,
Malta,EUR,"423,374",Europe and Central Asia,A,129.78,127.32,2.46,97.14,97.14,97.14,,,0.00%,,,0.00%,,,0.00%,569,1,0.00,0.00,0.00,0.00,0.00,0.00,0.00,0.00,0.00,0.00,0.00,0.00,0.00,0.00,,,,,,,,,,,,,,,,,,,,,,,,,,,,Saint Vincent and the Grenadines,68,2013,,,,,,,Nauru,No data,No data,No data,,,Nauru,No data,No data,No data,,,
Marshall Islands,WPR,"52,793",Oceania,A,100.50,83.30,17.19,97.14,97.14,97.14,,,36.37%,,,36.37%,,,22.35%,,,,,0.24,0.00,0.12,0.00,0.09,0.07,0.02,0.01,0.19,0.06,0.00,0.81,,,,,,,,,,,,,,,,,,,,,,,,,,,,Venezuela (Bolivarian Republic of),96,2013,,,,,,,Nepal,27 [24-29],10 407,Dec. 2014,27.00%,"10,407.00",Nepal,40 [35 - 45],2 000 [ 1 800 - 2 200],783,40.00%,2000,783
Mauritania,AFR,"3,946,170",Sub-Saharan Africa,A,"31,170.37","26,768.22","4,402.15",72.00,72.00,88.00,"2,263.00","16,164",14.00%,"2,137","14,364",14.88%,126.00,"1,800.00",7.00%,"9,500","461,304","1,413.33","32,291.30",287.75,2.02,144.38,0.63,102.71,86.65,31.33,7.97,225.33,71.33,0.00,960.08,,,,,,,,,,,,,,,,,,,,,,,,,,,,Viet Nam,85,2013,,,,,,,Netherlands,High-income country,No data,No data,,,Netherlands,No data,No data,No data,,,
Mauritius,AFR,"1,258,653",Sub-Saharan Africa,A,"4,801.91","4,652.67",149.23,80.00,80.00,97.14,"2,353.00","8,114",29.00%,"2,353","8,114",29.00%,,,35.84%,"10,000","147,136","2,900.00","52,726.42",69.02,0.31,34.52,0.14,24.76,20.75,7.63,1.87,54.21,17.36,0.00,230.57,,,,,,,,,,,,,,,,,,,,,,,,,,,,Vanuatu,44,2013,,,,,,,New Zealand,High-income country,No data,No data,,,New Zealand,No data,No data,No data,,,
Mexico,AMR,"122,535,969",Latin America and the Caribbean,B,"281,492.17","265,644.27","15,847.90",91.00,91.00,92.00,"97,402.00","194,804",50.00%,"97,402","194,804",50.00%,,,100.00%,"170,000","9,577","85,000.00","9,577.28","2,883.65",248.36,"1,665.07",4.34,44.33,"2,138.41",552.78,464.86,412.14,"1,462.60",393.57,"9,876.53",,,,,,,,,,,,,,,,,,,,,,,,,,,,Yemen,77,2013,,,,,,,Nicaragua,29 [22-45],2 935,Dec. 2014,29.00%,"2,935.00",Nicaragua,35 [25 - 62],&lt;500 [&lt;500-&lt;1000],115,35.00%,500,115
Micronesia (Federated States of),WPR,"103,702",Oceania,A,0.00,,,97.14,97.14,97.14,,,36.37%,,,36.37%,,,22.35%,,,,,0.00,0.00,0.00,0.00,0.00,0.00,0.00,0.00,0.00,0.00,0.00,0.00,,,,,,,,,,,,,,,,,,,,,,,,,,,,South Africa,42,2013,,,,,,,Niger,22 [19-25],No data,No data,,,Niger,No data,No data,No data,,,
Monaco,EUR,"37,971",,A,0.00,,,97.14,97.14,97.14,,,36.37%,,,36.37%,,,22.35%,,,,,0.00,0.00,0.00,0.00,0.00,0.00,0.00,0.00,0.00,0.00,0.00,0.00,,,,,,,,,,,,,,,,,,,,,,,,,,,,Zambia,81,2013,,,,,,,Nigeria,22 [20-24],747 382,Dec. 2014,22.00%,"747,382.00",Nigeria,12 [11 - 13],380 000 [350 000-410 000],44 024,12.00%,380000,44024
Mongolia,WPR,"2,869,107","East, South and South-East Asia",A,158.42,144.56,13.86,95.00,95.00,97.14,,,25.18%,,,25.18%,,,25.18%,"1,454",82,366.24,20.62,0.49,0.00,0.25,0.00,0.17,0.14,0.05,0.01,0.38,0.12,0.00,1.63,,,,,,,,,,,,,,,,,,,,,,,,,,,,Zimbabwe,86,2013,,,,,,,Niue,No data,No data,No data,,,Niue,No data,No data,No data,,,
Montenegro,EUR,"621,207",Europe and Central Asia,A,54.22,53.28,0.94,80.00,80.00,97.14,82.00,,0.00%,82,,0.00%,,,0.00%,,,,,0.00,0.00,0.00,0.00,0.00,0.00,0.00,0.00,0.00,0.00,0.00,0.00,,,,,,,,,,,,,,,,,,,,,,,,,,,,,,,,,,,,,Norway,High-income country,No data,No data,,,Norway,No data,No data,No data,,,
Montserrat,AMR,"4,959",,B,0.00,,,97.14,97.14,97.14,,,36.37%,,,36.37%,,,22.35%,,,,,0.00,0.00,0.00,0.00,0.00,0.00,0.00,0.00,0.00,0.00,0.00,0.00,,,,,,,,,,,,,,,,,,,,,,,,,,,,,,,,,,,,,Oman,High-income country,1 217,Dec. 2014,,"1,217.00",Oman,No data,No data,No data,,,
Morocco,EMR,"33,824,769",Middle East and North Africa,A,"20,543.24","19,366.55","1,176.70",91.00,97.14,97.14,"7,292.00","29,168",25.00%,"6,840","28,168",24.28%,452.00,"1,000.00",76.00%,"25,000","1,797","6,070.72","1,366.05",127.93,1.62,67.47,0.30,44.18,35.06,11.94,3.30,101.90,27.20,0.00,420.91,,,,,,,,,,,,,,,,,,,,,,,,,,,,,,,,,,,,,Pakistan,5 [3-11],5 121,Dec. 2014,5.00%,"5,121.00",Pakistan,5 [3 - 9],2 100 [ 1 300 - 3 700],102,5.00%,2100,102
Mozambique,AFR,"26,434,372",Sub-Saharan Africa,A,"4,837,317.92","3,360,576.89","1,476,741.03",71.00,97.14,97.14,"646,312.00","1,538,838",42.00%,"585,544","1,378,838",42.47%,"60,768.00","160,000.00",37.00%,"1,300,000","170,000","552,064.24","62,900.00","147,365.88","2,981.20","79,536.37",407.70,"50,511.88","37,733.02","11,760.71","3,679.79","118,210.00","26,836.60",0.00,"479,023.15",,,,,,,,,,,,,,,,,,,,,,,,,,,,,,,,,,,,,Palau,No data,No data,No data,,,Palau,No data,No data,No data,,,
Myanmar,SEA,"51,448,196","East, South and South-East Asia",A,"453,127.51","440,523.56","12,603.95",84.00,97.14,97.14,"77,444.00","215,122",36.00%,"72,316","204,122",35.43%,"5,128.00","11,000.00",47.00%,"200,000","4,631","70,855.59","2,176.49","6,459.28",28.12,"3,238.85",12.69,"2,317.42","1,926.22",707.54,173.00,"5,085.63","1,611.04",0.00,"21,559.79",,,,,,,,,,,,,,,,,,,,,,,,,,,,,,,,,,,,,Panama,54 [42-77],8 870,Dec. 2013,54.00%,"8,870.00",Panama,No data,No data,No data,,,
Namibia,AFR,"2,316,520",Sub-Saharan Africa,A,"288,492.94","269,600.50","18,892.44",81.00,81.00,86.00,"131,722.00","263,444",50.00%,"131,722","263,444",50.00%,,,35.84%,"190,000","19,000","95,000.00","6,808.70","6,884.96",34.34,"3,478.06",13.45,"2,469.65","2,005.41",730.08,179.35,"5,449.21","1,662.93",0.00,"22,907.44",,,,,,,,,,,,,,,,,,,,,,,,,,,,,,,,,,,,,Papua New Guinea,44 [40-49],16 489,Dec. 2014,44.00%,"16,489.00",Papua New Guinea,18 [16 - 19],4 300 [ 3 900 - 4 700],755,18.00%,4300,755
Nauru,WPR,"10,821",Oceania,A,0.00,,,97.14,97.14,97.14,,,36.37%,,,36.37%,,,22.35%,,,,,0.00,0.00,0.00,0.00,0.00,0.00,0.00,0.00,0.00,0.00,0.00,0.00,,,,,,,,,,,,,,,,,,,,,,,,,,,,,,,,,,,,,Paraguay,29 [21-55],4 894,Dec. 2014,29.00%,"4,894.00",Paraguay,No data,No data,No data,,,
Nepal,SEA,"27,985,310","East, South and South-East Asia",A,"84,262.78","75,942.57","8,320.20",86.00,97.14,97.14,"10,407.00","38,544",27.00%,"9,624","36,544",26.34%,783.00,"2,000.00",40.00%,"51,000","2,738","13,430.88","1,095.09",811.06,9.49,419.74,1.92,284.66,229.12,79.04,21.44,642.06,180.08,0.00,"2,678.60",,,,,,,,,,,,,,,,,,,,,,,,,,,,,,,,,,,,,Peru,46 [39-64],32 912,Sep. 2014,46.00%,"32,912.00",Peru,No data,No data,No data,,,
Netherlands,EUR,"16,804,432",Europe and Central Asia,A,"4,219.40","4,128.82",90.58,97.14,97.14,97.14,,,0.00%,,,0.00%,,,0.00%,"22,591",30,0.00,0.00,0.00,0.00,0.00,0.00,0.00,0.00,0.00,0.00,0.00,0.00,0.00,0.00,,,,,,,,,,,,,,,,,,,,,,,,,,,,,,,,,,,,,Philippines,24 [14-69],8 481,Dec. 2014,24.00%,"8,481.00",Philippines,5 [3 - 19],&lt;500 [&lt;500- 1 600],24,5.00%,500,24
New Caledonia,WPR,"263,000",,A,0.00,,,97.14,97.14,97.14,,,36.37%,,,36.37%,,,22.35%,,,,,0.00,0.00,0.00,0.00,0.00,0.00,0.00,0.00,0.00,0.00,0.00,0.00,,,,,,,,,,,,,,,,,,,,,,,,,,,,,,,,,,,,,Poland,High-income country,7 881,Dec. 2014,,"7,881.00",Poland,No data,No data,No data,,,
New Zealand,WPR,"4,442,100",,A,845.93,823.77,22.15,97.14,97.14,97.14,,,36.37%,,,36.37%,,,22.35%,"13,415",,"4,879.09",,2.17,0.01,1.08,0.00,0.78,0.65,0.24,0.06,1.70,0.55,0.00,7.25,,,,,,,,,,,,,,,,,,,,,,,,,,,,,,,,,,,,,Portugal,High-income country,No data,No data,,,Portugal,No data,No data,No data,,,
Nicaragua,AMR,"5,945,747",Latin America and the Caribbean,B,"4,149.68","4,126.34",23.34,79.00,79.00,97.14,"2,935.00","10,121",29.00%,"2,820","9,621",29.31%,115.00,500.00,35.00%,"6,800",465,"1,993.20",162.65,53.40,5.03,30.53,0.08,0.85,39.27,10.28,8.74,7.79,27.60,7.41,183.57,,,,,,,,,,,,,,,,,,,,,,,,,,,,,,,,,,,,,Qatar,No data,No data,No data,,,Qatar,No data,No data,No data,,,
Niger,AFR,"18,426,372",Sub-Saharan Africa,A,"210,827.38","152,334.23","58,493.15",70.00,71.00,65.00,,,35.84%,,,35.84%,,,35.84%,"41,000","13,181","14,692.46","4,723.29","5,777.63",118.26,"3,114.39",16.16,"1,979.45","1,488.61",464.11,145.68,"4,627.11","1,058.93",0.00,"18,790.31",,,,,,,,,,,,,,,,,,,,,,,,,,,,,,,,,,,,,Republic of Korea,High-income country,No data,No data,,,Republic of Korea,No data,No data,No data,,,
Nigeria,AFR,"171,829,303",Sub-Saharan Africa,A,"10,257,695.95","7,942,007.52","2,315,688.43",81.00,81.00,80.00,"747,382.00","3,397,191",22.00%,"703,358","3,017,191",23.31%,"44,024.00","380,000.00",12.00%,"3,000,000","420,000","699,350.51","50,400.00","98,678.72","1,086.17","50,491.99",233.25,"34,901.83","28,475.32","9,917.90","2,659.63","77,770.15","22,592.80",0.00,"326,807.76",,,,,,,,,,,,,,,,,,,,,,,,,,,,,,,,,,,,,Republic of Moldova,18 [15-21],3 116,Dec. 2014,18.00%,"3,116.00",Republic of Moldova,66 [45 - 84],&lt;200 [&lt;200-&lt;200],98,66.00%,200,98
Niue,WPR,,Oceania,A,0.00,,,97.14,97.14,97.14,,,36.37%,,,36.37%,,,22.35%,,,,,0.00,0.00,0.00,0.00,0.00,0.00,0.00,0.00,0.00,0.00,0.00,0.00,,,,,,,,,,,,,,,,,,,,,,,,,,,,,,,,,,,,,Romania,No data,9 571,Dec. 2014,,"9,571.00",Romania,No data,No data,No data,,,
Northern Mariana Islands,WPR,"54,036",,A,212.16,200.68,11.48,97.14,97.14,97.14,,,36.37%,,,36.37%,,,22.35%,,,,,0.54,0.00,0.27,0.00,0.19,0.16,0.06,0.01,0.42,0.13,0.00,1.80,,,,,,,,,,,,,,,,,,,,,,,,,,,,,,,,,,,,,Russian Federation,High-income country,183 701,Dec. 2014,,"183,701.00",Russian Federation,No data,No data,No data,,,
Norway,EUR,"5,079,623",Europe and Central Asia,A,835.85,821.14,14.71,97.14,97.14,97.14,,,0.00%,,,0.00%,,,0.00%,"6,829",9,0.00,0.00,0.00,0.00,0.00,0.00,0.00,0.00,0.00,0.00,0.00,0.00,0.00,0.00,,,,,,,,,,,,,,,,,,,,,,,,,,,,,,,,,,,,,Rwanda,68 [61-75],142 855,Dec. 2014,68.00%,"142,855.00",Rwanda,37 [32 - 42],22 000 [19 000-25 000],8 136,37.00%,22000,8136
Oman,EMR,"3,711,481",Middle East and North Africa,A,"1,044.79",980.43,64.36,46.00,48.00,24.00,"1,217.00",,0.00%,"1,217",,0.00%,,,0.00%,"3,682",197,0.00,0.00,0.00,0.00,0.00,0.00,0.00,0.00,0.00,0.00,0.00,0.00,0.00,0.00,,,,,,,,,,,,,,,,,,,,,,,,,,,,,,,,,,,,,Saint Kitts and Nevis,No data,No data,No data,,,Saint Kitts and Nevis,No data,No data,No data,,,
Pakistan,EMR,"181,712,595","East, South and South-East Asia",A,"82,061.03","73,496.16","8,564.87",97.14,97.14,97.14,"5,121.00","102,420",5.00%,"5,019","100,320",5.00%,102.00,"2,100.00",5.00%,"58,000","15,614","2,901.73",780.70,27.71,0.26,14.00,0.06,9.83,8.29,2.94,0.77,21.68,6.70,0.00,92.26,,,,,,,,,,,,,,,,,,,,,,,,,,,,,,,,,,,,,Saint Lucia,No data,No data,No data,,,Saint Lucia,No data,No data,No data,,,
Palau,WPR,"20,920",Oceania,A,0.00,,,97.14,97.14,97.14,,,36.37%,,,36.37%,,,22.35%,,,,,0.00,0.00,0.00,0.00,0.00,0.00,0.00,0.00,0.00,0.00,0.00,0.00,,,,,,,,,,,,,,,,,,,,,,,,,,,,,,,,,,,,,Saint Vincent and the Grenadines,No data,No data,No data,,,Saint Vincent and the Grenadines,No data,No data,No data,,,
Panama,AMR,"3,838,462",Latin America and the Caribbean,B,"27,597.29","26,509.41","1,087.89",97.14,97.14,97.14,"8,870.00","16,426",54.00%,"8,870","16,426",54.00%,,,100.00%,"16,000",300,"8,640.00",300.01,95.27,8.35,55.09,0.14,1.46,70.77,18.19,15.26,13.60,48.35,12.91,326.48,,,,,,,,,,,,,,,,,,,,,,,,,,,,,,,,,,,,,Samoa,No data,No data,No data,,,Samoa,No data,No data,No data,,,
Papua New Guinea,WPR,"7,592,865",Oceania,A,"38,023.33","29,850.62","8,172.71",77.00,97.14,97.14,"16,489.00","37,475",44.00%,"15,734","33,175",47.43%,755.00,"4,300.00",18.00%,"23,000","3,200","10,908.27",576.00,913.98,7.42,466.46,1.95,325.70,261.38,92.72,23.79,724.18,211.25,0.00,"3,028.84",,,,,,,,,,,,,,,,,,,,,,,,,,,,,,,,,,,,,San Marino,No data,No data,No data,,,San Marino,No data,No data,No data,,,
Paraguay,AMR,"6,465,740",Latin America and the Caribbean,B,"5,193.68","5,158.39",35.28,88.00,97.14,97.14,"4,894.00","16,876",29.00%,"4,894","16,876",29.00%,,,100.00%,"10,000","6,840","2,900.00","6,839.65",38.42,3.28,21.98,0.06,0.61,28.26,7.67,6.30,5.60,19.83,5.34,132.00,,,,,,,,,,,,,,,,,,,,,,,,,,,,,,,,,,,,,Sao Tome and Principe,41 [30-70],417,Dec. 2014,41.00%,417.00,Sao Tome and Principe,No data,No data,19,,,19
Peru,AMR,"30,565,716",Latin America and the Caribbean,B,"17,054.54","16,618.98",435.57,97.14,97.14,97.14,"32,912.00","71,548",46.00%,"32,912","71,548",46.00%,,,100.00%,"71,000","32,333","32,660.00","32,333.32",49.45,4.41,28.49,0.07,0.77,36.62,9.54,7.98,7.11,25.23,6.75,169.66,,,,,,,,,,,,,,,,,,,,,,,,,,,,,,,,,,,,,Saudi Arabia,No data,No data,No data,,,Saudi Arabia,No data,No data,No data,,,
Philippines,WPR,"98,481,032","East, South and South-East Asia",A,"246,659.62","176,901.89","69,757.73",86.00,86.00,80.00,"8,481.00","35,338",24.00%,"8,457","34,838",24.28%,24.00,500.00,5.00%,"12,000","8,622","2,913.07",431.08,"1,581.53",11.29,796.18,3.41,564.87,470.63,169.58,43.11,"1,242.07",386.14,0.00,"5,268.80",,,,,,,,,,,,,,,,,,,,,,,,,,,,,,,,,,,,,Senegal,38 [32-46],16 682,Dec. 2014,38.00%,"16,682.00",Senegal,26 [23 - 32],3 700 [ 3 100 - 4 400],979,26.00%,3700,979
Poland,EUR,"38,040,196",Europe and Central Asia,A,"7,489.53","6,940.07",549.46,97.14,97.14,97.14,"7,881.00",,0.00%,"7,881",,0.00%,,,0.00%,"3,678,686","4,935",0.00,0.00,0.00,0.00,0.00,0.00,0.00,0.00,0.00,0.00,0.00,0.00,0.00,0.00,,,,,,,,,,,,,,,,,,,,,,,,,,,,,,,,,,,,,Serbia,No data,1 272,Dec. 2014,,"1,272.00",Serbia,No data,No data,No data,,,
Portugal,EUR,"10,457,295",Europe and Central Asia,A,"37,869.09","37,666.44",202.65,97.14,97.14,97.14,,,0.00%,,,0.00%,,,0.00%,"1,011,275","1,357",0.00,0.00,0.00,0.00,0.00,0.00,0.00,0.00,0.00,0.00,0.00,0.00,0.00,0.00,,,,,,,,,,,,,,,,,,,,,,,,,,,,,,,,,,,,,Seychelles,No data,No data,No data,,,Seychelles,No data,No data,No data,,,
Puerto Rico,AMR,"3,593,077",,B,"12,820.97","12,571.28",249.69,97.14,97.14,97.14,,,36.37%,,,36.37%,,,22.35%,,,,,27.88,2.57,15.99,0.04,0.44,20.56,5.29,4.54,4.05,14.35,3.84,95.70,,,,,,,,,,,,,,,,,,,,,,,,,,,,,,,,,,,,,Sierra Leone,20 [17-22],10 672,Dec. 2014,20.00%,"10,672.00",Sierra Leone,9 [8 - 10],4 300 [ 3 800 - 5 000],383,9.00%,4300,383
Qatar,EMR,"2,250,473",,A,219.18,206.30,12.89,97.14,97.14,97.14,,,36.37%,,,36.37%,,,22.35%,,,,,0.55,0.00,0.28,0.00,0.20,0.17,0.06,0.01,0.44,0.14,0.00,1.85,,,,,,,,,,,,,,,,,,,,,,,,,,,,,,,,,,,,,Singapore,High-income country,No data,No data,,,Singapore,No data,No data,No data,,,
Republic of Korea,WPR,"50,428,893",,A,0.00,,,97.14,97.14,97.14,,,36.37%,,,36.37%,,,22.35%,"25,519","1,439","9,281.73",321.71,0.00,0.00,0.00,0.00,0.00,0.00,0.00,0.00,0.00,0.00,0.00,0.00,,,,,,,,,,,,,,,,,,,,,,,,,,,,,,,,,,,,,Slovakia,High-income country,319,Dec. 2014,,319.00,Slovakia,No data,No data,No data,,,
Republic of Moldova,EUR,"3,558,566",Europe and Central Asia,A,0.00,,,81.00,81.00,97.14,"3,116.00","17,311",18.00%,"3,018","17,111",17.64%,98.00,200.00,66.00%,"18,000",242,"3,174.78",159.78,0.00,0.00,0.00,0.00,0.00,0.00,0.00,0.00,0.00,0.00,0.00,0.00,,,,,,,,,,,,,,,,,,,,,,,,,,,,,,,,,,,,,Slovenia,High-income country,No data,No data,,,Slovenia,No data,No data,No data,,,
Romania,EUR,"19,983,693",Europe and Central Asia,A,"7,650.67","7,028.50",622.17,91.00,97.14,97.14,"9,571.00",,0.00%,"9,571",,0.00%,,,0.00%,"26,865",36,0.00,0.00,0.00,0.00,0.00,0.00,0.00,0.00,0.00,0.00,0.00,0.00,0.00,0.00,,,,,,,,,,,,,,,,,,,,,,,,,,,,,,,,,,,,,Solomon Islands,No data,No data,No data,,,Solomon Islands,No data,No data,No data,,,
Russia,EUR,"143,506,911",Europe and Central Asia,A,"946,639.10","891,113.30","55,525.81",97.14,97.14,97.14,,,36.37%,,,0.00%,,,22.35%,"782,600","9,763",0.00,"2,181.99",92.91,6.24,59.11,0.49,28.08,14.00,0.00,2.02,77.39,0.14,0.00,280.37,,,,,,,,,,,,,,,,,,,,,,,,,,,,,,,,,,,,,Somalia,5 [4-7],1 916,Dec. 2014,5.00%,"1,916.00",Somalia,2 [1 - 2],5 200 [ 4 000 - 6 700],93,2.00%,5200,93
Rwanda,AFR,"11,065,151",Sub-Saharan Africa,A,"288,853.94","229,063.28","59,790.66",92.00,97.14,97.14,"142,855.00","210,081",68.00%,"134,719","188,081",71.63%,"8,136.00","22,000.00",37.00%,"170,000","33,000","121,767.98","12,210.00","3,985.96",37.18,"2,070.00",8.43,"1,413.03","1,085.57",377.54,98.32,"3,190.85",860.70,0.00,"13,127.58",,,,,,,,,,,,,,,,,,,,,,,,,,,,,,,,,,,,,South Africa,45 [43-49],3 078 570,Dec. 2014,45.00%,"3,078,570.00",South Africa,No data,No data,No data,,,
Saint Kitts and Nevis,AMR,"53,169",Latin America and the Caribbean,B,0.00,,,38.00,38.00,97.14,,,100.00%,,,100.00%,,,100.00%,,,,,0.00,0.00,0.00,0.00,0.00,0.00,0.00,0.00,0.00,0.00,0.00,0.00,,,,,,,,,,,,,,,,,,,,,,,,,,,,,,,,,,,,,South Sudan,6 [4-8],11 310,Dec. 2014,6.00%,"11,310.00",South Sudan,3 [2 - 4],19 000 [13 000-26 000],543,3.00%,19000,543
Saint Lucia,AMR,"175,660",Latin America and the Caribbean,B,428.16,411.12,17.04,82.00,82.00,97.14,,,100.00%,,,100.00%,,,100.00%,,,,,17.74,1.59,10.48,0.02,0.26,13.44,3.22,2.69,2.44,8.78,2.27,60.67,,,,,,,,,,,,,,,,,,,,,,,,,,,,,,,,,,,,,Spain,High-income country,No data,No data,,,Spain,No data,No data,No data,,,
Saint Vincent and the Grenadines,AMR,"109,320",Latin America and the Caribbean,B,997.80,953.00,44.80,68.00,97.14,97.14,,,100.00%,,,100.00%,,,100.00%,,,,,73.50,5.91,43.41,0.10,1.07,55.68,13.36,11.14,10.12,36.34,9.41,250.63,,,,,,,,,,,,,,,,,,,,,,,,,,,,,,,,,,,,,Sri Lanka,19 [13-33],639,Dec. 2014,19.00%,639.00,Sri Lanka,37 [28 - 61],&lt;100 [&lt;100-&lt;200],34,37.00%,100,34
Samoa,WPR,"190,757",Oceania,A,277.22,226.82,50.40,97.14,71.00,97.14,,,36.37%,,,36.37%,,,22.35%,,,,,0.67,0.01,0.34,0.00,0.24,0.19,0.07,0.02,0.53,0.15,0.00,2.22,,,,,,,,,,,,,,,,,,,,,,,,,,,,,,,,,,,,,Sudan,7 [6-10],3 936,Dec. 2014,7.00%,"3,936.00",Sudan,9 [7 - 11],4 300 [ 3 600 - 5 200],390,9.00%,4300,390
San Marino,EUR,"32,303",Europe and Central Asia,A,0.00,,,97.14,97.14,97.14,,,0.00%,,,0.00%,,,0.00%,,,,,0.00,0.00,0.00,0.00,0.00,0.00,0.00,0.00,0.00,0.00,0.00,0.00,,,,,,,,,,,,,,,,,,,,,,,,,,,,,,,,,,,,,Suriname,43 [39-50],1 640,Dec. 2013,43.00%,"1,640.00",Sudan (former),No data,No data,No data,,,
Sao Tome and Principe,AFR,"187,045",Sub-Saharan Africa,A,"1,464.51","1,259.47",205.03,82.00,82.00,97.14,417.00,"1,017",41.00%,398,"1,017",39.13%,19.00,,35.84%,"1,200",134,469.58,47.95,25.76,0.27,13.30,0.06,9.09,7.25,2.52,0.67,20.43,5.74,0.00,85.09,,,,,,,,,,,,,,,,,,,,,,,,,,,,,,,,,,,,,Swaziland,59 [56-61],125 421,Dec. 2014,59.00%,"125,421.00",Suriname,No data,No data,No data,,,
Saudi Arabia,EMR,"29,944,476",Middle East and North Africa,A,"13,600.97","12,518.02","1,082.95",96.00,96.00,86.00,,,0.00%,,,0.00%,,,0.00%,,,,,0.00,0.00,0.00,0.00,0.00,0.00,0.00,0.00,0.00,0.00,0.00,0.00,,,,,,,,,,,,,,,,,,,,,,,,,,,,,,,,,,,,,Sweden,High-income country,No data,No data,,,Swaziland,43 [41 - 45],19 000 [18 000-19 000],7 906,43.00%,19000,7906
Senegal,AFR,"14,120,320",Sub-Saharan Africa,A,"117,960.39","108,664.36","9,296.03",72.00,72.00,71.00,"16,682.00","43,900",38.00%,"15,703","40,200",39.06%,979.00,"3,700.00",26.00%,"37,000","10,100","14,453.01","2,626.11","3,146.74",17.32,"1,585.32",6.35,"1,127.33",927.51,337.26,83.64,"2,481.75",768.07,0.00,"10,481.29",,,,,,,,,,,,,,,,,,,,,,,,,,,,,,,,,,,,,Switzerland,High-income country,No data,No data,,,Sweden,No data,No data,No data,,,
Serbia,EUR,"7,164,132",Europe and Central Asia,A,490.40,469.66,20.74,97.14,97.14,97.14,"1,272.00",,0.00%,"1,272",,0.00%,,,0.00%,"9,631",13,0.00,0.00,0.00,0.00,0.00,0.00,0.00,0.00,0.00,0.00,0.00,0.00,0.00,0.00,,,,,,,,,,,,,,,,,,,,,,,,,,,,,,,,,,,,,Syrian Arab Republic,No data,140,Dec. 2014,,140.00,Switzerland,No data,No data,No data,,,
Seychelles,AFR,"89,949",Sub-Saharan Africa,A,369.92,347.44,22.48,37.00,60.00,97.14,,,35.84%,,,35.84%,,,35.84%,,,,,20.85,0.13,10.53,0.04,7.45,6.13,2.22,0.56,16.44,5.06,0.00,69.41,,,,,,,,,,,,,,,,,,,,,,,,,,,,,,,,,,,,,Tajikistan,16 [12-20],2 548,Dec. 2014,16.00%,"2,548.00",Syrian Arab Republic,No data,No data,No data,,,
Sierra Leone,AFR,"6,922,079",Sub-Saharan Africa,A,"153,643.34","130,876.00","22,767.35",70.00,97.14,97.14,"10,672.00","53,360",20.00%,"10,289","49,060",20.97%,383.00,"4,300.00",9.00%,"53,000","5,800","11,115.31",522.00,"2,142.09",14.53,"1,076.17",4.60,765.23,641.28,231.94,58.72,"1,680.39",528.09,0.00,"7,143.04",,,,,,,,,,,,,,,,,,,,,,,,,,,,,,,,,,,,,Thailand,61 [55-66],271 652,Sep. 2014,61.00%,"271,652.00",Tajikistan,39 [31 - 48],1 100 [&lt;1000 - 1 300],415,39.00%,1100,415
Singapore,WPR,"5,399,162","East, South and South-East Asia",A,"2,395.25","2,350.40",44.84,95.00,97.14,97.14,,,25.18%,,,25.18%,,,25.18%,,457,,115.17,7.35,0.02,3.64,0.01,2.65,2.25,0.83,0.20,5.75,1.90,0.00,24.61,,,,,,,,,,,,,,,,,,,,,,,,,,,,,,,,,,,,,The former Yugoslav republic of Macedonia,No data,96,Dec. 2014,,96.00,Thailand,No data,No data,No data,,,
Sint Maarten (Dutch part),AMR,"36,607",,B,0.00,,,97.14,97.14,97.14,,,36.37%,,,36.37%,,,22.35%,,,,,0.00,0.00,0.00,0.00,0.00,0.00,0.00,0.00,0.00,0.00,0.00,0.00,,,,,,,,,,,,,,,,,,,,,,,,,,,,,,,,,,,,,Timor-Leste,No data,173,Dec. 2014,,173.00,The former Yugoslav republic of Macedonia,No data,No data,No data,,,
Slovakia,EUR,"5,413,393",Europe and Central Asia,A,176.10,175.96,0.15,97.14,97.14,97.14,319.00,,0.00%,319,,0.00%,,,0.00%,"523,503",702,0.00,0.00,0.00,0.00,0.00,0.00,0.00,0.00,0.00,0.00,0.00,0.00,0.00,0.00,,,,,,,,,,,,,,,,,,,,,,,,,,,,,,,,,,,,,Togo,33 [27-41],37 511,Dec. 2014,33.00%,"37,511.00",The former state union Serbia and Montenegro,No data,No data,No data,,,
Slovenia,EUR,"2,059,953",Europe and Central Asia,A,91.16,84.37,6.78,97.14,97.14,97.14,,,0.00%,,,0.00%,,,0.00%,"199,208",267,0.00,0.00,0.00,0.00,0.00,0.00,0.00,0.00,0.00,0.00,0.00,0.00,0.00,0.00,,,,,,,,,,,,,,,,,,,,,,,,,,,,,,,,,,,,,Tonga,No data,No data,No data,,,Timor-Leste,No data,No data,12,,,12
Solomon Islands,WPR,"563,513",Oceania,A,801.40,648.55,152.86,97.14,97.14,97.14,,,36.37%,,,36.37%,,,22.35%,,,,,1.93,0.02,0.99,0.00,0.68,0.55,0.19,0.05,1.53,0.44,0.00,6.39,,,,,,,,,,,,,,,,,,,,,,,,,,,,,,,,,,,,,Trinidad and Tobago,High-income country,6 399,Dec. 2014,,"6,399.00",Togo,24 [20 - 30],12 000 [ 9 600-15 000],2 861,24.00%,12000,2861
Somalia,EMR,"13,132,349",Sub-Saharan Africa,A,"127,018.61","105,595.35","21,423.26",79.00,97.14,97.14,"1,916.00","38,320",5.00%,"1,823","33,120",5.50%,93.00,"5,200.00",2.00%,"25,000",698,"1,376.06",13.96,308.71,2.13,154.27,0.68,110.19,94.15,34.16,8.69,240.98,77.77,0.00,"1,031.74",,,,,,,,,,,,,,,,,,,,,,,,,,,,,,,,,,,,,Tunisia,24 [15-39],651,Dec. 2014,24.00%,651.00,Tonga,No data,No data,No data,,,
South Africa,AFR,"53,311,956",Sub-Saharan Africa,A,"11,928,553.93","9,943,377.23","1,985,176.69",42.00,71.00,42.00,"3,078,570.00","6,841,267",45.00%,"3,078,570","6,841,267",45.00%,,,35.84%,"540,000","440,000","243,000.00","157,675.14","768,026.34","8,452.99","398,026.18","1,753.40","270,683.42","213,808.73","73,825.01","19,773.75","610,577.39","168,245.81",0.00,"2,533,173.01",,,,,,,,,,,,,,,,,,,,,,,,,,,,,,,,,,,,,Turkey,No data,No data,Dec. 2014,,,Trinidad and Tobago,No data,No data,No data,,,
South Sudan,AFR,"11,177,490",Sub-Saharan Africa,A,"657,078.53","490,361.94","166,716.58",78.00,97.14,97.14,"11,310.00","188,500",6.00%,"10,767","169,500",6.35%,543.00,"19,000.00",3.00%,,,,,"1,883.66",22.38,960.37,4.64,665.19,552.08,191.88,52.18,"1,477.39",437.00,0.00,"6,246.77",,,,,,,,,,,,,,,,,,,,,,,,,,,,,,,,,,,,,Turkmenistan,No data,No data,No data,,,Tunisia,No data,No data,No data,,,
Spain,EUR,"46,620,045",,A,"56,391.34","55,764.37",626.98,97.14,97.14,97.14,,,36.37%,,,36.37%,,,22.35%,"62,674",84,"22,795.73",18.79,145.14,0.33,72.02,0.27,52.43,44.05,16.44,3.92,114.01,37.43,0.00,486.05,,,,,,,,,,,,,,,,,,,,,,,,,,,,,,,,,,,,,Tuvalu,No data,No data,No data,,,Turkey,No data,No data,No data,,,
Sri Lanka,SEA,"20,585,000","East, South and South-East Asia",A,"3,746.83","3,562.07",184.76,79.00,78.00,89.00,639.00,"3,363",19.00%,605,"3,263",18.54%,34.00,100.00,37.00%,"2,700","1,872",500.59,692.54,37.25,0.32,18.92,0.08,13.20,10.95,3.90,1.01,29.30,8.89,0.00,123.82,,,,,,,,,,,,,,,,,,,,,,,,,,,,,,,,,,,,,Uganda,50 [46-61],749 308,Dec. 2014,50.00%,"749,308.00",Turkmenistan,No data,No data,No data,,,
Sudan,EMR,"36,849,918",,A,"162,217.97","137,008.45","25,209.51",69.00,97.14,97.14,"3,936.00","56,229",7.00%,"3,546","51,929",6.83%,390.00,"4,300.00",9.00%,"36,554","1,958","2,496.13",176.24,859.60,13.65,446.04,2.29,300.49,243.08,81.23,23.43,677.22,185.08,0.00,"2,832.11",,,,,,,,,,,,,,,,,,,,,,,,,,,,,,,,,,,,,Ukraine,No data,No data,No data,,,Tuvalu,No data,No data,No data,,,
Suriname,AMR,"542,540",Latin America and the Caribbean,B,"3,836.65","3,806.62",30.03,70.00,97.14,97.14,"1,640.00","3,814",43.00%,"1,640","3,814",43.00%,,,100.00%,"3,600",42,"1,548.00",42.40,106.40,26.55,61.21,0.16,1.66,78.70,20.66,17.18,15.35,54.53,14.55,382.39,,,,,,,,,,,,,,,,,,,,,,,,,,,,,,,,,,,,,United Arab Emirates,No data,No data,No data,,,Uganda,37 [33 - 43],150 000 [130 000-170 000],54 680,37.00%,150000,54680
Swaziland,AFR,"1,271,456",Sub-Saharan Africa,A,"358,933.06","327,221.56","31,711.50",89.00,97.14,97.14,"125,421.00","212,578",59.00%,"117,515","193,578",60.71%,"7,906.00","19,000.00",43.00%,"180,000","23,000","109,272.25","9,890.00","6,115.53",36.43,"3,118.53",12.04,"2,187.02","1,738.32",625.64,155.38,"4,864.18","1,425.48",0.00,"20,278.55",,,,,,,,,,,,,,,,,,,,,,,,,,,,,,,,,,,,,United Kingdom of Great Britain and Northern Ireland,High-income country,No data,No data,,,Ukraine,No data,No data,No data,,,
Sweden,EUR,"9,600,379",Europe and Central Asia,A,"1,705.12","1,668.74",36.39,97.14,97.14,97.14,,,0.00%,,,0.00%,,,0.00%,"928,407","1,245",0.00,0.00,0.00,0.00,0.00,0.00,0.00,0.00,0.00,0.00,0.00,0.00,0.00,0.00,,,,,,,,,,,,,,,,,,,,,,,,,,,,,,,,,,,,,United Republic of Tanzania,43 [38-55],640 084,Dec. 2014,43.00%,"640,084.00",United Arab Emirates,No data,No data,No data,,,
Switzerland,EUR,"8,089,346",Europe and Central Asia,A,"3,360.75","3,310.50",50.26,97.14,97.14,97.14,,,0.00%,,,0.00%,,,0.00%,"782,282","1,049",0.00,0.00,0.00,0.00,0.00,0.00,0.00,0.00,0.00,0.00,0.00,0.00,0.00,0.00,,,,,,,,,,,,,,,,,,,,,,,,,,,,,,,,,,,,,United States of America,High-income country,No data,No data,,,United Kingdom of Great Britain and Northern Ireland,No data,No data,No data,,,
Syrian Arab Republic,EMR,"19,809,141",Middle East and North Africa,A,0.00,,,97.14,97.14,97.14,140.00,,0.00%,140,,0.00%,,,0.00%,,,,,0.00,0.00,0.00,0.00,0.00,0.00,0.00,0.00,0.00,0.00,0.00,0.00,,,,,,,,,,,,,,,,,,,,,,,,,,,,,,,,,,,,,Uruguay,High-income country,5 270,Dec. 2014,,"5,270.00",United Republic of Tanzania,29 [26 - 33],140 000 [130 000-160 000],41 882,29.00%,140000,41882
Tajikistan,EUR,"8,177,809",Europe and Central Asia,A,"5,071.79","4,925.87",145.91,67.00,64.00,80.00,"2,548.00","15,925",16.00%,"2,133","14,825",14.39%,415.00,"1,100.00",39.00%,"8,900",556,"1,280.52",216.98,60.93,0.44,30.73,0.13,21.66,18.21,6.57,1.68,47.80,14.96,0.00,203.11,,,,,,,,,,,,,,,,,,,,,,,,,,,,,,,,,,,,,Uzbekistan,34 [27-42],10 948,Dec. 2014,34.00%,"10,948.00",United States of America,No data,No data,No data,,,
Tanzania,AFR,"50,636,595",Sub-Saharan Africa,A,"3,731,739.94","3,039,624.84","692,115.11",97.14,97.14,97.14,,,36.37%,,,35.84%,,,22.35%,"1,200,000","260,000","430,023.11","58,109.11","8,888.69",91.94,"4,564.26",20.31,"3,145.59","2,530.87",882.85,234.25,"7,033.40","2,011.47",0.00,"29,403.62",,,,,,,,,,,,,,,,,,,,,,,,,,,,,,,,,,,,,Vanuatu,No data,No data,No data,,,Uruguay,No data,No data,No data,,,
Thailand,SEA,"68,143,065","East, South and South-East Asia",A,"582,724.03","573,337.54","9,386.49",83.00,83.00,85.00,"271,652.00","445,331",61.00%,"271,652","445,331",61.00%,,,25.18%,"460,000","5,826","280,600.00","1,466.94","15,617.89",34.17,"7,822.36",27.66,"5,650.85","4,583.73","1,702.54",401.86,"12,375.22","3,877.72",0.00,"52,094.01",,,,,,,,,,,,,,,,,,,,,,,,,,,,,,,,,,,,,Venezuela (Bolivarian Republic of),41 [17-67],43 601,Dec. 2014,41.00%,"43,601.00",Uzbekistan,No data,No data,3 927,,,3927
The Former Yugoslav Republic of Macedonia,EUR,"2,075,739",Europe and Central Asia,A,0.00,,,97.14,97.14,97.14,96.00,,0.00%,96,,0.00%,,,0.00%,,,,,0.00,0.00,0.00,0.00,0.00,0.00,0.00,0.00,0.00,0.00,0.00,0.00,,,,,,,,,,,,,,,,,,,,,,,,,,,,,,,,,,,,,Viet Nam,37 [33-42],93 262,Dec. 2014,37.00%,"93,262.00",Vanuatu,No data,No data,No data,,,
Timor-Leste,SEA,"1,184,366","East, South and South-East Asia",A,"6,980.22","6,175.78",804.44,73.00,97.14,97.14,173.00,687,25.18%,161,687,23.43%,12.00,,25.18%,,,,,109.16,1.14,55.89,0.25,38.57,31.49,11.02,2.93,86.09,25.10,0.00,361.65,,,,,,,,,,,,,,,,,,,,,,,,,,,,,,,,,,,,,Yemen,19 [13-29],1 355,Dec. 2014,19.00%,"1,355.00",Venezuela (Bolivarian Republic of),No data,No data,No data,,,
Togo,AFR,"7,042,948",Sub-Saharan Africa,A,"321,171.50","263,107.68","58,063.83",89.00,89.00,87.00,"37,511.00","113,670",33.00%,"34,650","101,670",34.08%,"2,861.00","12,000.00",24.00%,"120,000","19,000","40,897.14","4,560.00","2,842.67",31.44,"1,463.87",6.61,"1,003.69",805.79,279.33,74.91,"2,250.02",636.45,0.00,"9,394.80",,,,,,,,,,,,,,,,,,,,,,,,,,,,,,,,,,,,,Zambia,57 [54-61],658 831,Dec. 2014,57.00%,"658,831.00",Viet Nam,85 [73-&gt;95],5 300 [ 4 600 - 6 600],4 522,85.00%,5300,4522
Tokelau,WPR,"1,383",,A,0.00,,,97.14,97.14,97.14,,,36.37%,,,36.37%,,,22.35%,,,,,0.00,0.00,0.00,0.00,0.00,0.00,0.00,0.00,0.00,0.00,0.00,0.00,,,,,,,,,,,,,,,,,,,,,,,,,,,,,,,,,,,,,Zimbabwe,51 [48-53],787 980,Dec. 2014,51.00%,"787,980.00",Yemen,No data,&lt;500 [&lt;500-&lt;1000],140,,500,140
Tonga,WPR,"105,328",Oceania,A,152.52,126.58,25.95,97.14,97.14,97.14,,,36.37%,,,36.37%,,,22.35%,,,,,0.37,0.00,0.19,0.00,0.13,0.11,0.04,0.01,0.29,0.09,0.00,1.23,,,,,,,,,,,,,,,,,,,,,,,,,,,,,,,,,,,,,,,,,,,Zambia,42 [39 - 44],100 000 [98 000-110 000],43 678,42.00%,100000,43678
Trinidad and Tobago,AMR,"1,348,248",,B,"10,889.46","10,516.39",373.07,93.00,93.00,97.14,"6,399.00","17,593",36.37%,"6,399","17,593",36.37%,,,22.35%,"14,000",203,"5,092.03",45.39,57.61,5.28,33.03,0.09,0.91,42.47,10.93,9.38,8.36,29.64,7.95,197.71,,,,,,,,,,,,,,,,,,,,,,,,,,,,,,,,,,,,,,,,,,,Zimbabwe,38 [35 - 40],150 000 [140 000-160 000],55 061,38.00%,150000,55061
Tunisia,EMR,"11,014,558",Middle East and North Africa,A,"3,258.45","3,071.15",187.30,91.00,92.00,67.00,651.00,"2,713",24.00%,651,"2,713",24.00%,,,0.00%,"1,700",585,408.00,0.00,16.10,0.03,7.94,0.03,5.82,4.98,1.87,0.45,12.59,4.26,0.00,54.05,,,,,,,,,,,,,,,,,,,,,,,,,,,,,,,,,,,,,,,,,,,,,,,,,
Turkey,EUR,"75,787,333",Europe and Central Asia,A,"8,234.42","7,367.19",867.23,97.14,97.14,97.14,,,0.00%,,,0.00%,,,0.00%,"101,886",137,0.00,0.00,0.00,0.00,0.00,0.00,0.00,0.00,0.00,0.00,0.00,0.00,0.00,0.00,,,,,,,,,,,,,,,,,,,,,,,,,,,,,,,,,,,,,,,,,,,,,,,,,
Turkmenistan,EUR,"5,366,277",Europe and Central Asia,A,"11,683.36","11,307.47",375.89,97.14,97.14,97.14,,,0.00%,,,0.00%,,,0.00%,,,,,0.00,0.00,0.00,0.00,0.00,0.00,0.00,0.00,0.00,0.00,0.00,0.00,,,,,,,,,,,,,,,,,,,,,,,,,,,,,,,,,,,,,,,,,,,,,,,,,
Turks and Caicos Islands,AMR,"33,108",,B,0.00,,,97.14,97.14,97.14,,,36.37%,,,36.37%,,,22.35%,,,,,0.00,0.00,0.00,0.00,0.00,0.00,0.00,0.00,0.00,0.00,0.00,0.00,,,,,,,,,,,,,,,,,,,,,,,,,,,,,,,,,,,,,,,,,,,,,,,,,
Tuvalu,WPR,"10,819",Oceania,A,0.00,,,97.14,97.14,97.14,,,36.37%,,,36.37%,,,22.35%,,,,,0.00,0.00,0.00,0.00,0.00,0.00,0.00,0.00,0.00,0.00,0.00,0.00,,,,,,,,,,,,,,,,,,,,,,,,,,,,,,,,,,,,,,,,,,,,,,,,,
Uganda,AFR,"37,553,726",Sub-Saharan Africa,A,"2,910,563.99","2,143,266.75","767,297.24",83.00,97.14,97.14,"749,308.00","1,498,616",50.00%,"694,628","1,348,616",51.51%,"54,680.00","150,000.00",37.00%,"1,200,000","190,000","618,080.76","70,300.00","61,224.52",936.13,"32,417.84",152.27,"21,307.36","16,252.18","5,352.86","1,535.05","48,982.56","12,207.55",0.00,"200,368.32",,,,,,,,,,,,,,,,,,,,,,,,,,,,,,,,,,,,,,,,,,,,,,,,,
Ukraine,EUR,"45,489,600",Europe and Central Asia,A,"393,688.70","388,604.10","5,084.59",87.00,97.14,97.14,,,0.00%,,,0.00%,,,0.00%,"240,000","3,095",0.00,0.00,0.00,0.00,0.00,0.00,0.00,0.00,0.00,0.00,0.00,0.00,0.00,0.00,,,,,,,,,,,,,,,,,,,,,,,,,,,,,,,,,,,,,,,,,,,,,,,,,
United Arab Emirates,EMR,"9,006,263",,A,"4,658.80","4,469.99",188.82,97.14,97.14,97.14,,,36.37%,,,36.37%,,,22.35%,,,,,11.87,0.04,5.92,0.02,4.27,3.57,1.32,0.32,9.33,3.00,0.00,39.66,,,,,,,,,,,,,,,,,,,,,,,,,,,,,,,,,,,,,,,,,,,,,,,,,
United Kingdom of Great Britain and Northern Ireland,EUR,"64,128,226",Europe and Central Asia,A,0.00,,,90.00,97.14,97.14,,,0.00%,,,0.00%,,,0.00%,"86,212",116,0.00,0.00,0.00,0.00,0.00,0.00,0.00,0.00,0.00,0.00,0.00,0.00,0.00,0.00,,,,,,,,,,,,,,,,,,,,,,,,,,,,,,,,,,,,,,,,,,,,,,,,,
United States,AMR,"316,204,908",,B,"420,453.60","414,532.77","5,920.83",97.14,97.14,97.14,,,36.37%,,,36.37%,,,22.35%,"1,079,934","1,710","392,789.53",382.16,916.44,85.17,525.50,1.38,14.44,675.82,173.80,149.02,132.98,471.83,126.23,"3,146.39",,,,,,,,,,,,,,,,,,,,,,,,,,,,,,,,,,,,,,,,,,,,,,,,,
Uruguay,AMR,"3,408,005",Latin America and the Caribbean,B,"7,794.53","7,628.97",165.56,72.00,92.00,97.14,"5,270.00","5,270",100.00%,"5,270","5,270",100.00%,,,100.00%,"13,000",266,"13,000.00",266.37,502.77,43.08,297.06,0.70,7.29,381.05,91.30,75.99,69.26,248.82,64.14,"1,717.31",,,,,,,,,,,,,,,,,,,,,,,,,,,,,,,,,,,,,,,,,,,,,,,,,
US Virgin Islands,AMR,"104,737",,B,0.00,,,97.14,97.14,97.14,,,36.37%,,,36.37%,,,22.35%,,,,,0.00,0.00,0.00,0.00,0.00,0.00,0.00,0.00,0.00,0.00,0.00,0.00,,,,,,,,,,,,,,,,,,,,,,,,,,,,,,,,,,,,,,,,,,,,,,,,,
Uzbekistan,EUR,"30,243,200",Europe and Central Asia,A,"31,445.45","29,267.68","2,177.77",92.00,92.00,93.00,"10,948.00","32,200",34.00%,"7,021","32,200",21.80%,"3,927.00",,0.00%,"29,000","2,057","6,323.26",0.00,123.39,0.23,60.78,0.23,44.57,38.29,14.39,3.42,96.40,32.74,0.00,414.45,,,,,,,,,,,,,,,,,,,,,,,,,,,,,,,,,,,,,,,,,,,,,,,,,
Vanuatu,WPR,"253,142",Oceania,A,375.41,303.90,71.50,44.00,71.00,97.14,,,36.37%,,,36.37%,,,22.35%,,,,,17.72,0.19,9.10,0.04,6.27,5.04,1.75,0.47,14.02,4.00,0.00,58.60,,,,,,,,,,,,,,,,,,,,,,,,,,,,,,,,,,,,,,,,,,,,,,,,,
Venezuela,AMR,"30,317,848",Latin America and the Caribbean,B,"106,373.80","100,799.81","5,573.99",97.14,97.14,97.14,,,36.37%,,,100.00%,,,22.35%,"99,000","2,370","99,000.00",529.60,671.78,58.05,396.85,0.93,9.75,509.10,120.46,101.50,92.61,332.71,85.67,"2,293.74",,,,,,,,,,,,,,,,,,,,,,,,,,,,,,,,,,,,,,,,,,,,,,,,,
Viet Nam,WPR,"89,759,500","East, South and South-East Asia",A,0.00,,,85.00,81.00,91.00,"93,262.00","252,059",37.00%,"88,740","246,759",35.96%,"4,522.00","5,300.00",85.00%,"250,000","7,868","89,905.37","6,687.38",0.00,0.00,0.00,0.00,0.00,0.00,0.00,0.00,0.00,0.00,0.00,0.00,,,,,,,,,,,,,,,,,,,,,,,,,,,,,,,,,,,,,,,,,,,,,,,,,
Wallis and Futuna Islands,WPR,"12,197",,A,0.00,,,97.14,97.14,97.14,,,36.37%,,,36.37%,,,22.35%,,,,,0.00,0.00,0.00,0.00,0.00,0.00,0.00,0.00,0.00,0.00,0.00,0.00,,,,,,,,,,,,,,,,,,,,,,,,,,,,,,,,,,,,,,,,,,,,,,,,,
West Bank and Gaza Strip,EMR,"4,169,506",Middle East and North Africa,A,0.00,,,97.14,97.14,97.14,,,36.37%,,,0.00%,,,22.35%,,,,,0.00,0.00,0.00,0.00,0.00,0.00,0.00,0.00,0.00,0.00,0.00,0.00,,,,,,,,,,,,,,,,,,,,,,,,,,,,,,,,,,,,,,,,,,,,,,,,,
Yemen,EMR,"25,576,322",Middle East and North Africa,A,"8,222.91","7,128.76","1,094.16",77.00,97.14,97.14,"1,355.00","7,132",19.00%,"1,215","6,632",18.32%,140.00,500.00,0.00%,"13,000","1,359","2,381.79",0.00,72.14,0.14,35.49,0.14,26.05,22.48,8.45,2.01,56.30,19.24,0.00,242.44,,,,,,,,,,,,,,,,,,,,,,,,,,,,,,,,,,,,,,,,,,,,,,,,,
Zambia,AFR,"15,153,210",Sub-Saharan Africa,A,"1,952,805.11","1,516,856.67","435,948.44",81.00,97.14,97.14,"658,831.00","1,155,844",57.00%,"615,153","1,055,844",58.26%,"43,678.00","100,000.00",42.00%,"910,000","170,000","530,181.83","71,400.00","53,227.01",690.27,"28,003.60",124.65,"18,629.94","14,265.52","4,802.81","1,326.16","42,598.71","10,951.23",0.00,"174,619.91",,,,,,,,,,,,,,,,,,,,,,,,,,,,,,,,,,,,,,,,,,,,,,,,,
Zimbabwe,AFR,"15,054,506",Sub-Saharan Africa,A,"2,586,881.43","2,178,911.92","407,969.51",86.00,71.00,87.00,"787,980.00","1,545,059",51.00%,"732,919","1,395,059",52.54%,"55,061.00","150,000.00",38.00%,"1,100,000","200,000","577,904.59","76,000.00","47,051.00",455.64,"24,313.58",103.07,"16,645.51","13,111.39","4,573.13","1,200.02","37,450.06","10,422.05",0.00,"155,325.46",,,,,,,,,,,,,,,,,,,,,,,,,,,,,,,,,,,,,,,,,,,,,,,,,
Sources / More details,,,,Sum A,,"55,342,715.57",,,,,,,A:,"11,166,884.00",,A:,"517,593.00",,,,,,,,,,,,,,,,Total Impact by Region,,,,,,,,,,,,,,,,,,,,,,,,,,,,,,,,,,,,,,,,,,,,,,,,,,,
WHO groupings (A & B):,https://docs.google.com/spreadsheet/ccc?key=0AoC8QSR3KjbYdHhORDZtdFNYOEtuMUtHM2REWWhzSWc#gid=4,,,Sum B,,"2,585,847.82",,,,,,,B:,"854,570.00",,B:,"5,202.00",,,,,,,,,,,,,,,,EMR,"6,178.13",,,,,,,,,,,,,,,,,,,,,,,,,,,,,,,,,,,,,,,,,,,,,,,,,,
Antiretroviral coverage:,https://docs.google.com/spreadsheet/ccc?key=0AoC8QSR3KjbYdHhORDZtdFNYOEtuMUtHM2REWWhzSWc#gid=2,,,,,,,,0.418,,,,,,,,,,,,,,,,,,,,,,,,AFR,"4,786,732.55",,,,,,,,,,,,,,,,,,,,,,,,,,,,,,,,,,,,,,,,,,,,,,,,,,
Regimen breakdowns,https://docs.google.com/spreadsheet/ccc?key=0AoC8QSR3KjbYdHhORDZtdFNYOEtuMUtHM2REWWhzSWc#gid=6,,,,,,,,,,,,,,,,,,,,,,,,,,,,,,,,WPR,"51,558.01",,,,,,,,,,,,,,,,,,,,,,,,,,,,,,,,,,,,,,,,,,,,,,,,,,
Drugs and manufacturers,https://docs.google.com/spreadsheet/ccc?key=0AoC8QSR3KjbYdHhORDZtdFNYOEtuMUtHM2REWWhzSWc#gid=3,,,,,,,,,,,,,,,,,,,,,,,,,,,,,,,,AMR,"180,455.76",,,,,,,,,,,,,,,,,,,,,,,,,,,,,,,,,,,,,,,,,,,,,,,,,,
,,,,,,,,,,,,,,,,,,,,,,,,,,,,,,,,,EUR,"3,313.85",,,,,,,,,,,,,,,,,,,,,,,,,,,,,,,,,,,,,,,,,,,,,,,,,,
,,,,,,,,,,,,,,,,,,,,,,,,,,,,,,,,,SEA,"441,024.13",,,,,,,,,,,,,,,,,,,,,,,,,,,,,,,,,,,,,,,,,,,,,,,,,,