,,,p.falc,,,,,,,,,,,,,,,,,,,,,,,,,,,,,,,,,,,,,,,,,,,,,,,,,,,,,,,,,,,,,,,,,,,,,,,,,,,,,,,,,,p.vivax,,,,,,,,,,,,,,,,,,,,,,,,,,,,,,,,,,,All Ages DALYs (used in col G),,,Used in column CI,,,,"Used in column E,F",,,,,,,,,,
,,,,,,,,,,,,NEW EFFICACY,,,,,,,,,,,,,,,,,,EFFICACY,,,,,,,,,,,,,,,,,,ESTIMATED EFFICACY,,,,,,,,,,,,,,,,,,IMPACT,,,,,,,,,,,,,,,,,,,,,,,,Efficacy,,,,,,,,Estimated Efficacy,,,,,,,,Impact,,,,,,,,,OVERALL IMPACT,,,,,,(thousands),,Country,WHO Region,,,,Region,Country,Year,% febrile children under 5 receiving any antimalarial treatment,% febrile children under 5 receiving ACT only ,Source,,,REGION AVERAGE ,
Country,WHO Region,Population,1st Line (p.falc.),% febrile children under 5 receiving any antimalarial treatment  ,% febrile children under 5 receiving ACT only ,DALY,Prevalence,% p. falc.,Estimated p. falc. DALY,Estimated p. falc. prevalence (prevalence * % p. falc),# p. falc. treated,AL,AL+PQ,AM,ART+NQ,ART+PPQ,AS+AQ,AS+MQ,AS+MQ+PQ,AS+SP,AS+SP+PQ,AT+PG,CQ+PQ,DHA-PPQ,DHA-PPQ+PQ,PQ,QN,QN+CL,QN+D,AL,AL+PQ,AM,ART+NQ,ART+PPQ,AS+AQ,AS+MQ,AS+MQ+PQ,AS+SP,AS+SP+PQ,AT+PG,CQ+PQ,DHA-PPQ,DHA-PPQ+PQ,PQ,QN,QN+CL,QN+D,AL,AL+PQ,AM,ART+NQ,ART+PPQ,AS+AQ,AS+MQ,AS+MQ+PQ,AS+SP,AS+SP+PQ,AT+PG,CQ+PQ,DHA-PPQ,DHA-PPQ+PQ,PQ,QN,QN+CL,QN+D,AL,AL+PQ,AM,ART+NQ,ART+PPQ,AS+AQ,AS+MQ,AS+MQ+PQ,AS+SP,AS+SP+PQ,AT+PG,CQ+PQ,DHA-PPQ,DHA-PPQ+PQ,PQ,QN,QN+CL,QN+D,IMPACT of P.falc,1st Line (p.vivax.),% p. vivax,Est p. vivax. DALY,Est p. vivax. prevalence,p. vivax treatment coverage,CQ+PQ,CQ,DHA-PPQ,AL,QN,AS+AQ+PQ,AL+PQ,AS+AQ,CQ+PQ,CQ,DHA-PPQ,AL,QN,AS+AQ+PQ,AL+PQ,AS+AQ,CQ+PQ,CQ,DHA-PPQ,AL,QN,AS+AQ+PQ,AL+PQ,AS+AQ,IMPACT of P.VIVAX,,Company,Drug(s),Final Impact,,,2013,,,,% p. vivax,,data.unicef.org,AFR,Democratic Republic of the Congo,2013,,17.00%,DHS_2013,,REGION, receiving any antimalarial treatment  ,5 receiving ACT only 
,,,* = NO P.FALC. 1ST / 2ND LINE FOR THIS COUNTRY,"UNICEF global databases 2015 based on DHS, MICS, Malaria Indicator Surveys (MIS) and other national household surveys.","UNICEF global databases 2015 based on DHS, MICS, Malaria Indicator Surveys (MIS) and other national household surveys.",,,,,Col H * Col I,Col F * Col K,,,,,,,,,,,,,,,,,,,,,,,,,,,,,,,,,,,,,,,,,,,,,,,,,,,,,,,,,,,,,,,,,,,,,,,,,Col BO + Col BP+ Col BQ+ Col BR+ Col BS + Col BT + Col BU + Col BV + Col BW + Col BX + Col BY + Col BZ + Col CA + Col CB + Col CC + Col CD + Col CE + Col CF,* = NO P.FALC. 1ST / 2ND LINE FOR THIS COUNTRY,, Col G* ColCI, Col H* ColCI,,,,,,,,,,,,,,,,,,,,,,,,,, Col CJ* ColCL* ColCU/(1- ColCL* ColCU),, ,,,,,,,,,,,,AFR,Gambia,2013,6.70%,38.00%,DHS_2013,,AFR,22.64%,50.38%
,,,,,,"65,309,700.00","49,062,324.00",,"61,090,200.00","46,260,451.80","22,440,086.67",,do not include red into website,,,,,,,,,,,,,,,do not include red into website,,,,,,,,,,,,,,,,,,,,,do not include red into website,,,,,,,,,,,,do not include red into website,,,do not include red into website,,0.00,0.00,0.00,0.00,0.00,0.00,0.00,0.00,0.00,0.00,0.00,0.00,0.00,0.00,0.00,0.00,0.00,0.00,0.00,,,"4,147,388.00","2,725,661.71",,,,,,,,,,,,,,,,,,0.00,0.00,0.00,0.00,0.00,0.00,0.00,0.00,0.00,0.00,,,,,Afghanistan,113.3,,Afghanistan,EMR,95.00%,,,AFR,Liberia,2013,55.70%,43.00%,DHS_2013,,AMR,16.43%,0.00%
Afghanistan,EMR,31731688,AS+SP+PQ,2.30%,50.38%,"113,300.00","39,263.00",5.00%,"5,665.00","1,963.15",989.13,,,,,,,,,,,,,,,,,,,,,,,,71.60%,,,100.00%,,,,,,,,,,,#DIV/0!,#DIV/0!,#DIV/0!,,,,,,,,,,#DIV/0!,,,#DIV/0!,,0.00,0.00,0.00,0.00,0.00,0.00,0.00,0.00,0.00,0,0.00,0.00,0.00,0.00,0.00,0.00,0.00,0.00,0.00,CQ+PQ,95%,"107,635.00","37,299.85",2.30%,,,,,,,,,,,,,,,,,0.00,0.00,0.00,0.00,0.00,0.00,0.00,0.00,0.00,0.00,Novartis,AL,0.00,,Albania,0,,Albania,EUR,,,,AFR, Madagascar,2013,11.30%,11.00%,MIS_2013,,EMR,2.30%,0.00%
Albania,EUR,2895092,,16.43%,50.38%,0.00,,0.00%,0.00,0.00,,,,,,,,,,,,,,,,,,,,,,,,,,,,,,,,,,,,,,,#DIV/0!,#DIV/0!,#DIV/0!,,,,,,,,,,#DIV/0!,,,#DIV/0!,,0.00,0.00,0.00,0.00,0.00,0.00,0.00,0.00,0.00,0,0.00,0.00,0.00,0.00,0.00,0.00,0.00,0.00,0.00,,,0.00,0.00,16.43%,,,,,,,,,,,,,,,,,0.00,0.00,0.00,0.00,0.00,0.00,0.00,0.00,0.00,0.00,Sanofi,AS+AQ; AS+SP; AS+AQ+PQ; CQ+PQ; AS+SP+PQ; AS+MQ+PQ,0.00,,Algeria,0.7,,Algeria,AFR,13%,,,AFR,Malawi,2013,,88.00%,MICS_2013,,SEA,16.43%,0.00%
Algeria,AFR,38338562,*,22.64%,50.38%,700.00,0.00,88.00%,616.00,0.00,,,,,,,,,,,,,,,,,,,,,,,,,,,,,,,,,,,,,,,#DIV/0!,#DIV/0!,#DIV/0!,,,,,,,,,,#DIV/0!,,,#DIV/0!,,0.00,0.00,0.00,0.00,0.00,0.00,0.00,0.00,0.00,0,0.00,0.00,0.00,,0.00,0.00,,0.00,0.00,CQ,13%,91.00,0.00,22.64%,,,,,,,,,,,,,,,,,0.00,0.00,0.00,0.00,0.00,0.00,0.00,0.00,0.00,0.00,Bayer Healthcare,CQ,0.00,,Andorra,0,,American Samoa,WPR,,,,AFR,Namibia,2013,8.40%,45.00%,DHS_2013,,WPR,2.60%,0.00%
American Samoa,WPR,55307,,2.60%,50.38%,,,,0.00,0.00,,,,,,,,,,,,,,,,,,,,,,,,,,,,,,,,,,,,,,,#DIV/0!,#DIV/0!,#DIV/0!,,,,,,,,,,#DIV/0!,,,#DIV/0!,,0.00,0.00,0.00,0.00,0.00,0.00,0.00,0.00,0.00,0,0.00,0.00,0.00,0.00,0.00,0.00,0.00,0.00,0.00,,,0.00,0.00,2.60%,,,,,,,,,,,,,,,,,0.00,0.00,0.00,0.00,0.00,0.00,0.00,0.00,0.00,0.00,Chongqing Tonghe Pharmaceutical Co. Ltd.,DHA-PPQ,0.00,,Angola,912.4,,Andorra,EUR,,,,AFR,Nigeria,2013,32.70%,18.00%,DHS_2013,,EUR,16.43%,0.00%
Andorra,EUR,80788,,16.43%,50.38%,0.00,,0.00%,0.00,0.00,,,,,,,,,,,,,,,,,,,,,,,,,,,,,,,,,,,,,,,#DIV/0!,#DIV/0!,#DIV/0!,,,,,,,,,,#DIV/0!,,,#DIV/0!,,0.00,0.00,0.00,0.00,0.00,0.00,0.00,0.00,0.00,0,0.00,0.00,0.00,0.00,0.00,0.00,0.00,0.00,0.00,,,0.00,0.00,16.43%,,,,,,,,,,,,,,,,,0.00,0.00,0.00,0.00,0.00,0.00,0.00,0.00,0.00,0.00,Taisho Pharmaceuticals,CL,0.00,,Antigua and Barbuda,0,,Angola,AFR,0,,,AFR,Rwanda,2013,12.00%,92.00%,MIS_2013,,GLOBAL AVERAGE,16.43%,50.38%
Angola,AFR,25998340,AL,22.64%,50.38%,"912,400.00","1,999,868.00",100.00%,"912,400.00","1,999,868.00","1,007,625.80",,,,,,,,,,,,,,,,,,,93.50%,,,,,98.80%,,,98.80%,,,,,,,,,,,#DIV/0!,#DIV/0!,#DIV/0!,,,,,,,,,,#DIV/0!,,,#DIV/0!,,0.00,0.00,0.00,0.00,0.00,0.00,0.00,0.00,0.00,0,0.00,0.00,0.00,0.00,0.00,0.00,0.00,0.00,0.00,*,0%,0.00,0.00,22.64%,,,,,,,,,,,,,,,,,0.00,0.00,0.00,0.00,0.00,0.00,0.00,0.00,0.00,0.00,Pfizer,D ,0,,Argentina,0.1,,Anguilla,AMR,,,,AFR,Sierra Leone,2013,48.30%,77.00%,DHS_2013,,Used in column H,,
Anguilla,AMR,13864,,16.43%,50.38%,,,,0.00,0.00,,,,,,,,,,,,,,,,,,,,,,,,,,,,,,,,,,,,,,,#DIV/0!,#DIV/0!,#DIV/0!,,,,,,,,,,#DIV/0!,,,#DIV/0!,,0.00,0.00,0.00,0.00,0.00,0.00,0.00,0.00,0.00,0,0.00,0.00,0.00,0.00,0.00,0.00,0.00,0.00,0.00,,,0.00,0.00,16.43%,,,,,,,,,,,,,,,,,0.00,0.00,0.00,0.00,0.00,0.00,0.00,0.00,0.00,0.00,Public Sector,AS+MQ,0.00,,Armenia,0,,Antigua and Barbuda,AMR,,,,AFR,Togo,2013,,50.00%,DHS_2013,,Country,Malaria - number of reported confirmed cases,
Antigua and Barbuda,AMR,97824,,16.43%,50.38%,0.00,,,0.00,0.00,,,,,,,,,,,,,,,,,,,,,,,,,,,,,,,,,,,,,,,#DIV/0!,#DIV/0!,#DIV/0!,,,,,,,,,,#DIV/0!,,,#DIV/0!,,0.00,0.00,0.00,0.00,0.00,0.00,0.00,0.00,0.00,0,0.00,0.00,0.00,0.00,0.00,0.00,0.00,0.00,0.00,,,0.00,0.00,16.43%,,,,,,,,,,,,,,,,,0.00,0.00,0.00,0.00,0.00,0.00,0.00,0.00,0.00,0.00,Artepharm,ART+PPQ,0.00,,Australia,0,,Argentina,AMR,0,,,AFR,Zambia,2013,,90.00%,DHS_2013,,Afghanistan,"39,263.00",
Argentina,AMR,42539925,AL+PQ,16.43%,50.38%,100.00,0.00,,0.00,0.00,,,,,,,,,,,,,,,,,,,,,,,,,,,,,,,,,,,,,,,#DIV/0!,#DIV/0!,#DIV/0!,,,,,,,,,,#DIV/0!,,,#DIV/0!,,0.00,0.00,0.00,0.00,0.00,0.00,0.00,0.00,0.00,0,0.00,0.00,0.00,0.00,0.00,0.00,0.00,0.00,0.00,CQ+PQ,0%,0.00,0.00,16.43%,,,,,,,,,,,,,,,,,0.00,0.00,0.00,0.00,0.00,0.00,0.00,0.00,0.00,0.00,"Guilin Pharmaceutical Co., Ltd",AM,0.00,,Austria,0,,Armenia,EUR,,,WMR2016ANNEX,AFR,Burundi,2013,,69.00%,DHS_2013,,Algeria,0.00,
Armenia,EUR,2893509,*,16.43%,50.38%,0.00,,0.00%,0.00,0.00,,,,,,,,,,,,,,,,,,,,,,,,,,,,,,,,,,,,,,,#DIV/0!,#DIV/0!,#DIV/0!,,,,,,,,,,#DIV/0!,,,#DIV/0!,,0.00,0.00,0.00,0.00,0.00,0.00,0.00,0.00,0.00,0,0.00,0.00,0.00,,0.00,0.00,,0.00,0.00,,,0.00,0.00,16.43%,,,,,,,,,,,,,,,,,0.00,0.00,0.00,0.00,0.00,0.00,0.00,0.00,0.00,0.00,GlaxoSmithKline,AT+PG,0.00,,Azerbaijan,0,,Aruba,AMR,,,,AFR,Mali,2013,22.50%,17.00%,DHS_2013,,Angola,"1,999,868.00",
Aruba,AMR,103187,,16.43%,50.38%,,,,0.00,0.00,,,,,,,,,,,,,,,,,,,,,,,,,,,,,,,,,,,,,,,#DIV/0!,#DIV/0!,#DIV/0!,,,,,,,,,,#DIV/0!,,,#DIV/0!,,0.00,0.00,0.00,0.00,0.00,0.00,0.00,0.00,0.00,0,0.00,0.00,0.00,0.00,0.00,0.00,0.00,0.00,0.00,,,0.00,0.00,16.43%,,,,,,,,,,,,,,,,,0.00,0.00,0.00,0.00,0.00,0.00,0.00,0.00,0.00,0.00,Total,,0.00,,Bahrain,0,,Australia,WPR,,,,EMR,Pakistan,2013,3.40%,,DHS 2012-2013,,Argentina,0.00,
Australia,WPR,23117353,,2.60%,50.38%,0.00,,,0.00,0.00,,,,,,,,,,,,,,,,,,,,,,,,,,,,,,,,,,,,,,,#DIV/0!,#DIV/0!,#DIV/0!,,,,,,,,,,#DIV/0!,,,#DIV/0!,,0.00,0.00,0.00,0.00,0.00,0.00,0.00,0.00,0.00,0,0.00,0.00,0.00,0.00,0.00,0.00,0.00,0.00,0.00,,,0.00,0.00,2.60%,,,,,,,,,,,,,,,,,0.00,0.00,0.00,0.00,0.00,0.00,0.00,0.00,0.00,0.00,Legend,,,,Bangladesh,9.5,,Austria,EUR,,,,WPR,Philippines,2013,0.10%,,DHS_2013,,Armenia,,
Austria,EUR,8479375,,16.43%,50.38%,0.00,,0.00%,0.00,0.00,,,,,,,,,,,,,,,,,,,,,,,,,,,,,,,,,,,,,,,#DIV/0!,#DIV/0!,#DIV/0!,,,,,,,,,,#DIV/0!,,,#DIV/0!,,0.00,0.00,0.00,0.00,0.00,0.00,0.00,0.00,0.00,0,0.00,0.00,0.00,0.00,0.00,0.00,0.00,0.00,0.00,,,0.00,0.00,16.43%,,,,,,,,,,,,,,,,,0.00,0.00,0.00,0.00,0.00,0.00,0.00,0.00,0.00,0.00,Drug Abbreviation,Drug Name,Source,,Barbados,0,,Azerbaijan,EUR,0,,,AFR,Senegal,2013,6.20%,,Continuous DHS 2012-2013,,Azerbaijan,0.00,
Azerbaijan,EUR,9416801,AS+SP,16.43%,50.38%,0.00,0.00,0.00%,0.00,0.00,,,,,,,,,,,,,,,,,,,,,,,,,,,,,,,,,,,,,,,#DIV/0!,#DIV/0!,#DIV/0!,,,,,,,,,,#DIV/0!,,,#DIV/0!,,0.00,0.00,0.00,0.00,0.00,0.00,0.00,0.00,0.00,0,0.00,0.00,0.00,0.00,0.00,0.00,0.00,0.00,0.00,CQ+PQ,0%,0.00,0.00,16.43%,,,,,,,,,,,,,,,,,0.00,0.00,0.00,0.00,0.00,0.00,0.00,0.00,0.00,0.00,AL,artemether-lumefantrine,https://docs.google.com/file/d/0B4yRDNEDbQfwN2JiMmY4NWQtYTIyNi00NTAyLTljYzYtOTY2ZDZjMWM5M2Nl/edit,,Belarus,0,,Bahamas,AMR,,,,WPR,Vanuatu,2013,5.10%,,DHS_2013,,Bahamas,,
Bahamas,AMR,377240,,16.43%,50.38%,,,0.00%,0.00,0.00,,,,,,,,,,,,,,,,,,,,,,,,,,,,,,,,,,,,,,,#DIV/0!,#DIV/0!,#DIV/0!,,,,,,,,,,#DIV/0!,,,#DIV/0!,,0.00,0.00,0.00,0.00,0.00,0.00,0.00,0.00,0.00,0,0.00,0.00,0.00,0.00,0.00,0.00,0.00,0.00,0.00,,,0.00,0.00,16.43%,,,,,,,,,,,,,,,,,0.00,0.00,0.00,0.00,0.00,0.00,0.00,0.00,0.00,0.00,AM,artemether,,,Belgium,0,,Bahrain,EMR,,,,EMR,Yemen,2013,1.20%,,DHS_2013,,Bangladesh,"3,864.00",
Bahrain,EMR,1315411,,2.30%,50.38%,0.00,,0.00%,0.00,0.00,,,,,,,,,,,,,,,,,,,,,,,,,,,,,,,,,,,,,,,#DIV/0!,#DIV/0!,#DIV/0!,,,,,,,,,,#DIV/0!,,,#DIV/0!,,0.00,0.00,0.00,0.00,0.00,0.00,0.00,0.00,0.00,0,0.00,0.00,0.00,0.00,0.00,0.00,0.00,0.00,0.00,,,0.00,0.00,2.30%,,,,,,,,,,,,,,,,,0.00,0.00,0.00,0.00,0.00,0.00,0.00,0.00,0.00,0.00,AQ,amodiaquine,https://docs.google.com/file/d/0B4yRDNEDbQfwZGQwMmEyZGYtNWM0MC00N2JlLTg2ZGUtZTY4YTBjYzM2YTAy/edit,,Belize,0.1,,Bangladesh,SEA,13%,,,,,,,,,,Belize,20.00,
Bangladesh,SEA,157571292,AL,16.43%,50.38%,"9,500.00","3,864.00",87.00%,"8,265.00","3,361.68","1,693.77",,,,,,,,,,,,,,,,,,,100.00%,,,,,,99.10%,,,,,,,,,,,100%,,#DIV/0!,#DIV/0!,#DIV/0!,,,,,,,,,,#DIV/0!,,,#DIV/0!,,0.00,0.00,0.00,0.00,0.00,0.00,0.00,0.00,0.00,0,0.00,0.00,0.00,0.00,0.00,0.00,0.00,0.00,0.00,CQ+PQ,13%,"1,235.00",502.32,16.43%,,,,,,,,,,,,,,,,,0.00,0.00,0.00,0.00,0.00,0.00,0.00,0.00,0.00,0.00,MQ,mefloquine,https://docs.google.com/file/d/0B4yRDNEDbQfwY2I4MTI5NWUtODQwNS00OTYyLWFkMzMtOWYzMWMwN2YxYzlj/edit,,Benin,605.4,,Barbados,AMR,,,,,,,,,,,Benin,"1,078,834.00",
Barbados,AMR,282509,,16.43%,50.38%,0.00,,,0.00,0.00,,,,,,,,,,,,,,,,,,,,,,,,,,,,,,,,,,,,,,,#DIV/0!,#DIV/0!,#DIV/0!,,,,,,,,,,#DIV/0!,,,#DIV/0!,,0.00,0.00,0.00,0.00,0.00,0.00,0.00,0.00,0.00,0,0.00,0.00,0.00,0.00,0.00,0.00,0.00,0.00,0.00,,,0.00,0.00,16.43%,,,,,,,,,,,,,,,,,0.00,0.00,0.00,0.00,0.00,0.00,0.00,0.00,0.00,0.00,AS,artesunate,https://docs.google.com/file/d/0B4yRDNEDbQfwY2I4MTI5NWUtODQwNS00OTYyLWFkMzMtOWYzMWMwN2YxYzlj/edit,,Bhutan,0.7,,Belarus,EUR,,,,,,,,,,,Bhutan,15.00,
Belarus,EUR,9465997,,16.43%,50.38%,0.00,,0.00%,0.00,0.00,,,,,,,,,,,,,,,,,,,,,,,,,,,,,,,,,,,,,,,#DIV/0!,#DIV/0!,#DIV/0!,,,,,,,,,,#DIV/0!,,,#DIV/0!,,0.00,0.00,0.00,0.00,0.00,0.00,0.00,0.00,0.00,0,0.00,0.00,0.00,0.00,0.00,0.00,0.00,0.00,0.00,,,0.00,0.00,16.43%,,,,,,,,,,,,,,,,,0.00,0.00,0.00,0.00,0.00,0.00,0.00,0.00,0.00,0.00,DHA-PPQ,dihydroarteminisin-piperaquine,https://docs.google.com/file/d/0B4yRDNEDbQfwYWRmMWEyODMtN2UyMi00YTg2LTg3YWItMDFiNTZiN2Q4NGY2/edit,,Bolivia,0.3,,Belgium,EUR,,,,,,,,,,,Bolivia,"7,342.00",
Belgium,EUR,11182817,,16.43%,50.38%,0.00,,0.00%,0.00,0.00,,,,,,,,,,,,,,,,,,,,,,,,,,,,,,,,,,,,,,,#DIV/0!,#DIV/0!,#DIV/0!,,,,,,,,,,#DIV/0!,,,#DIV/0!,,0.00,0.00,0.00,0.00,0.00,0.00,0.00,0.00,0.00,0,0.00,0.00,0.00,0.00,0.00,0.00,0.00,0.00,0.00,,,0.00,0.00,16.43%,,,,,,,,,,,,,,,,,0.00,0.00,0.00,0.00,0.00,0.00,0.00,0.00,0.00,0.00,,,,,Bosnia and Herzegovina,0,,Belize,AMR,100%,,,,,,,,,,Botswana,456.00,
Belize,AMR,344181,CQ+PQ,16.43%,50.38%,100.00,20.00,0.00%,0.00,0.00,,,,,,,,,,,,,,,,,,,,,,,,,,,,,,,,,,,,,,,#DIV/0!,#DIV/0!,#DIV/0!,,,,,,,,,,#DIV/0!,,,#DIV/0!,,0.00,0.00,0.00,0.00,0.00,0.00,0.00,0.00,0.00,0,0.00,0.00,0.00,0.00,0.00,0.00,0.00,0.00,0.00,CQ+PQ,100%,100.00,20.00,16.43%,,,,,,,,,,,,,,,,,0.00,0.00,0.00,0.00,0.00,0.00,0.00,0.00,0.00,0.00,QN,quinine,https://docs.google.com/document/d/1pBtjkDAHBg6XaiPvehVcEGhJ4yDinHKrQMrGpgs4gjw/edit,,Botswana,9.8,,Benin,AFR,0,,,,,,,,,,Brazil,"177,767.00",
Benin,AFR,10004451,AL,22.64%,50.38%,"605,400.00","1,078,834.00",100.00%,"605,400.00","1,078,834.00","543,566.36",,,,,,,,,,,,,,,,,,,99.25%,,,,,100.00%,,,94.40%,,,,,,,,,,,#DIV/0!,#DIV/0!,#DIV/0!,,,,,,,,,,#DIV/0!,,,#DIV/0!,,0.00,0.00,0.00,0.00,0.00,0.00,0.00,0.00,0.00,0,0.00,0.00,0.00,0.00,0.00,0.00,0.00,0.00,0.00,*,0%,0.00,0.00,22.64%,,,,,,,,,,,,,,,,,0.00,0.00,0.00,0.00,0.00,0.00,0.00,0.00,0.00,0.00,SP,sulfadoxine-pyrimethamine,https://docs.google.com/file/d/0B4yRDNEDbQfwNGNmZGY4MjgtZTJjYy00ZTY1LWE3ZWEtMWQ3Y2E0MTFmODI5/edit,,Brazil,16.2,,Bermuda,AMR,,,,,,,,,,,Burkina Faso,"3,769,051.00",
Bermuda,AMR,65001,,16.43%,50.38%,,,,0.00,0.00,,,,,,,,,,,,,,,,,,,,,,,,,,,,,,,,,,,,,,,#DIV/0!,#DIV/0!,#DIV/0!,,,,,,,,,,#DIV/0!,,,#DIV/0!,,0.00,0.00,0.00,0.00,0.00,0.00,0.00,0.00,0.00,0,0.00,0.00,0.00,0.00,0.00,0.00,0.00,0.00,0.00,,,0.00,0.00,16.43%,,,,,,,,,,,,,,,,,0.00,0.00,0.00,0.00,0.00,0.00,0.00,0.00,0.00,0.00,,,,,Brunei Darussalam,0,,Bhutan,SEA,41%,,,,,,,,,,Burundi,"4,141,387.00",
Bhutan,SEA,764961,AL,16.43%,50.38%,700.00,15.00,59.00%,413.00,8.85,4.46,,,,,,,,,,,,,,,,,,,100.00%,,,,,,,,,,,,,,,,,,,#DIV/0!,#DIV/0!,#DIV/0!,,,,,,,,,,#DIV/0!,,,#DIV/0!,,0.00,0.00,0.00,0.00,0.00,0.00,0.00,0.00,0.00,0,0.00,0.00,0.00,0.00,0.00,0.00,0.00,0.00,0.00,CQ+PQ,41%,287.00,6.15,16.43%,,,,,,,,,,,,,,,,,0.00,0.00,0.00,0.00,0.00,0.00,0.00,0.00,0.00,0.00,,,,,Bulgaria,0,,Bolivia,AMR,84%,,,,,,,,,,Côte d'Ivoire,"2,506,953.00",
Bolivia,AMR,10400264,AS+MQ+PQ,16.43%,50.38%,300.00,"7,342.00",16.00%,48.00,"1,174.72",591.88,,,,,,,,,,,,,,,,,,,,,,,,,,,,,,,,,,,,,,#DIV/0!,#DIV/0!,#DIV/0!,,,,,,,,,,#DIV/0!,,,#DIV/0!,,0.00,0.00,0.00,0.00,0.00,0.00,0.00,0.00,0.00,0,0.00,0.00,0.00,0.00,0.00,0.00,0.00,0.00,0.00,CQ+PQ,84%,252.00,"6,167.28",16.43%,,,,,,,,,,,,,,,,,0.00,0.00,0.00,0.00,0.00,0.00,0.00,0.00,0.00,0.00,,,,,Burkina Faso,2142.9,,"Bonaire, Saint Eustatius and Saba",AMR,,,,,,,,,,,Cape Verde,22.00,
"Bonaire, Saint Eustatius and Saba",AMR,,,16.43%,50.38%,,,,0.00,,,,,,,,,,,,,,,,,,,,,,,,,,,,,,,,,,,,,,,,#DIV/0!,#DIV/0!,#DIV/0!,,,,,,,,,,#DIV/0!,,,#DIV/0!,,0.00,0.00,0.00,0.00,0.00,0.00,0.00,0.00,0.00,0,0.00,0.00,0.00,0.00,0.00,0.00,0.00,0.00,0.00,,,0.00,0.00,16.43%,,,,,,,,,,,,,,,,,0.00,0.00,0.00,0.00,0.00,0.00,0.00,0.00,0.00,0.00,,,,,Burundi,934.3,,Bosnia and Herzegovina,EUR,,,,,,,,,,,Cambodia,"21,309.00",
Bosnia and Herzegovina,EUR,3604999,,16.43%,50.38%,0.00,,0.00%,0.00,0.00,,,,,,,,,,,,,,,,,,,,,,,,,,,,,,,,,,,,,,,#DIV/0!,#DIV/0!,#DIV/0!,,,,,,,,,,#DIV/0!,,,#DIV/0!,,0.00,0.00,0.00,0.00,0.00,0.00,0.00,0.00,0.00,0,0.00,0.00,0.00,0.00,0.00,0.00,0.00,0.00,0.00,,,0.00,0.00,16.43%,,,,,,,,,,,,,,,,,0.00,0.00,0.00,0.00,0.00,0.00,0.00,0.00,0.00,0.00,,,,,Cambodia,64.1,,Botswana,AFR,0,,,,,,,,,,Cameroon,"26,651.00",
Botswana,AFR,2128507,AL,22.64%,50.38%,"9,800.00",456.00,100.00%,"9,800.00",456.00,229.75,,,,,,,,,,,,,,,,,,,,,,,,,,,,,,,,,,,,,,#DIV/0!,#DIV/0!,#DIV/0!,,,,,,,,,,#DIV/0!,,,#DIV/0!,,0.00,0.00,0.00,0.00,0.00,0.00,0.00,0.00,0.00,0,0.00,0.00,0.00,0.00,0.00,0.00,0.00,0.00,0.00,*,0%,0.00,0.00,22.64%,,,,,,,,,,,,,,,,,0.00,0.00,0.00,0.00,0.00,0.00,0.00,0.00,0.00,0.00,,,,,Cameroon,1553.3,,Brazil,AMR,82%,,,,,,,,,,Central African Republic,"116,300.00",
Brazil,AMR,202408632,AL+PQ; AS+MQ+PQ,16.43%,50.38%,"16,200.00","177,767.00",18.00%,"2,916.00","31,998.06","16,122.10",,,,,,,,,,,,,,,,,,,100.00%,,,,,,100.00%,,,,,97.25%,,,,,,,,#DIV/0!,#DIV/0!,#DIV/0!,,,,,,,,,,#DIV/0!,,,#DIV/0!,,0.00,0.00,0.00,0.00,0.00,0.00,0.00,0.00,0.00,0,0.00,0.00,0.00,0.00,0.00,0.00,0.00,0.00,0.00,CQ+PQ,82%,"13,284.00","145,768.94",16.43%,,,,,,,,,,,,,,,,,0.00,0.00,0.00,0.00,0.00,0.00,0.00,0.00,0.00,0.00,,,,,Canada,0,,British Virgin Islands,AMR,,,,,,,,,,,Chad,"754,565.00",
British Virgin Islands,AMR,29056,,16.43%,50.38%,,,,0.00,0.00,,,,,,,,,,,,,,,,,,,,,,,,,,,,,,,,,,,,,,,#DIV/0!,#DIV/0!,#DIV/0!,,,,,,,,,,#DIV/0!,,,#DIV/0!,,0.00,0.00,0.00,0.00,0.00,0.00,0.00,0.00,0.00,0,0.00,0.00,0.00,0.00,0.00,0.00,0.00,0.00,0.00,,,0.00,0.00,16.43%,,,,,,,,,,,,,,,,,0.00,0.00,0.00,0.00,0.00,0.00,0.00,0.00,0.00,0.00,,,,,Cape Verde,0,,Brunei Darussalam,WPR,,,,,,,,,,,China,86.00,
Brunei Darussalam,WPR,405716,,2.60%,50.38%,0.00,,,0.00,0.00,,,,,,,,,,,,,,,,,,,,,,,,,,,,,,,,,,,,,,,#DIV/0!,#DIV/0!,#DIV/0!,,,,,,,,,,#DIV/0!,,,#DIV/0!,,0.00,0.00,0.00,0.00,0.00,0.00,0.00,0.00,0.00,0,0.00,0.00,0.00,0.00,0.00,0.00,0.00,0.00,0.00,,,0.00,0.00,2.60%,,,,,,,,,,,,,,,,,0.00,0.00,0.00,0.00,0.00,0.00,0.00,0.00,0.00,0.00,,,,,Central African Republic,277.5,,Bulgaria,EUR,,,,,,,,,,,Colombia,"51,696.00",
Bulgaria,EUR,7265115,,16.43%,50.38%,0.00,,0.00%,0.00,0.00,,,,,,,,,,,,,,,,,,,,,,,,,,,,,,,,,,,,,,,#DIV/0!,#DIV/0!,#DIV/0!,,,,,,,,,,#DIV/0!,,,#DIV/0!,,0.00,0.00,0.00,0.00,0.00,0.00,0.00,0.00,0.00,0,0.00,0.00,0.00,0.00,0.00,0.00,0.00,0.00,0.00,,,0.00,0.00,16.43%,,,,,,,,,,,,,,,,,0.00,0.00,0.00,0.00,0.00,0.00,0.00,0.00,0.00,0.00,,,,,Chad,806.9,,Burkina Faso,AFR,0,,,,,,,,,,Comoros,"53,156.00",
Burkina Faso,AFR,17072723,AL; AS+AQ,22.64%,50.38%,"2,142,900.00","3,769,051.00",100.00%,"2,142,900.00","3,769,051.00","1,899,021.85",,,,,,,,,,,,,,,,,,,93.85%,,,,,94.95%,100.00%,,97.20%,,,,98.10%,,,,,,,#DIV/0!,#DIV/0!,#DIV/0!,,,,,,,,,,#DIV/0!,,,#DIV/0!,,0.00,0.00,0.00,0.00,0.00,0.00,0.00,0.00,0.00,0,0.00,0.00,0.00,0.00,0.00,0.00,0.00,0.00,0.00,*,0%,0.00,0.00,22.64%,,,,,,,,,,,,,,,,,0.00,0.00,0.00,0.00,0.00,0.00,0.00,0.00,0.00,0.00,,,,,Chile,0,,Burundi,AFR,0,,,,,,,,,,Congo,"43,232.00",
Burundi,AFR,9600186,AS+AQ,22.64%,69.00%,"934,300.00","4,141,387.00",100.00%,"934,300.00","4,141,387.00","2,857,557.03",,,,,,,,,,,,,,,,,,,,,,,,94.80%,,,,,,,,,,,,,,#DIV/0!,#DIV/0!,#DIV/0!,,,,,,,,,,#DIV/0!,,,#DIV/0!,,0.00,0.00,0.00,0.00,0.00,0.00,0.00,0.00,0.00,0,0.00,0.00,0.00,0.00,0.00,0.00,0.00,0.00,0.00,*,0%,0.00,0.00,22.64%,,,,,,,,,,,,,,,,,0.00,0.00,0.00,0.00,0.00,0.00,0.00,0.00,0.00,0.00,,,,,China,11.7,,Cambodia,WPR,45%,,,,,,,,,,Costa Rica,0.00,
Cambodia,WPR,15022692,AS+MQ; DHA-PPQ+PQ,2.60%,50.38%,"64,100.00","21,309.00",55.00%,"35,255.00","11,719.95","5,905.05",,,,,,,,,,,,,,,,,,,78.70%,,,,,,96.85%,,,,,,94.10%,,,,,,,#DIV/0!,#DIV/0!,#DIV/0!,,,,,,,,,,#DIV/0!,,,#DIV/0!,,0.00,0.00,0.00,0.00,0.00,0.00,0.00,0.00,0.00,0,0.00,0.00,0.00,,0.00,0.00,0.00,0.00,0.00,DHA-PPQ,45%,"28,845.00","9,589.05",2.60%,,,,,,,,,,,,,,,,,0.00,0.00,0.00,0.00,0.00,0.00,0.00,0.00,0.00,0.00,,,,,Colombia,31.7,,Cameroon,AFR,0,,,,,,,,,,Democratic People's Republic of Korea,"14,407.00",
Cameroon,AFR,21655715,AS+AQ,22.64%,50.38%,"1,553,300.00","26,651.00",100.00%,"1,553,300.00","26,651.00","13,428.00",,,,,,,,,,,,,,,,,,,99.30%,,,,,96.30%,98.20%,,96.40%,,,,97.70%,,,,,,,#DIV/0!,#DIV/0!,#DIV/0!,,,,,,,,,,#DIV/0!,,,#DIV/0!,,0.00,0.00,0.00,0.00,0.00,0.00,0.00,0.00,0.00,0,0.00,0.00,0.00,0.00,0.00,0.00,0.00,0.00,0.00,*,0%,0.00,0.00,22.64%,,,,,,,,,,,,,,,,,0.00,0.00,0.00,0.00,0.00,0.00,0.00,0.00,0.00,0.00,,,,,Comoros,14.8,,Canada,AMR,,,,,,,,,,,Democratic Republic of the Congo,"6,715,223.00",
Canada,AMR,35155451,,16.43%,50.38%,0.00,,,0.00,0.00,,,,,,,,,,,,,,,,,,,,,,,,,,,,,,,,,,,,,,,#DIV/0!,#DIV/0!,#DIV/0!,,,,,,,,,,#DIV/0!,,,#DIV/0!,,0.00,0.00,0.00,0.00,0.00,0.00,0.00,0.00,0.00,0,0.00,0.00,0.00,0.00,0.00,0.00,0.00,0.00,0.00,,,0.00,0.00,16.43%,,,,,,,,,,,,,,,,,0.00,0.00,0.00,0.00,0.00,0.00,0.00,0.00,0.00,0.00,,,,,Congo,142.7,,Cape Verde,AFR,0,,,,,,,,,,Djibouti,939.00,
Cape Verde,AFR,520106,,22.64%,50.38%,0.00,22.00,100.00%,0.00,22.00,11.08,,,,,,,,,,,,,,,,,,,,,,,,,,,,,,,,,,,,,,#DIV/0!,#DIV/0!,#DIV/0!,,,,,,,,,,#DIV/0!,,,#DIV/0!,,0.00,0.00,0.00,0.00,0.00,0.00,0.00,0.00,0.00,0,0.00,0.00,0.00,0.00,0.00,0.00,0.00,0.00,0.00,*,0%,0.00,0.00,22.64%,,,,,,,,,,,,,,,,,0.00,0.00,0.00,0.00,0.00,0.00,0.00,0.00,0.00,0.00,,,,,Costa Rica,0,,Cayman Islands,AMR,,,,,,,,,,,Dominican Republic,579.00,
Cayman Islands,AMR,58371,,16.43%,50.38%,,,,0.00,0.00,,,,,,,,,,,,,,,,,,,,,,,,,,,,,,,,,,,,,,,#DIV/0!,#DIV/0!,#DIV/0!,,,,,,,,,,#DIV/0!,,,#DIV/0!,,0.00,0.00,0.00,0.00,0.00,0.00,0.00,0.00,0.00,0,0.00,0.00,0.00,0.00,0.00,0.00,0.00,0.00,0.00,,,0.00,0.00,16.43%,,,,,,,,,,,,,,,,,0.00,0.00,0.00,0.00,0.00,0.00,0.00,0.00,0.00,0.00,,,,,Côte d'Ivoire,1332.7,,Central African Republic,AFR,0,,,,,,,,,,Ecuador,368.00,
Central African Republic,AFR,4499653,AL,22.64%,50.38%,"277,500.00","116,300.00",100.00%,"277,500.00","116,300.00","58,597.31",,,,,,,,,,,,,,,,,,,96.20%,,,,96.60%,,,,,,,,,,,,,,,#DIV/0!,#DIV/0!,#DIV/0!,,,,,,,,,,#DIV/0!,,,#DIV/0!,,0.00,0.00,0.00,0.00,0.00,0.00,0.00,0.00,0.00,0,0.00,0.00,0.00,0.00,0.00,0.00,0.00,0.00,0.00,*,0%,0.00,0.00,22.64%,,,,,,,,,,,,,,,,,0.00,0.00,0.00,0.00,0.00,0.00,0.00,0.00,0.00,0.00,,,,,Croatia,0,,Chad,AFR,0,,,,,,,,,,Egypt,0.00,
Chad,AFR,13133589,AL; AS+AQ,22.64%,50.38%,"806,900.00","754,565.00",100.00%,"806,900.00","754,565.00","380,184.67",,,,,,,,,,,,,,,,,,,,,,,,100.00%,,,,,,,,,,,,,,#DIV/0!,#DIV/0!,#DIV/0!,,,,,,,,,,#DIV/0!,,,#DIV/0!,,0.00,0.00,0.00,0.00,0.00,0.00,0.00,0.00,0.00,0,0.00,0.00,0.00,0.00,0.00,0.00,0.00,0.00,0.00,*,0%,0.00,0.00,22.64%,,,,,,,,,,,,,,,,,0.00,0.00,0.00,0.00,0.00,0.00,0.00,0.00,0.00,0.00,,,,,Cuba,0,,Chile,AMR,,,,,,,,,,,El Salvador,6.00,
Chile,AMR,17462982,,16.43%,50.38%,0.00,,34.00%,0.00,0.00,,,,,,,,,,,,,,,,,,,,,,,,,,,,,,,,,,,,,,,#DIV/0!,#DIV/0!,#DIV/0!,,,,,,,,,,#DIV/0!,,,#DIV/0!,,0.00,0.00,0.00,0.00,0.00,0.00,0.00,0.00,0.00,0,0.00,0.00,0.00,0.00,0.00,0.00,0.00,0.00,0.00,,,0.00,0.00,16.43%,,,,,,,,,,,,,,,,,0.00,0.00,0.00,0.00,0.00,0.00,0.00,0.00,0.00,0.00,,,,,Cyprus,0,,China,WPR,23%,,,,,,,,,,Equatorial Guinea,"13,129.00",
China,WPR,1357380000,DHA-PPQ; AS+AQ; ART+NQ; ART+PPQ,2.60%,50.38%,"11,700.00",86.00,73.00%,"8,541.00",62.78,31.63,,,,,,,,,,,,,,,,,,,100.00%,,,,,,,,,,,100%,98.85%,,,,,,,#DIV/0!,#DIV/0!,#DIV/0!,,,,,,,,,,#DIV/0!,,,#DIV/0!,,0.00,0.00,0.00,0.00,0.00,0.00,0.00,0.00,0.00,0,0.00,0.00,0.00,0.00,0.00,0.00,0.00,0.00,0.00,QN,23%,"2,691.00",19.78,2.60%,,,,,,,,,,,,,,,,,0.00,0.00,0.00,0.00,0.00,0.00,0.00,0.00,0.00,0.00,,,,,Czech Republic,0,,"China, Hong Kong SAR",WPR,,,,,,,,,,,Eritrea,"21,317.00",
"China, Hong Kong SAR",WPR,7187500,,2.60%,50.38%,,,,0.00,0.00,,,,,,,,,,,,,,,,,,,,,,,,,,,,,,,,,,,,,,,#DIV/0!,#DIV/0!,#DIV/0!,,,,,,,,,,#DIV/0!,,,#DIV/0!,,0.00,0.00,0.00,0.00,0.00,0.00,0.00,0.00,0.00,0,0.00,0.00,0.00,0.00,0.00,0.00,0.00,0.00,0.00,,,0.00,0.00,2.60%,,,,,,,,,,,,,,,,,0.00,0.00,0.00,0.00,0.00,0.00,0.00,0.00,0.00,0.00,,,,,Democratic Republic of the Congo,3552.4,,"China, Macao SAR",WPR,,,,,,,,,,,Ethiopia,"2,645,454.00",
"China, Macao SAR",WPR,575841,,2.60%,50.38%,,,,0.00,0.00,,,,,,,,,,,,,,,,,,,,,,,,,,,,,,,,,,,,,,,#DIV/0!,#DIV/0!,#DIV/0!,,,,,,,,,,#DIV/0!,,,#DIV/0!,,0.00,0.00,0.00,0.00,0.00,0.00,0.00,0.00,0.00,0,0.00,0.00,0.00,0.00,0.00,0.00,0.00,0.00,0.00,,,0.00,0.00,2.60%,,,,,,,,,,,,,,,,,0.00,0.00,0.00,0.00,0.00,0.00,0.00,0.00,0.00,0.00,,,,,Denmark,0,,Colombia,AMR,66%,,,,,,,,,,Gabon,"28,982.00",
Colombia,AMR,47342981,AL,16.43%,50.38%,"31,700.00","51,696.00",34.00%,"10,778.00","17,576.64","8,855.92",,,,,,,,,,,,,,,,,,,99.40%,,,,,100.00%,100.00%,,97.90%,,,100%,,,,,,,,#DIV/0!,#DIV/0!,#DIV/0!,,,,,,,,,,#DIV/0!,,,#DIV/0!,,0.00,0.00,0.00,0.00,0.00,0.00,0.00,0.00,0.00,0,0.00,0.00,0.00,0.00,0.00,0.00,0.00,0.00,0.00,CQ+PQ,66%,"20,922.00","34,119.36",16.43%,,,,,,,,,,,,,,,,,0.00,0.00,0.00,0.00,0.00,0.00,0.00,0.00,0.00,0.00,,,,,Djibouti,27.8,,Comoros,AFR,0,,,,,,,,,,Gambia,"240,792.00",
Comoros,AFR,741500,AL,22.64%,50.38%,"14,800.00","53,156.00",99.00%,"14,652.00","52,624.44","26,514.62",,,,,,,,,,,,,,,,,,,100.00%,,,,,100.00%,,,100.00%,,,,,,,,,,,#DIV/0!,#DIV/0!,#DIV/0!,,,,,,,,,,#DIV/0!,,,#DIV/0!,,0.00,0.00,0.00,0.00,0.00,0.00,0.00,0.00,0.00,0,0.00,0.00,0.00,0.00,0.00,0.00,0.00,0.00,0.00,*,0%,0.00,0.00,22.64%,,,,,,,,,,,,,,,,,0.00,0.00,0.00,0.00,0.00,0.00,0.00,0.00,0.00,0.00,,,,,Dominica,0,,Congo,AFR,0,,,,,,,,,,Georgia,0.00,
Congo,AFR,4751393,AS+AQ,22.64%,50.38%,"142,700.00","43,232.00",100.00%,"142,700.00","43,232.00","21,782.28",,,,,,,,,,,,,,,,,,,97.20%,,,,,97.30%,,,90.10%,,,,,,,,,,,#DIV/0!,#DIV/0!,#DIV/0!,,,,,,,,,,#DIV/0!,,,#DIV/0!,,0.00,0.00,0.00,0.00,0.00,0.00,0.00,0.00,0.00,0,0.00,0.00,0.00,0.00,0.00,0.00,0.00,0.00,0.00,*,0%,0.00,0.00,22.64%,,,,,,,,,,,,,,,,,0.00,0.00,0.00,0.00,0.00,0.00,0.00,0.00,0.00,0.00,,,,,Dominican Republic,1,,Cook Islands,WPR,,,,,,,,,,,Ghana,"1,639,451.00",
Cook Islands,WPR,18600,,2.60%,50.38%,,,,0.00,0.00,,,,,,,,,,,,,,,,,,,,,,,,,,,,,,,,,,,,,,,#DIV/0!,#DIV/0!,#DIV/0!,,,,,,,,,,#DIV/0!,,,#DIV/0!,,0.00,0.00,0.00,0.00,0.00,0.00,0.00,0.00,0.00,0,0.00,0.00,0.00,0.00,0.00,0.00,0.00,0.00,0.00,,,0.00,0.00,2.60%,,,,,,,,,,,,,,,,,0.00,0.00,0.00,0.00,0.00,0.00,0.00,0.00,0.00,0.00,,,,,Ecuador,2.1,,Costa Rica,AMR,100%,,,,,,,,,,Guatemala,"6,214.00",
Costa Rica,AMR,4706401,CQ+PQ,16.43%,50.38%,0.00,0.00,0.00%,0.00,0.00,,,,,,,,,,,,,,,,,,,,,,,,,,,,,,,,,,,,,,,#DIV/0!,#DIV/0!,#DIV/0!,,,,,,,,,,#DIV/0!,,,#DIV/0!,,0.00,0.00,0.00,0.00,0.00,0.00,0.00,0.00,0.00,0,0.00,0.00,0.00,0.00,0.00,0.00,0.00,0.00,0.00,CQ+PQ,100%,0.00,0.00,16.43%,,,,,,,,,,,,,,,,,0.00,0.00,0.00,0.00,0.00,0.00,0.00,0.00,0.00,0.00,,,,,Egypt,0.5,,Côte d'Ivoire,AFR,0,,,,,,,,,,Guinea,"211,257.00",
Côte d'Ivoire,AFR,21966312,AS+AQ,22.64%,50.38%,"1,332,700.00","2,506,953.00",100.00%,"1,332,700.00","2,506,953.00","1,263,118.63",,,,,,,,,,,,,,,,,,,97.40%,,,,,100.00%,,,,,,,99.25%,,,,,,,#DIV/0!,#DIV/0!,#DIV/0!,,,,,,,,,,#DIV/0!,,,#DIV/0!,,0.00,0.00,0.00,0.00,0.00,0.00,0.00,0.00,0.00,0,0.00,0.00,0.00,0.00,0.00,0.00,0.00,0.00,0.00,*,0%,0.00,0.00,22.64%,,,,,,,,,,,,,,,,,0.00,0.00,0.00,0.00,0.00,0.00,0.00,0.00,0.00,0.00,,,,,El Salvador,0,,Croatia,EUR,,,,,,,,,,,Guinea-Bissau,"54,584.00",
Croatia,EUR,4255689,,16.43%,50.38%,0.00,,0.00%,0.00,0.00,,,,,,,,,,,,,,,,,,,,,,,,,,,,,,,,,,,,,,,#DIV/0!,#DIV/0!,#DIV/0!,,,,,,,,,,#DIV/0!,,,#DIV/0!,,0.00,0.00,0.00,0.00,0.00,0.00,0.00,0.00,0.00,0,0.00,0.00,0.00,0.00,0.00,0.00,0.00,0.00,0.00,,,0.00,0.00,16.43%,,,,,,,,,,,,,,,,,0.00,0.00,0.00,0.00,0.00,0.00,0.00,0.00,0.00,0.00,,,,,Equatorial Guinea,51.1,,Cuba,AMR,,,,,,,,,,,Guyana,"31,479.00",
Cuba,AMR,11412167,,16.43%,50.38%,0.00,,,0.00,0.00,,,,,,,,,,,,,,,,,,,,,,,,,,,,,,,,,,,,,,,#DIV/0!,#DIV/0!,#DIV/0!,,,,,,,,,,#DIV/0!,,,#DIV/0!,,0.00,0.00,0.00,0.00,0.00,0.00,0.00,0.00,0.00,0,0.00,0.00,0.00,0.00,0.00,0.00,0.00,0.00,0.00,,,0.00,0.00,16.43%,,,,,,,,,,,,,,,,,0.00,0.00,0.00,0.00,0.00,0.00,0.00,0.00,0.00,0.00,,,,,Eritrea,133,,Curaçao,AMR,,,,,,,,,,,Haiti,"20,586.00",
Curaçao,AMR,153822,,16.43%,50.38%,,,,0.00,0.00,,,,,,,,,,,,,,,,,,,,,,,,,,,,,,,,,,,,,,,#DIV/0!,#DIV/0!,#DIV/0!,,,,,,,,,,#DIV/0!,,,#DIV/0!,,0.00,0.00,0.00,0.00,0.00,0.00,0.00,0.00,0.00,0,0.00,0.00,0.00,0.00,0.00,0.00,0.00,0.00,0.00,,,0.00,0.00,16.43%,,,,,,,,,,,,,,,,,0.00,0.00,0.00,0.00,0.00,0.00,0.00,0.00,0.00,0.00,,,,,Estonia,0,,Cyprus,EUR,,,,,,,,,,,Honduras,"5,428.00",
Cyprus,EUR,1143896,,16.43%,50.38%,0.00,,0.00%,0.00,0.00,,,,,,,,,,,,,,,,,,,,,,,,,,,,,,,,,,,,,,,#DIV/0!,#DIV/0!,#DIV/0!,,,,,,,,,,#DIV/0!,,,#DIV/0!,,0.00,0.00,0.00,0.00,0.00,0.00,0.00,0.00,0.00,0,0.00,0.00,0.00,0.00,0.00,0.00,0.00,0.00,0.00,,,0.00,0.00,16.43%,,,,,,,,,,,,,,,,,0.00,0.00,0.00,0.00,0.00,0.00,0.00,0.00,0.00,0.00,,,,,Ethiopia,1524.4,,Czech Republic,EUR,,,,,,,,,,,India,"881,730.00",
Czech Republic,EUR,10514272,,16.43%,50.38%,0.00,,0.00%,0.00,0.00,,,,,,,,,,,,,,,,,,,,,,,,,,,,,,,,,,,,,,,#DIV/0!,#DIV/0!,#DIV/0!,,,,,,,,,,#DIV/0!,,,#DIV/0!,,0.00,0.00,0.00,0.00,0.00,0.00,0.00,0.00,0.00,0,0.00,0.00,0.00,0.00,0.00,0.00,0.00,0.00,0.00,,,0.00,0.00,16.43%,,,,,,,,,,,,,,,,,0.00,0.00,0.00,0.00,0.00,0.00,0.00,0.00,0.00,0.00,,,,,Federated,0,,Democratic People's Republic of Korea,SEA,100%,,,,,,,,,,Indonesia,"343,527.00",
Democratic People's Republic of Korea,SEA,24985976,,16.43%,50.38%,100.00,"14,407.00",0.00%,0.00,0.00,,,,,,,,,,,,,,,,,,,,,,,,,,,,,,,,,,,,,,,#DIV/0!,#DIV/0!,#DIV/0!,,,,,,,,,,#DIV/0!,,,#DIV/0!,,0.00,0.00,0.00,0.00,0.00,0.00,0.00,0.00,0.00,0,0.00,0.00,0.00,0.00,0.00,0.00,0.00,0.00,0.00,CQ+PQ,100%,100.00,"14,407.00",16.43%,,,,,,,,,,,,,,,,,0.00,0.00,0.00,0.00,0.00,0.00,0.00,0.00,0.00,0.00,,,,,Fiji,0,,Democratic Republic of the Congo,AFR,0,,,,,,,,,,Iran,479.00,
Democratic Republic of the Congo,AFR,71316033,AS+AQ,22.64%,17.00%,"3,552,400.00","6,715,223.00",100.00%,"3,552,400.00","6,715,223.00","1,141,587.91",,,,,,,,,,,,,,,,,,,97.60%,,,,,95.80%,,,80.30%,,,,,,,,,,,#DIV/0!,#DIV/0!,#DIV/0!,,,,,,,,,,#DIV/0!,,,#DIV/0!,,0.00,0.00,0.00,0.00,0.00,0.00,0.00,0.00,0.00,0,0.00,0.00,0.00,0.00,0.00,0.00,0.00,0.00,0.00,*,0%,0.00,0.00,22.64%,,,,,,,,,,,,,,,,,0.00,0.00,0.00,0.00,0.00,0.00,0.00,0.00,0.00,0.00,,,,,Finland,0,,Denmark,EUR,,,,,,,,,,,Iraq,0.00,
Denmark,EUR,5614932,,16.43%,50.38%,0.00,,0.00%,0.00,0.00,,,,,,,,,,,,,,,,,,,,,,,,,,,,,,,,,,,,,,,#DIV/0!,#DIV/0!,#DIV/0!,,,,,,,,,,#DIV/0!,,,#DIV/0!,,0.00,0.00,0.00,0.00,0.00,0.00,0.00,0.00,0.00,0,0.00,0.00,0.00,0.00,0.00,0.00,0.00,0.00,0.00,,,0.00,0.00,16.43%,,,,,,,,,,,,,,,,,0.00,0.00,0.00,0.00,0.00,0.00,0.00,0.00,0.00,0.00,,,,,France,0,,Djibouti,EMR,0,,,,,,,,,,Jamaica,,
Djibouti,EMR,896688,AL+PQ,2.30%,50.38%,"27,800.00",939.00,100.00%,"27,800.00",939.00,473.11,,,,,,,,,,,,,,,,,,,,,,,,,,,,,,,,,,,,,,#DIV/0!,#DIV/0!,#DIV/0!,,,,,,,,,,#DIV/0!,,,#DIV/0!,,0.00,0.00,0.00,0.00,0.00,0.00,0.00,0.00,0.00,0,0.00,0.00,0.00,0.00,0.00,0.00,0.00,0.00,0.00,CQ+PQ,0%,0.00,0.00,2.30%,,,,,,,,,,,,,,,,,0.00,0.00,0.00,0.00,0.00,0.00,0.00,0.00,0.00,0.00,,,,,Gabon,65.4,,Dominica,AMR,,,,,,,,,,,Kenya,"2,335,286.00",
Dominica,AMR,72400,,16.43%,50.38%,0.00,,,0.00,0.00,,,,,,,,,,,,,,,,,,,,,,,,,,,,,,,,,,,,,,,#DIV/0!,#DIV/0!,#DIV/0!,,,,,,,,,,#DIV/0!,,,#DIV/0!,,0.00,0.00,0.00,0.00,0.00,0.00,0.00,0.00,0.00,0,0.00,0.00,0.00,0.00,0.00,0.00,0.00,0.00,0.00,,,0.00,0.00,16.43%,,,,,,,,,,,,,,,,,0.00,0.00,0.00,0.00,0.00,0.00,0.00,0.00,0.00,0.00,,,,,Georgia,0,,Dominican Republic,AMR,1%,,,,,,,,,,Kyrgyzstan,0.00,
Dominican Republic,AMR,10281296,CQ+PQ,16.43%,50.38%,"1,000.00",579.00,99.00%,990.00,573.21,288.81,,,,,,,,,,,,,,,,,,,,,,,,,,,,,,,,,,,,,,#DIV/0!,#DIV/0!,#DIV/0!,,,,,,,,,,#DIV/0!,,,#DIV/0!,,0.00,0.00,0.00,0.00,0.00,0.00,0.00,0.00,0.00,0,0.00,0.00,0.00,0.00,0.00,0.00,0.00,0.00,0.00,CQ+PQ,1%,10.00,5.79,16.43%,,,,,,,,,,,,,,,,,0.00,0.00,0.00,0.00,0.00,0.00,0.00,0.00,0.00,0.00,,,,,Germany,0,,Ecuador,AMR,57%,,,,,,,,,,Lao People's Democratic Republic,"38,131.00",
Ecuador,AMR,15661547,AL+PQ,16.43%,50.38%,"2,100.00",368.00,43.00%,903.00,158.24,79.73,,,,,,,,,,,,,,,,,,,100.00%,,,,,,,,100.00%,,,,,,,,,,,#DIV/0!,#DIV/0!,#DIV/0!,,,,,,,,,,#DIV/0!,,,#DIV/0!,,0.00,0.00,0.00,0.00,0.00,0.00,0.00,0.00,0.00,0,0.00,0.00,0.00,0.00,0.00,0.00,0.00,0.00,0.00,CQ+PQ,57%,"1,197.00",209.76,16.43%,,,,,,,,,,,,,,,,,0.00,0.00,0.00,0.00,0.00,0.00,0.00,0.00,0.00,0.00,,,,,Ghana,1215.8,,Egypt,EMR,,,,,,,,,,,Liberia,"1,244,220.00",
Egypt,EMR,89807433,AL,2.30%,50.38%,500.00,0.00,82.00%,410.00,0.00,,,,,,,,,,,,,,,,,,,,,,,,,,,,,,,,,,,,,,,#DIV/0!,#DIV/0!,#DIV/0!,,,,,,,,,,#DIV/0!,,,#DIV/0!,,0.00,0.00,0.00,0.00,0.00,0.00,0.00,0.00,0.00,0,0.00,0.00,0.00,0.00,0.00,0.00,0.00,0.00,0.00,,,0.00,0.00,2.30%,,,,,,,,,,,,,,,,,0.00,0.00,0.00,0.00,0.00,0.00,0.00,0.00,0.00,0.00,,,,,Greece,0,,El Salvador,AMR,100%,,,,,,,,,,Madagascar,"387,045.00",
El Salvador,AMR,6250777,CQ+PQ,16.43%,50.38%,0.00,6.00,,0.00,0.00,,,,,,,,,,,,,,,,,,,,,,,,,,,,,,,,,,,,,,,#DIV/0!,#DIV/0!,#DIV/0!,,,,,,,,,,#DIV/0!,,,#DIV/0!,,0.00,0.00,0.00,0.00,0.00,0.00,0.00,0.00,0.00,0,0.00,0.00,0.00,0.00,0.00,0.00,0.00,0.00,0.00,CQ+PQ,100%,0.00,6.00,16.43%,,,,,,,,,,,,,,,,,0.00,0.00,0.00,0.00,0.00,0.00,0.00,0.00,0.00,0.00,,,,,Grenada,0,,Equatorial Guinea,AFR,0,,,,,,,,,,Malawi,"1,280,892.00",
Equatorial Guinea,AFR,1083746,AS+AQ,22.64%,50.38%,"51,100.00","13,129.00",100.00%,"51,100.00","13,129.00","6,615.00",,,,,,,,,,,,,,,,,,,,,,,,97.70%,,,,,,,,,,,,,,#DIV/0!,#DIV/0!,#DIV/0!,,,,,,,,,,#DIV/0!,,,#DIV/0!,,0.00,0.00,0.00,0.00,0.00,0.00,0.00,0.00,0.00,0,0.00,0.00,0.00,0.00,0.00,0.00,0.00,0.00,0.00,,0%,0.00,0.00,22.64%,,,,,,,,,,,,,,,,,0.00,0.00,0.00,0.00,0.00,0.00,0.00,0.00,0.00,0.00,,,,,Guatemala,5.4,,Eritrea,AFR,39%,,,,,,,,,,Malaysia,"2,921.00",
Eritrea,AFR,,AS+AQ,22.64%,50.38%,"133,000.00","21,317.00",60.00%,"79,800.00","12,790.20","6,444.29",,,,,,,,,,,,,,,,,,,97.75%,,,,,95.90%,,,,,,,,,,,,,,#DIV/0!,#DIV/0!,#DIV/0!,,,,,,,,,,#DIV/0!,,,#DIV/0!,,0.00,0.00,0.00,0.00,0.00,0.00,0.00,0.00,0.00,0,0.00,0.00,0.00,0.00,0.00,0.00,0.00,0.00,0.00,CQ,39%,"51,870.00","8,313.63",22.64%,,,,,,,,,,,,,,,,,0.00,0.00,0.00,0.00,0.00,0.00,0.00,0.00,0.00,0.00,,,,,Guinea-Bissau,293.3,,Estonia,EUR,,,,,,,,,,,Mali,"1,367,218.00",
Estonia,EUR,1317997,,16.43%,50.38%,0.00,,0.00%,0.00,0.00,,,,,,,,,,,,,,,,,,,,,,,,,,,,,,,,,,,,,,,#DIV/0!,#DIV/0!,#DIV/0!,,,,,,,,,,#DIV/0!,,,#DIV/0!,,0.00,0.00,0.00,0.00,0.00,0.00,0.00,0.00,0.00,0,0.00,0.00,0.00,0.00,0.00,0.00,0.00,0.00,0.00,,,0.00,0.00,16.43%,,,,,,,,,,,,,,,,,0.00,0.00,0.00,0.00,0.00,0.00,0.00,0.00,0.00,0.00,,,,,Guinea,1168.5,,Ethiopia,AFR,36%,,,,,,,,,,Mauritania,"1,587.00",
Ethiopia,AFR,94887724,AL,22.64%,50.38%,"1,524,400.00","2,645,454.00",64.00%,"975,616.00","1,693,090.56","853,057.17",,,,,,,,,,,,,,,,,,,99.00%,,,,,,,,,,,,,,,90%,,,,#DIV/0!,#DIV/0!,#DIV/0!,,,,,,,,,,#DIV/0!,,,#DIV/0!,,0.00,0.00,0.00,0.00,0.00,0.00,0.00,0.00,0.00,0,0.00,0.00,0.00,0.00,0.00,0.00,0.00,0.00,0.00,CQ,36%,"548,784.00","952,363.44",22.64%,,,,,,,,,,,,,,,,,0.00,0.00,0.00,0.00,0.00,0.00,0.00,0.00,0.00,0.00,,,,,Guyana,0.5,,Fiji,WPR,,,,,,,,,,,Mexico,495.00,
Fiji,WPR,879715,,2.60%,50.38%,0.00,,,0.00,0.00,,,,,,,,,,,,,,,,,,,,,,,,,,,,,,,,,,,,,,,#DIV/0!,#DIV/0!,#DIV/0!,,,,,,,,,,#DIV/0!,,,#DIV/0!,,0.00,0.00,0.00,0.00,0.00,0.00,0.00,0.00,0.00,0,0.00,0.00,0.00,0.00,0.00,0.00,0.00,0.00,0.00,,,0.00,0.00,2.60%,,,,,,,,,,,,,,,,,0.00,0.00,0.00,0.00,0.00,0.00,0.00,0.00,0.00,0.00,,,,,Haiti,21.1,,Finland,EUR,,,,,,,,,,,Mozambique,"2,998,874.00",
Finland,EUR,5438972,,16.43%,50.38%,0.00,,0.00%,0.00,0.00,,,,,,,,,,,,,,,,,,,,,,,,,,,,,,,,,,,,,,,#DIV/0!,#DIV/0!,#DIV/0!,,,,,,,,,,#DIV/0!,,,#DIV/0!,,0.00,0.00,0.00,0.00,0.00,0.00,0.00,0.00,0.00,0,0.00,0.00,0.00,0.00,0.00,0.00,0.00,0.00,0.00,,,0.00,0.00,16.43%,,,,,,,,,,,,,,,,,0.00,0.00,0.00,0.00,0.00,0.00,0.00,0.00,0.00,0.00,,,,,Honduras,3.1,,France,EUR,,,,,,,,,,,Myanmar,"251,273.00",
France,EUR,65998570,AL; AT+PG,16.43%,50.38%,0.00,,0.00%,0.00,0.00,,,,,,,,,,,,,,,,,,,,,,,,,,,,,,,,,,,,,,,#DIV/0!,#DIV/0!,#DIV/0!,,,,,,,,,,#DIV/0!,,,#DIV/0!,,0.00,0.00,0.00,0.00,0.00,0.00,0.00,0.00,0.00,0,0.00,0.00,0.00,0.00,0.00,0.00,0.00,0.00,0.00,,,0.00,0.00,16.43%,,,,,,,,,,,,,,,,,0.00,0.00,0.00,0.00,0.00,0.00,0.00,0.00,0.00,0.00,,,,,Hungary,0,,French Polynesia,WPR,68%,,,,,,,,,,Namibia,"4,911.00",
French Polynesia,WPR,273528,,2.60%,50.38%,,,,0.00,0.00,,,,,,,,,,,,,,,,,,,,,,,,,,,,,,,,,,,,,,,#DIV/0!,#DIV/0!,#DIV/0!,,,,,,,,,,#DIV/0!,,,#DIV/0!,,0.00,0.00,0.00,0.00,0.00,0.00,0.00,0.00,0.00,0,0.00,0.00,0.00,0.00,0.00,0.00,0.00,0.00,0.00,,68%,0.00,0.00,2.60%,,,,,,,,,,,,,,,,,0.00,0.00,0.00,0.00,0.00,0.00,0.00,0.00,0.00,0.00,,,,,Iceland,0,,Gabon,AFR,0,,,,,,,,,,Nepal,"1,974.00",
Gabon,AFR,1817271,AS+AQ,22.64%,50.38%,"65,400.00","28,982.00",100.00%,"65,400.00","28,982.00","14,602.47",,,,,,,,,,,,,,,,,,,,,,,,86.20%,100.00%,,,,,,97.30%,,,,,,,#DIV/0!,#DIV/0!,#DIV/0!,,,,,,,,,,#DIV/0!,,,#DIV/0!,,0.00,0.00,0.00,0.00,0.00,0.00,0.00,0.00,0.00,0,0.00,0.00,0.00,0.00,0.00,0.00,0.00,0.00,0.00,*,0%,0.00,0.00,22.64%,,,,,,,,,,,,,,,,,0.00,0.00,0.00,0.00,0.00,0.00,0.00,0.00,0.00,0.00,,,,,India,5569,,Gambia,AFR,0,,,,,,,,,,Nicaragua,"1,194.00",
Gambia,AFR,1859324,AL,6.70%,38.00%,,"240,792.00",100.00%,0.00,"240,792.00","91,500.96",,,,,,,,,,,,,,,,,,,98.40%,,,,,,,,,,,,,,,,,,,#DIV/0!,#DIV/0!,#DIV/0!,,,,,,,,,,#DIV/0!,,,#DIV/0!,,0.00,0.00,0.00,0.00,0.00,0.00,0.00,0.00,0.00,0,0.00,0.00,0.00,0.00,0.00,0.00,0.00,0.00,0.00,*,0%,0.00,0.00,6.70%,,,,,,,,,,,,,,,,,0.00,0.00,0.00,0.00,0.00,0.00,0.00,0.00,0.00,0.00,,,,,Indonesia,188,,Georgia,EUR,,,,,,,,,,,Niger,"2,353,422.00",
Georgia,EUR,3776000,,16.43%,50.38%,0.00,0.00,0.00%,0.00,0.00,,,,,,,,,,,,,,,,,,,,,,,,,,,,,,,,,,,,,,,#DIV/0!,#DIV/0!,#DIV/0!,,,,,,,,,,#DIV/0!,,,#DIV/0!,,0.00,0.00,0.00,0.00,0.00,0.00,0.00,0.00,0.00,0,0.00,0.00,0.00,0.00,0.00,0.00,0.00,0.00,0.00,,,0.00,0.00,16.43%,,,,,,,,,,,,,,,,,0.00,0.00,0.00,0.00,0.00,0.00,0.00,0.00,0.00,0.00,,,,,Iran,0.8,,Germany,EUR,,,,,,,,,,,Nigeria,,
Germany,EUR,80645605,,16.43%,50.38%,0.00,,0.00%,0.00,0.00,,,,,,,,,,,,,,,,,,,,,,,,,,,,,,,,,,,,,,,#DIV/0!,#DIV/0!,#DIV/0!,,,,,,,,,,#DIV/0!,,,#DIV/0!,,0.00,0.00,0.00,0.00,0.00,0.00,0.00,0.00,0.00,0,0.00,0.00,0.00,0.00,0.00,0.00,0.00,0.00,0.00,,,0.00,0.00,16.43%,,,,,,,,,,,,,,,,,0.00,0.00,0.00,0.00,0.00,0.00,0.00,0.00,0.00,0.00,,,,,Iraq,0.1,,Ghana,AFR,0,,,,,,,,,,Oman,0.00,
Ghana,AFR,26346251,AL; AS+AQ,22.64%,50.38%,"1,215,800.00","1,639,451.00",100.00%,"1,215,800.00","1,639,451.00","826,031.08",,,,,,,,,,,,,,,,,,,100.00%,,,,,96.85%,,,93.90%,,,,,,,,,,,#DIV/0!,#DIV/0!,#DIV/0!,,,,,,,,,,#DIV/0!,,,#DIV/0!,,0.00,0.00,0.00,0.00,0.00,0.00,0.00,0.00,0.00,0,0.00,0.00,0.00,0.00,0.00,0.00,0.00,0.00,0.00,*,0%,0.00,0.00,22.64%,,,,,,,,,,,,,,,,,0.00,0.00,0.00,0.00,0.00,0.00,0.00,0.00,0.00,0.00,,,,,Ireland,0,,Greece,EUR,,,,,,,,,,,Pakistan,"281,755.00",
Greece,EUR,10965211,,16.43%,50.38%,0.00,,0.00%,0.00,0.00,,,,,,,,,,,,,,,,,,,,,,,,,,,,,,,,,,,,,,,#DIV/0!,#DIV/0!,#DIV/0!,,,,,,,,,,#DIV/0!,,,#DIV/0!,,0.00,0.00,0.00,0.00,0.00,0.00,0.00,0.00,0.00,0,0.00,0.00,0.00,0.00,0.00,0.00,0.00,0.00,0.00,,,0.00,0.00,16.43%,,,,,,,,,,,,,,,,,0.00,0.00,0.00,0.00,0.00,0.00,0.00,0.00,0.00,0.00,,,,,Israel,0,,Grenada,AMR,,,,,,,,,,,Panama,705.00,
Greenland,EUR,56483,,16.43%,50.38%,,,0.00%,0.00,0.00,,,,,,,,,,,,,,,,,,,,,,,,,,,,,,,,,,,,,,,#DIV/0!,#DIV/0!,#DIV/0!,,,,,,,,,,#DIV/0!,,,#DIV/0!,,0.00,0.00,0.00,0.00,0.00,0.00,0.00,0.00,0.00,0,0.00,0.00,0.00,0.00,0.00,0.00,0.00,0.00,0.00,,,0.00,0.00,16.43%,,,,,,,,,,,,,,,,,0.00,0.00,0.00,0.00,0.00,0.00,0.00,0.00,0.00,0.00,,,,,Italy,0,,Guam,WPR,,,,,,,,,,,Papua New Guinea,"279,994.00",
Grenada,AMR,105909,,16.43%,50.38%,0.00,,,0.00,0.00,,,,,,,,,,,,,,,,,,,,,,,,,,,,,,,,,,,,,,,#DIV/0!,#DIV/0!,#DIV/0!,,,,,,,,,,#DIV/0!,,,#DIV/0!,,0.00,0.00,0.00,0.00,0.00,0.00,0.00,0.00,0.00,0,0.00,0.00,0.00,0.00,0.00,0.00,0.00,0.00,0.00,,,0.00,0.00,16.43%,,,,,,,,,,,,,,,,,0.00,0.00,0.00,0.00,0.00,0.00,0.00,0.00,0.00,0.00,,,,,Jamaica,0,,Guatemala,AMR,98%,,,,,,,,,,Paraguay,0.00,
Guam,WPR,160375,,2.60%,50.38%,,,,0.00,0.00,,,,,,,,,,,,,,,,,,,,,,,,,,,,,,,,,,,,,,,#DIV/0!,#DIV/0!,#DIV/0!,,,,,,,,,,#DIV/0!,,,#DIV/0!,,0.00,0.00,0.00,0.00,0.00,0.00,0.00,0.00,0.00,0,0.00,0.00,0.00,0.00,0.00,0.00,0.00,0.00,0.00,,,0.00,0.00,2.60%,,,,,,,,,,,,,,,,,0.00,0.00,0.00,0.00,0.00,0.00,0.00,0.00,0.00,0.00,,,,,Japan,0,,Guinea,AFR,0,,,,,,,,,,Peru,"43,468.00",
Guatemala,AMR,15596214,CQ+PQ,16.43%,50.38%,"5,400.00","6,214.00",2.00%,108.00,124.28,62.62,,,,,,,,,,,,,,,,,,,,,,,,,,,,,,,,,,,,,,#DIV/0!,#DIV/0!,#DIV/0!,,,,,,,,,,#DIV/0!,,,#DIV/0!,,0.00,0.00,0.00,0.00,0.00,0.00,0.00,0.00,0.00,0,0.00,0.00,0.00,0.00,0.00,0.00,0.00,0.00,0.00,CQ+PQ,98%,"5,292.00","6,089.72",16.43%,,,,,,,,,,,,,,,,,0.00,0.00,0.00,0.00,0.00,0.00,0.00,0.00,0.00,0.00,,,,,Jordan,0,,Guinea-Bissau,AFR,0,,,,,,,,,,Philippines,"6,514.00",
Guinea,AFR,11536615,AS+AQ,22.64%,50.38%,"1,168,500.00","211,257.00",100.00%,"1,168,500.00","211,257.00","106,441.03",,,,,,,,,,,,,,,,,,,,,,,,99.00%,,,99.00%,,,,,,,,,,,#DIV/0!,#DIV/0!,#DIV/0!,,,,,,,,,,#DIV/0!,,,#DIV/0!,,0.00,0.00,0.00,0.00,0.00,0.00,0.00,0.00,0.00,0,0.00,0.00,0.00,0.00,0.00,0.00,0.00,0.00,0.00,*,0%,0.00,0.00,22.64%,,,,,,,,,,,,,,,,,0.00,0.00,0.00,0.00,0.00,0.00,0.00,0.00,0.00,0.00,,,,,Kazakhstan,0,,Guyana,AMR,44%,,,,,,,,,,Republic of Korea,383.00,
Guinea-Bissau,AFR,1681495,AL,22.64%,50.38%,"293,300.00","54,584.00",100.00%,"293,300.00","54,584.00","27,501.94",,,,,,,,,,,,,,,,,,,96.40%,,,,,,,,,,,,,,,,,,,#DIV/0!,#DIV/0!,#DIV/0!,,,,,,,,,,#DIV/0!,,,#DIV/0!,,0.00,0.00,0.00,0.00,0.00,0.00,0.00,0.00,0.00,0,0.00,0.00,0.00,0.00,0.00,0.00,0.00,0.00,0.00,*,0%,0.00,0.00,22.64%,,,,,,,,,,,,,,,,,0.00,0.00,0.00,0.00,0.00,0.00,0.00,0.00,0.00,0.00,,,,,Kenya,658.8,,Haiti,AMR,0,,,,,,,,,,Russian Federation,,
Guyana,AMR,758081,AL+PQ,16.43%,50.38%,500.00,"31,479.00",55.00%,275.00,"17,313.45","8,723.32",,,,,,,,,,,,,,,,,,,98.40%,,,,,,98.80%,,,,,,,,,,,,,#DIV/0!,#DIV/0!,#DIV/0!,,,,,,,,,,#DIV/0!,,,#DIV/0!,,0.00,0.00,0.00,0.00,0.00,0.00,0.00,0.00,0.00,0,0.00,0.00,0.00,0.00,0.00,0.00,0.00,0.00,0.00,CQ+PQ,44%,220.00,"13,850.76",16.43%,,,,,,,,,,,,,,,,,0.00,0.00,0.00,0.00,0.00,0.00,0.00,0.00,0.00,0.00, ,,,,Kiribat,0,,Honduras,AMR,79.00%,,,,,,,,,,Rwanda,"962,618.00",
Haiti,AMR,10431776,CQ+PQ,16.43%,50.38%,"21,100.00","20,586.00",100.00%,"21,100.00","20,586.00","10,372.18",,,,,,,,,,,,,,,,,,,,,,,,,,,,,,,,,,,,,,#DIV/0!,#DIV/0!,#DIV/0!,,,,,,,,,,#DIV/0!,,,#DIV/0!,,0.00,0.00,0.00,0.00,0.00,0.00,0.00,0.00,0.00,0,0.00,0.00,0.00,0.00,0.00,0.00,0.00,0.00,0.00,CQ+PQ,0%,0.00,0.00,16.43%,,,,,,,,,,,,,,,,,0.00,0.00,0.00,0.00,0.00,0.00,0.00,0.00,0.00,0.00,,,,,Kuwait,0,,Hungary,EUR,,,,,,,,,,,Sao Tome and Principe,"9,243.00",
Honduras,AMR,8657785,CQ+PQ,16.43%,50.38%,"3,100.00","5,428.00",21.00%,651.00,"1,139.88",574.32,,,,,,,,,,,,,,,,,,,,,,,,,,,,,,,,,,,,,,#DIV/0!,#DIV/0!,#DIV/0!,,,,,,,,,,#DIV/0!,,,#DIV/0!,,0.00,0.00,0.00,0.00,0.00,0.00,0.00,0.00,0.00,0,0.00,0.00,0.00,0.00,0.00,0.00,0.00,0.00,0.00,CQ+PQ,79%,"2,449.00","4,288.12",16.43%,,,,,,,,,,,,,,,,,0.00,0.00,0.00,0.00,0.00,0.00,0.00,0.00,0.00,0.00,,,,,Kyrgyzstan,0,,Iceland,EUR,,,,,,,,,,,Saudi Arabia,34.00,
Hungary,EUR,9893082,,16.43%,50.38%,0.00,,0.00%,0.00,0.00,,,,,,,,,,,,,,,,,,,,,,,,,,,,,,,,,,,,,,,#DIV/0!,#DIV/0!,#DIV/0!,,,,,,,,,,#DIV/0!,,,#DIV/0!,,0.00,0.00,0.00,0.00,0.00,0.00,0.00,0.00,0.00,0,0.00,0.00,0.00,0.00,0.00,0.00,0.00,0.00,0.00,,,0.00,0.00,16.43%,,,,,,,,,,,,,,,,,0.00,0.00,0.00,0.00,0.00,0.00,0.00,0.00,0.00,0.00,,,,,Lao People's Democratic Republic,8.3,,India,SEA,47%,,,,,,,,,,Senegal,"345,889.00",
Iceland,EUR,323764,,16.43%,50.38%,0.00,,0.00%,0.00,0.00,,,,,,,,,,,,,,,,,,,,,,,,,,,,,,,,,,,,,,,#DIV/0!,#DIV/0!,#DIV/0!,,,,,,,,,,#DIV/0!,,,#DIV/0!,,0.00,0.00,0.00,0.00,0.00,0.00,0.00,0.00,0.00,0,0.00,0.00,0.00,0.00,0.00,0.00,0.00,0.00,0.00,,,0.00,0.00,16.43%,,,,,,,,,,,,,,,,,0.00,0.00,0.00,0.00,0.00,0.00,0.00,0.00,0.00,0.00,,,,,Latvia,0,,Indonesia,SEA,44%,,,,,,,,,,Sierra Leone,"1,701,958.00",
India,SEA,1278562207,AS+SP+PQ,16.43%,50.38%,"5,569,000.00","881,730.00",53.00%,"2,951,570.00","467,316.90","235,455.82",,,,,,,,,,,,,,,,,,,100.00%,,,,,97.51%,86.60%,,100.00%,,,,,,,,,,,#DIV/0!,#DIV/0!,#DIV/0!,,,,,,,,,,#DIV/0!,,,#DIV/0!,,0.00,0.00,0.00,0.00,0.00,0.00,0.00,0.00,0.00,0,0.00,0.00,0.00,0.00,0.00,0.00,0.00,0.00,0.00,CQ+PQ,47%,"2,617,430.00","414,413.10",16.43%,,,,,,,,,,,,,,,,,0.00,0.00,0.00,0.00,0.00,0.00,0.00,0.00,0.00,0.00,,,,,Lebanon,0,,Iran,EMR,82%,,,,,,,,,,Solomon Islands,"25,609.00",
Indonesia,SEA,252032263,AS+AQ; DHA-PPQ+PQ,16.43%,50.38%,"188,000.00","343,527.00",56.00%,"105,280.00","192,375.12","96,927.46",,,,,,,,,,,,,,,,,,,96.90%,,,,,91.20%,,,,,,,95.90%,,,,,,,#DIV/0!,#DIV/0!,#DIV/0!,,,,,,,,,,#DIV/0!,,,#DIV/0!,,0.00,0.00,0.00,0.00,0.00,0.00,0.00,0.00,0.00,0,0.00,0.00,0.00,,0.00,0.00,0.00,0.00,0.00,as+aq/DHA-PPQ+PQ,44%,"82,720.00","151,151.88",16.43%,,,,,,,,,,,,,,,,,0.00,0.00,0.00,0.00,0.00,0.00,0.00,0.00,0.00,0.00,,,,,Lesotho,0,,Iraq,EMR,,,,,,,,,,,Somalia,"7,407.00",
Iran,EMR,77435384,AS+SP; AS+SP+PQ,2.30%,50.38%,800.00,479.00,18.00%,144.00,86.22,43.44,,,,,,,,,,,,,,,,,,,,,,,,,,,100.00%,,,100%,,,,,,,,#DIV/0!,#DIV/0!,#DIV/0!,,,,,,,,,,#DIV/0!,,,#DIV/0!,,0.00,0.00,0.00,0.00,0.00,0.00,0.00,0.00,0.00,0,0.00,0.00,0.00,0.00,0.00,0.00,0.00,0.00,0.00,CQ+PQ,82%,656.00,392.78,2.30%,,,,,,,,,,,,,,,,,0.00,0.00,0.00,0.00,0.00,0.00,0.00,0.00,0.00,0.00,,,,,Liberia,242.6,,Ireland,EUR,,,,,,,,,,,South Africa,"8,645.00",
Iraq,EMR,33883145,,2.30%,50.38%,100.00,0.00,0.00%,0.00,0.00,,,,,,,,,,,,,,,,,,,,,,,,,,,,,,,,,,,,,,,#DIV/0!,#DIV/0!,#DIV/0!,,,,,,,,,,#DIV/0!,,,#DIV/0!,,0.00,0.00,0.00,0.00,0.00,0.00,0.00,0.00,0.00,0,0.00,0.00,0.00,0.00,0.00,0.00,0.00,0.00,0.00,,,0.00,0.00,2.30%,,,,,,,,,,,,,,,,,0.00,0.00,0.00,0.00,0.00,0.00,0.00,0.00,0.00,0.00,,,,,Libya,0,,Israel,EUR,,,,,,,,,,,South Sudan,"262,520.00",
Ireland,EUR,4598294,,16.43%,50.38%,0.00,,0.00%,0.00,0.00,,,,,,,,,,,,,,,,,,,,,,,,,,,,,,,,,,,,,,,#DIV/0!,#DIV/0!,#DIV/0!,,,,,,,,,,#DIV/0!,,,#DIV/0!,,0.00,0.00,0.00,0.00,0.00,0.00,0.00,0.00,0.00,0,0.00,0.00,0.00,0.00,0.00,0.00,0.00,0.00,0.00,,,0.00,0.00,16.43%,,,,,,,,,,,,,,,,,0.00,0.00,0.00,0.00,0.00,0.00,0.00,0.00,0.00,0.00,,,,,Lithuania,0,,Italy,EUR,,,,,,,,,,,Sri Lanka,0.00,
Israel,EUR,8059500,,16.43%,50.38%,0.00,,0.00%,0.00,0.00,,,,,,,,,,,,,,,,,,,,,,,,,,,,,,,,,,,,,,,#DIV/0!,#DIV/0!,#DIV/0!,,,,,,,,,,#DIV/0!,,,#DIV/0!,,0.00,0.00,0.00,0.00,0.00,0.00,0.00,0.00,0.00,0,0.00,0.00,0.00,0.00,0.00,0.00,0.00,0.00,0.00,,,0.00,0.00,16.43%,,,,,,,,,,,,,,,,,0.00,0.00,0.00,0.00,0.00,0.00,0.00,0.00,0.00,0.00,,,,,Luxembourg,0,,Jamaica,AMR,,,,,,,,,,,Sudan,"592,383.00",
Italy,EUR,60233948,,16.43%,50.38%,0.00,,0.00%,0.00,0.00,,,,,,,,,,,,,,,,,,,,,,,,,,,,,,,,,,,,,,,#DIV/0!,#DIV/0!,#DIV/0!,,,,,,,,,,#DIV/0!,,,#DIV/0!,,0.00,0.00,0.00,0.00,0.00,0.00,0.00,0.00,0.00,0,0.00,0.00,0.00,0.00,0.00,0.00,0.00,0.00,0.00,,,0.00,0.00,16.43%,,,,,,,,,,,,,,,,,0.00,0.00,0.00,0.00,0.00,0.00,0.00,0.00,0.00,0.00,,,,,The former Yugoslav Republic of Macedonia,0,,Japan,WPR,,,,,,,,,,,Suriname,729.00,
Jamaica,AMR,2851807,,16.43%,50.38%,0.00,,0.00%,0.00,0.00,,,,,,,,,,,,,,,,,,,,,,,,,,,,,,,,,,,,,,,#DIV/0!,#DIV/0!,#DIV/0!,,,,,,,,,,#DIV/0!,,,#DIV/0!,,0.00,0.00,0.00,0.00,0.00,0.00,0.00,0.00,0.00,0,0.00,0.00,0.00,0.00,0.00,0.00,0.00,0.00,0.00,,,0.00,0.00,16.43%,,,,,,,,,,,,,,,,,0.00,0.00,0.00,0.00,0.00,0.00,0.00,0.00,0.00,0.00,,,,,Madagascar,372.2,,Jordan,EMR,,,,,,,,,,,Swaziland,130.00,
Japan,WPR,127445000,,2.60%,50.38%,0.00,,,0.00,0.00,,,,,,,,,,,,,,,,,,,,,,,,,,,,,,,,,,,,,,,#DIV/0!,#DIV/0!,#DIV/0!,,,,,,,,,,#DIV/0!,,,#DIV/0!,,0.00,0.00,0.00,0.00,0.00,0.00,0.00,0.00,0.00,0,0.00,0.00,0.00,0.00,0.00,0.00,0.00,0.00,0.00,,,0.00,0.00,2.60%,,,,,,,,,,,,,,,,,0.00,0.00,0.00,0.00,0.00,0.00,0.00,0.00,0.00,0.00,,,,,Malawi,418.5,,Kazakhstan,EUR,,,,,,,,,,,Syrian Arab Republic,0.00,
Jordan,EMR,8413464,,2.30%,50.38%,0.00,,0.00%,0.00,0.00,,,,,,,,,,,,,,,,,,,,,,,,,,,,,,,,,,,,,,,#DIV/0!,#DIV/0!,#DIV/0!,,,,,,,,,,#DIV/0!,,,#DIV/0!,,0.00,0.00,0.00,0.00,0.00,0.00,0.00,0.00,0.00,0,0.00,0.00,0.00,0.00,0.00,0.00,0.00,0.00,0.00,,,0.00,0.00,2.30%,,,,,,,,,,,,,,,,,0.00,0.00,0.00,0.00,0.00,0.00,0.00,0.00,0.00,0.00,,,,,Malaysia,13.9,,Kenya,AFR,0,,,,,,,,,,Tajikistan,3.00,
Kazakhstan,EUR,17035275,,16.43%,50.38%,0.00,,0.00%,0.00,0.00,,,,,,,,,,,,,,,,,,,,,,,,,,,,,,,,,,,,,,,#DIV/0!,#DIV/0!,#DIV/0!,,,,,,,,,,#DIV/0!,,,#DIV/0!,,0.00,0.00,0.00,0.00,0.00,0.00,0.00,0.00,0.00,0,0.00,0.00,0.00,0.00,0.00,0.00,0.00,0.00,0.00,,,0.00,0.00,16.43%,,,,,,,,,,,,,,,,,0.00,0.00,0.00,0.00,0.00,0.00,0.00,0.00,0.00,0.00,,,,,Maldives,0,,Kiribati,WPR,,,,,,,,,,,Thailand,"33,302.00",
Kenya,AFR,44826849,AL,22.64%,50.38%,"658,800.00","2,335,286.00",100.00%,"658,800.00","2,335,286.00","1,176,624.87",,,,,,,,,,,,,,,,,,,98.35%,,,,,87.70%,,,85.00%,,,,95.80%,,,,,,,#DIV/0!,#DIV/0!,#DIV/0!,,,,,,,,,,#DIV/0!,,,#DIV/0!,,0.00,0.00,0.00,0.00,0.00,0.00,0.00,0.00,0.00,0,0.00,0.00,0.00,0.00,0.00,0.00,0.00,0.00,0.00,*,0%,0.00,0.00,22.64%,,,,,,,,,,,,,,,,,0.00,0.00,0.00,0.00,0.00,0.00,0.00,0.00,0.00,0.00,,,,,Mali,2963.6,,Kuwait,EMR,,,,,,,,,,,Timor-Leste,"1,025.00",
Kiribati,WPR,108535,,2.60%,50.38%,,,,0.00,0.00,,,,,,,,,,,,,,,,,,,,,,,,,,,,,,,,,,,,,,,#DIV/0!,#DIV/0!,#DIV/0!,,,,,,,,,,#DIV/0!,,,#DIV/0!,,0.00,0.00,0.00,0.00,0.00,0.00,0.00,0.00,0.00,0,0.00,0.00,0.00,0.00,0.00,0.00,0.00,0.00,0.00,,,0.00,0.00,2.60%,,,,,,,,,,,,,,,,,0.00,0.00,0.00,0.00,0.00,0.00,0.00,0.00,0.00,0.00,,,,,Malta,0,,Kyrgyzstan,EUR,,,,,,,,,,,Togo,"882,430.00",
Kuwait,EMR,3598385,,2.30%,50.38%,0.00,,0.00%,0.00,0.00,,,,,,,,,,,,,,,,,,,,,,,,,,,,,,,,,,,,,,,#DIV/0!,#DIV/0!,#DIV/0!,,,,,,,,,,#DIV/0!,,,#DIV/0!,,0.00,0.00,0.00,0.00,0.00,0.00,0.00,0.00,0.00,0,0.00,0.00,0.00,0.00,0.00,0.00,0.00,0.00,0.00,,,0.00,0.00,2.30%,,,,,,,,,,,,,,,,,0.00,0.00,0.00,0.00,0.00,0.00,0.00,0.00,0.00,0.00,,,,,Marshall Islands,0,,Lao People's Democratic Republic,WPR,27%,,,,,,,,,,Turkey,0.00,
Kyrgyzstan,EUR,5719600,,16.43%,50.38%,0.00,0.00,0.00%,0.00,0.00,,,,,,,,,,,,,,,,,,,,,,,,,,,,,,,,,,,,,,,#DIV/0!,#DIV/0!,#DIV/0!,,,,,,,,,,#DIV/0!,,,#DIV/0!,,0.00,0.00,0.00,0.00,0.00,0.00,0.00,0.00,0.00,0,0.00,0.00,0.00,0.00,0.00,0.00,0.00,0.00,0.00,CQ+PQ,,0.00,0.00,16.43%,,,,,,,,,,,,,,,,,0.00,0.00,0.00,0.00,0.00,0.00,0.00,0.00,0.00,0.00,,,,,Mauritania,132.8,,Latvia,EUR,,,,,,,,,,,Turkmenistan,,
Lao People's Democratic Republic,WPR,6494557,QN+D,2.60%,50.38%,"8,300.00","38,131.00",73.00%,"6,059.00","27,835.63","14,024.88",,,,,,,,,,,,,,,,,,,98.80%,,,,,,100.00%,,,,,,100.00%,,,,,,,#DIV/0!,#DIV/0!,#DIV/0!,,,,,,,,,,#DIV/0!,,,#DIV/0!,,0.00,0.00,0.00,0.00,0.00,0.00,0.00,0.00,0.00,0,0.00,0.00,0.00,0.00,0.00,0.00,0.00,0.00,0.00,AL,27%,"2,241.00","10,295.37",2.60%,,,,,,,,,,,,,,,,,0.00,0.00,0.00,0.00,0.00,0.00,0.00,0.00,0.00,0.00,,,,,Mauritius,0,,Lebanon,EMR,,,,,,,,,,,Uganda,"1,502,362.00",
Latvia,EUR,2012647,,16.43%,50.38%,0.00,,0.00%,0.00,0.00,,,,,,,,,,,,,,,,,,,,,,,,,,,,,,,,,,,,,,,#DIV/0!,#DIV/0!,#DIV/0!,,,,,,,,,,#DIV/0!,,,#DIV/0!,,0.00,0.00,0.00,0.00,0.00,0.00,0.00,0.00,0.00,0,0.00,0.00,0.00,0.00,0.00,0.00,0.00,0.00,0.00,,,0.00,0.00,16.43%,,,,,,,,,,,,,,,,,0.00,0.00,0.00,0.00,0.00,0.00,0.00,0.00,0.00,0.00,,,,,Mexico,0.1,,Lesotho,AFR,,,,,,,,,,,Tanzania,"1,552,444.00",
Lebanon,EMR,5276102,,2.30%,50.38%,0.00,,0.00%,0.00,0.00,,,,,,,,,,,,,,,,,,,,,,,,,,,,,,,,,,,,,,,#DIV/0!,#DIV/0!,#DIV/0!,,,,,,,,,,#DIV/0!,,,#DIV/0!,,0.00,0.00,0.00,0.00,0.00,0.00,0.00,0.00,0.00,0,0.00,0.00,0.00,0.00,0.00,0.00,0.00,0.00,0.00,,,0.00,0.00,2.30%,,,,,,,,,,,,,,,,,0.00,0.00,0.00,0.00,0.00,0.00,0.00,0.00,0.00,0.00,,,,,Republic of Moldova,0,,Liberia,AFR,0,,,,,,,,,,Uzbekistan,0.00,
Lesotho,AFR,2117361,,22.64%,50.38%,0.00,,,0.00,0.00,,,,,,,,,,,,,,,,,,,,,,,,,,,,,,,,,,,,,,,#DIV/0!,#DIV/0!,#DIV/0!,,,,,,,,,,#DIV/0!,,,#DIV/0!,,0.00,0.00,0.00,0.00,0.00,0.00,0.00,0.00,0.00,0,0.00,0.00,0.00,0.00,0.00,0.00,0.00,0.00,0.00,,,0.00,0.00,22.64%,,,,,,,,,,,,,,,,,0.00,0.00,0.00,0.00,0.00,0.00,0.00,0.00,0.00,0.00,,,,,Mongolia,0,,Libya,AFR,,,,,,,,,,,Vanuatu,"2,381.00",
Liberia,AFR,4286291,AS+AQ,55.70%,43.00%,"242,600.00","1,244,220.00",100.00%,"242,600.00","1,244,220.00","535,014.60",,,,,,,,,,,,,,,,,,,100.00%,,,,,100.00%,,,,,,,,,,,,,,#DIV/0!,#DIV/0!,#DIV/0!,,,,,,,,,,#DIV/0!,,,#DIV/0!,,0.00,0.00,0.00,0.00,0.00,0.00,0.00,0.00,0.00,0,0.00,0.00,0.00,0.00,0.00,0.00,0.00,0.00,0.00,*,0%,0.00,0.00,55.70%,,,,,,,,,,,,,,,,,0.00,0.00,0.00,0.00,0.00,0.00,0.00,0.00,0.00,0.00,,,,,Montenegro,0,,Lithuania,EUR,,,,,,,,,,,Venezuela,"78,643.00",
Libya,EMR,6195970,,2.30%,50.38%,0.00,,,0.00,0.00,,,,,,,,,,,,,,,,,,,,,,,,,100.00%,,,,,,,,,,,,,,#DIV/0!,#DIV/0!,#DIV/0!,,,,,,,,,,#DIV/0!,,,#DIV/0!,,0.00,0.00,0.00,0.00,0.00,0.00,0.00,0.00,0.00,0,0.00,0.00,0.00,0.00,0.00,0.00,0.00,0.00,0.00,,,0.00,0.00,2.30%,,,,,,,,,,,,,,,,,0.00,0.00,0.00,0.00,0.00,0.00,0.00,0.00,0.00,0.00,,,,,Morocco,0.4,,Luxembourg,EUR,,,,,,,,,,,Viet Nam,"17,128.00",
Lithuania,EUR,2957689,,16.43%,50.38%,0.00,,0.00%,0.00,0.00,,,,,,,,,,,,,,,,,,,,,,,,,,,,,,,,,,,,,,,#DIV/0!,#DIV/0!,#DIV/0!,,,,,,,,,,#DIV/0!,,,#DIV/0!,,0.00,0.00,0.00,0.00,0.00,0.00,0.00,0.00,0.00,0,0.00,0.00,0.00,0.00,0.00,0.00,0.00,0.00,0.00,,,0.00,0.00,16.43%,,,,,,,,,,,,,,,,,0.00,0.00,0.00,0.00,0.00,0.00,0.00,0.00,0.00,0.00,,,,,Mozambique,2751.6,,Madagascar,AFR,0,,,,,,,,,,Yemen,"102,778.00",
Luxembourg,EUR,543360,,16.43%,50.38%,0.00,,0.00%,0.00,0.00,,,,,,,,,,,,,,,,,,,,,,,,,,,,,,,,,,,,,,,#DIV/0!,#DIV/0!,#DIV/0!,,,,,,,,,,#DIV/0!,,,#DIV/0!,,0.00,0.00,0.00,0.00,0.00,0.00,0.00,0.00,0.00,0,0.00,0.00,0.00,0.00,0.00,0.00,0.00,0.00,0.00,,,0.00,0.00,16.43%,,,,,,,,,,,,,,,,,0.00,0.00,0.00,0.00,0.00,0.00,0.00,0.00,0.00,0.00,,,,,Myanmar,553.7,,Malawi,AFR,0,,,,,,,,,,Zambia,,
Madagascar,AFR,22961146,AS+AQ,11.30%,11.00%,"372,200.00","387,045.00",100.00%,"372,200.00","387,045.00","42,574.95",,,,,,,,,,,,,,,,,,,98.30%,,,,,100.00%,,,,,,,,,,,,,,#DIV/0!,#DIV/0!,#DIV/0!,,,,,,,,,,#DIV/0!,,,#DIV/0!,,0.00,0.00,0.00,0.00,0.00,0.00,0.00,0.00,0.00,0,0.00,0.00,0.00,0.00,0.00,0.00,0.00,0.00,0.00,*,0%,0.00,0.00,11.30%,,,,,,,,,,,,,,,,,0.00,0.00,0.00,0.00,0.00,0.00,0.00,0.00,0.00,0.00,,,,,Namibia,16.7,,Malaysia,WPR,13%,,,,,,,,,,Zimbabwe,"422,633.00",
Malawi,AFR,16577147,AL,22.64%,88.00%,"418,500.00","1,280,892.00",100.00%,"418,500.00","1,280,892.00","1,127,184.96",,,,,,,,,,,,,,,,,,,95.55%,,,,,98.30%,,,74.00%,,,,,,,,,,,#DIV/0!,#DIV/0!,#DIV/0!,,,,,,,,,,#DIV/0!,,,#DIV/0!,,0.00,0.00,0.00,0.00,0.00,0.00,0.00,0.00,0.00,0,0.00,0.00,0.00,0.00,0.00,0.00,0.00,0.00,0.00,*,0%,0.00,0.00,22.64%,,,,,,,,,,,,,,,,,0.00,0.00,0.00,0.00,0.00,0.00,0.00,0.00,0.00,0.00,,,,,Nepal,23.8,,Maldives,SEA,,,,,,,,,,,,,
Malaysia,WPR,29706724,AS+MQ,2.60%,50.38%,"13,900.00","2,921.00",16.00%,"2,224.00",467.36,235.48,,,,,,,,,,,,,,,,,,,,,,,,,,,,,,,,,,,,,,#DIV/0!,#DIV/0!,#DIV/0!,,,,,,,,,,#DIV/0!,,,#DIV/0!,,0.00,0.00,0.00,0.00,0.00,0.00,0.00,0.00,0.00,0,0.00,0.00,0.00,0.00,0.00,0.00,0.00,0.00,0.00,CQ+PQ,13%,"1,807.00",379.73,2.60%,,,,,,,,,,,,,,,,,0.00,0.00,0.00,0.00,0.00,0.00,0.00,0.00,0.00,0.00,,,,,Netherlands,0,,Mali,AFR,0,,,,,,,,,,,,
Maldives,SEA,393000,,16.43%,50.38%,0.00,,0.00%,0.00,0.00,,,,,,,,,,,,,,,,,,,,,,,,,,,,,,,,,,,,,,,#DIV/0!,#DIV/0!,#DIV/0!,,,,,,,,,,#DIV/0!,,,#DIV/0!,,0.00,0.00,0.00,0.00,0.00,0.00,0.00,0.00,0.00,0,0.00,0.00,0.00,0.00,0.00,0.00,0.00,0.00,0.00,,,0.00,0.00,16.43%,,,,,,,,,,,,,,,,,0.00,0.00,0.00,0.00,0.00,0.00,0.00,0.00,0.00,0.00,,,,,New Zealand,0,,Malta,EUR,,,,,,,,,,,,,
Mali,AFR,16477818,AL; AS+AQ,22.50%,17.00%,"2,963,600.00","1,367,218.00",100.00%,"2,963,600.00","1,367,218.00","232,427.06",,,,,,,,,,,,,,,,,,,99.10%,,,,,97.75%,100.00%,,98.40%,,,,,,,,,,,#DIV/0!,#DIV/0!,#DIV/0!,,,,,,,,,,#DIV/0!,,,#DIV/0!,,0.00,0.00,0.00,0.00,0.00,0.00,0.00,0.00,0.00,0,0.00,0.00,0.00,0.00,0.00,0.00,0.00,0.00,0.00,*,0%,0.00,0.00,22.50%,,,,,,,,,,,,,,,,,0.00,0.00,0.00,0.00,0.00,0.00,0.00,0.00,0.00,0.00,,,,,Nicaragua,0.7,,Marshall Islands,WPR,,,,,,,,,,,,,
Malta,EUR,423374,,16.43%,50.38%,0.00,,0.00%,0.00,0.00,,,,,,,,,,,,,,,,,,,,,,,,,,,,,,,,,,,,,,,#DIV/0!,#DIV/0!,#DIV/0!,,,,,,,,,,#DIV/0!,,,#DIV/0!,,0.00,0.00,0.00,0.00,0.00,0.00,0.00,0.00,0.00,0,0.00,0.00,0.00,0.00,0.00,0.00,0.00,0.00,0.00,,,0.00,0.00,16.43%,,,,,,,,,,,,,,,,,0.00,0.00,0.00,0.00,0.00,0.00,0.00,0.00,0.00,0.00,,,,,Niger,2127.5,,Mauritania,AFR,0,,,,,,,,,,,,
Marshall Islands,WPR,52793,,2.60%,50.38%,0.00,,,0.00,0.00,,,,,,,,,,,,,,,,,,,,,,,,,,,,,,,,,,,,,,,#DIV/0!,#DIV/0!,#DIV/0!,,,,,,,,,,#DIV/0!,,,#DIV/0!,,0.00,0.00,0.00,0.00,0.00,0.00,0.00,0.00,0.00,0,0.00,0.00,0.00,0.00,0.00,0.00,0.00,0.00,0.00,,,0.00,0.00,2.60%,,,,,,,,,,,,,,,,,0.00,0.00,0.00,0.00,0.00,0.00,0.00,0.00,0.00,0.00,,,,,Nigeria,22078.4,,Mauritius,AFR,,,,,,,,,,,,,
Mauritania,AFR,3946170,AL; AS+AQ,22.64%,50.38%,"132,800.00","1,587.00",100.00%,"132,800.00","1,587.00",799.60,,,,,,,,,,,,,,,,,,,,,,,,98.20%,,,,,,,,,,,,,,#DIV/0!,#DIV/0!,#DIV/0!,,,,,,,,,,#DIV/0!,,,#DIV/0!,,0.00,0.00,0.00,0.00,0.00,0.00,0.00,0.00,0.00,0,0.00,0.00,0.00,0.00,0.00,0.00,0.00,0.00,0.00,*,0%,0.00,0.00,22.64%,,,,,,,,,,,,,,,,,0.00,0.00,0.00,0.00,0.00,0.00,0.00,0.00,0.00,0.00,,,,,Democratic People's Republic of Korea,0.1,,Mexico,AMR,100%,,,,,,,,,,,,
Mauritius,AFR,1258653,,22.64%,50.38%,0.00,,,0.00,0.00,,,,,,,,,,,,,,,,,,,,,,,,,,,,,,,,,,,,,,,#DIV/0!,#DIV/0!,#DIV/0!,,,,,,,,,,#DIV/0!,,,#DIV/0!,,0.00,0.00,0.00,0.00,0.00,0.00,0.00,0.00,0.00,0,0.00,0.00,0.00,0.00,0.00,0.00,0.00,0.00,0.00,,,0.00,0.00,22.64%,,,,,,,,,,,,,,,,,0.00,0.00,0.00,0.00,0.00,0.00,0.00,0.00,0.00,0.00,,,,,Norway,0,,Micronesia (Federated States of),WPR,,,,,,,,,,,,,
Mexico,AMR,122535969,CQ+PQ,16.43%,50.38%,100.00,495.00,0.00%,0.00,0.00,,,,,,,,,,,,,,,,,,,,,,,,,,,,,,,,,,,,,,,#DIV/0!,#DIV/0!,#DIV/0!,,,,,,,,,,#DIV/0!,,,#DIV/0!,,0.00,0.00,0.00,0.00,0.00,0.00,0.00,0.00,0.00,0,0.00,0.00,0.00,0.00,0.00,0.00,0.00,0.00,0.00,CQ+PQ,100%,100.00,495.00,16.43%,,,,,,,,,,,,,,,,,0.00,0.00,0.00,0.00,0.00,0.00,0.00,0.00,0.00,0.00,,,,,Oman,0,,Monaco,EUR,,,,,,,,,,,,,
Micronesia (Federated States of),WPR,103702,,2.60%,50.38%,,,,0.00,0.00,,,,,,,,,,,,,,,,,,,,,,,,,,,,,,,,,,,,,,,#DIV/0!,#DIV/0!,#DIV/0!,,,,,,,,,,#DIV/0!,,,#DIV/0!,,0.00,0.00,0.00,0.00,0.00,0.00,0.00,0.00,0.00,0,0.00,0.00,0.00,0.00,0.00,0.00,0.00,0.00,0.00,,,0.00,0.00,2.60%,,,,,,,,,,,,,,,,,0.00,0.00,0.00,0.00,0.00,0.00,0.00,0.00,0.00,0.00,,,,,Pakistan,204.3,,Mongolia,WPR,,,,,,,,,,,,,
Monaco,EUR,37971,,16.43%,50.38%,,,0.00%,0.00,0.00,,,,,,,,,,,,,,,,,,,,,,,,,,,,,,,,,,,,,,,#DIV/0!,#DIV/0!,#DIV/0!,,,,,,,,,,#DIV/0!,,,#DIV/0!,,0.00,0.00,0.00,0.00,0.00,0.00,0.00,0.00,0.00,0,0.00,0.00,0.00,0.00,0.00,0.00,0.00,0.00,0.00,,,0.00,0.00,16.43%,,,,,,,,,,,,,,,,,0.00,0.00,0.00,0.00,0.00,0.00,0.00,0.00,0.00,0.00,,,,,Palestine,0,,Montenegro,EUR,,,,,,,,,,,,,
Mongolia,WPR,2869107,,2.60%,50.38%,0.00,,,0.00,0.00,,,,,,,,,,,,,,,,,,,,,,,,,,,,,,,,,,,,,,,#DIV/0!,#DIV/0!,#DIV/0!,,,,,,,,,,#DIV/0!,,,#DIV/0!,,0.00,0.00,0.00,0.00,0.00,0.00,0.00,0.00,0.00,0,0.00,0.00,0.00,0.00,0.00,0.00,0.00,0.00,0.00,,,0.00,0.00,2.60%,,,,,,,,,,,,,,,,,0.00,0.00,0.00,0.00,0.00,0.00,0.00,0.00,0.00,0.00,,,,,Panama,1.3,,Montserrat,AMR,,,,,,,,,,,,,
Montenegro,EUR,621207,,16.43%,50.38%,0.00,,0.00%,0.00,0.00,,,,,,,,,,,,,,,,,,,,,,,,,,,,,,,,,,,,,,,#DIV/0!,#DIV/0!,#DIV/0!,,,,,,,,,,#DIV/0!,,,#DIV/0!,,0.00,0.00,0.00,0.00,0.00,0.00,0.00,0.00,0.00,0,0.00,0.00,0.00,0.00,0.00,0.00,0.00,0.00,0.00,,,0.00,0.00,16.43%,,,,,,,,,,,,,,,,,0.00,0.00,0.00,0.00,0.00,0.00,0.00,0.00,0.00,0.00,,,,,Papua New Guinea,108.1,,Morocco,EMR,,,,,,,,,,,,,
Montserrat,AMR,4959,,16.43%,50.38%,,,,0.00,0.00,,,,,,,,,,,,,,,,,,,,,,,,,,,,,,,,,,,,,,,#DIV/0!,#DIV/0!,#DIV/0!,,,,,,,,,,#DIV/0!,,,#DIV/0!,,0.00,0.00,0.00,0.00,0.00,0.00,0.00,0.00,0.00,0,0.00,0.00,0.00,0.00,0.00,0.00,0.00,0.00,0.00,,,0.00,0.00,16.43%,,,,,,,,,,,,,,,,,0.00,0.00,0.00,0.00,0.00,0.00,0.00,0.00,0.00,0.00,,,,,Paraguay,0,,Mozambique,AFR,0,,,,,,,,,,,,
Morocco,EMR,33824769,,2.30%,50.38%,400.00,,0.00%,0.00,0.00,,,,,,,,,,,,,,,,,,,,,,,,,,,,,,,,,,,,,,,#DIV/0!,#DIV/0!,#DIV/0!,,,,,,,,,,#DIV/0!,,,#DIV/0!,,0.00,0.00,0.00,0.00,0.00,0.00,0.00,0.00,0.00,0,0.00,0.00,0.00,0.00,0.00,0.00,0.00,0.00,0.00,,,0.00,0.00,2.30%,,,,,,,,,,,,,,,,,0.00,0.00,0.00,0.00,0.00,0.00,0.00,0.00,0.00,0.00,,,,,Peru,1.6,,Myanmar,SEA,26%,,,,,,,,,,,,
Mozambique,AFR,26434372,AL,22.64%,50.38%,"2,751,600.00","2,998,874.00",100.00%,"2,751,600.00","2,998,874.00","1,510,971.13",,,,,,,,,,,,,,,,,,,96.90%,,,,,,,,97.70%,,,,93.10%,,,,,,,#DIV/0!,#DIV/0!,#DIV/0!,,,,,,,,,,#DIV/0!,,,#DIV/0!,,0.00,0.00,0.00,0.00,0.00,0.00,0.00,0.00,0.00,0,0.00,0.00,0.00,0.00,0.00,0.00,0.00,0.00,0.00,*,0%,0.00,0.00,22.64%,,,,,,,,,,,,,,,,,0.00,0.00,0.00,0.00,0.00,0.00,0.00,0.00,0.00,0.00,,,,,Philippines,50.1,,Namibia,AFR,0,,,,,,,,,,,,
Myanmar,SEA,51448196,AL; AM; AS+MQ; DHA-PPQ; PQ,16.43%,50.38%,"553,700.00","251,273.00",74.00%,"409,738.00","185,942.02","93,686.17",,,,,,,,,,,,,,,,,,,99.00%,,,,,96.60%,100.00%,,,,,,96.60%,,,,,,,#DIV/0!,#DIV/0!,#DIV/0!,,,,,,,,,,#DIV/0!,,,#DIV/0!,,0.00,0.00,0.00,0.00,0.00,0.00,0.00,0.00,0.00,0,0.00,0.00,0.00,0.00,0.00,0.00,0.00,0.00,0.00,CQ+PQ,26%,"143,962.00","65,330.98",16.43%,,,,,,,,,,,,,,,,,0.00,0.00,0.00,0.00,0.00,0.00,0.00,0.00,0.00,0.00,,,,,Poland,0,,Nauru,WPR,,,,,,,,,,,,,
Namibia,AFR,2316520,AL,8.40%,45.00%,"16,700.00","4,911.00",100.00%,"16,700.00","4,911.00","2,209.95",,,,,,,,,,,,,,,,,,,,,,,,,,,,,,,,,,,,,,#DIV/0!,#DIV/0!,#DIV/0!,,,,,,,,,,#DIV/0!,,,#DIV/0!,,0.00,0.00,0.00,0.00,0.00,0.00,0.00,0.00,0.00,0,0.00,0.00,0.00,0.00,0.00,0.00,0.00,0.00,0.00,AL,0%,0.00,0.00,8.40%,,,,,,,,,,,,,,,,,0.00,0.00,0.00,0.00,0.00,0.00,0.00,0.00,0.00,0.00,,,,,Portugal,0,,Nepal,SEA,88%,,,,,,,,,,,,
Nauru,WPR,10821,,2.60%,50.38%,,,,0.00,0.00,,,,,,,,,,,,,,,,,,,,,,,,,,,,,,,,,,,,,,,#DIV/0!,#DIV/0!,#DIV/0!,,,,,,,,,,#DIV/0!,,,#DIV/0!,,0.00,0.00,0.00,0.00,0.00,0.00,0.00,0.00,0.00,0,0.00,0.00,0.00,0.00,0.00,0.00,0.00,0.00,0.00,,,0.00,0.00,2.60%,,,,,,,,,,,,,,,,,0.00,0.00,0.00,0.00,0.00,0.00,0.00,0.00,0.00,0.00,,,,,Qatar,0,,Netherlands,EUR,,,,,,,,,,,,,
Nepal,SEA,27985310,AL+PQ,16.43%,50.38%,"23,800.00","1,974.00",12.00%,"2,856.00",236.88,119.35,,,,,,,,,,,,,,,,,,,100.00%,,,,,,,,,,,,,,,,,,,#DIV/0!,#DIV/0!,#DIV/0!,,,,,,,,,,#DIV/0!,,,#DIV/0!,,0.00,0.00,0.00,0.00,0.00,0.00,0.00,0.00,0.00,0,0.00,0.00,0.00,0.00,0.00,0.00,0.00,0.00,0.00,CQ+PQ,88%,"20,944.00","1,737.12",16.43%,,,,,,,,,,,,,,,,,0.00,0.00,0.00,0.00,0.00,0.00,0.00,0.00,0.00,0.00,,,,,Romania,0,,New Caledonia,WPR,,,,,,,,,,,,,
Netherlands,EUR,16804432,,16.43%,50.38%,0.00,,0.00%,0.00,0.00,,,,,,,,,,,,,,,,,,,,,,,,,,,,,,,,,,,,,,,#DIV/0!,#DIV/0!,#DIV/0!,,,,,,,,,,#DIV/0!,,,#DIV/0!,,0.00,0.00,0.00,0.00,0.00,0.00,0.00,0.00,0.00,0,0.00,0.00,0.00,0.00,0.00,0.00,0.00,0.00,0.00,,,0.00,0.00,16.43%,,,,,,,,,,,,,,,,,0.00,0.00,0.00,0.00,0.00,0.00,0.00,0.00,0.00,0.00,,,,,Russia,0,,New Zealand,WPR,,,,,,,,,,,,,
New Caledonia,WPR,263000,,2.60%,50.38%,,,,0.00,0.00,,,,,,,,,,,,,,,,,,,,,,,,,,,,,,,,,,,,,,,#DIV/0!,#DIV/0!,#DIV/0!,,,,,,,,,,#DIV/0!,,,#DIV/0!,,0.00,0.00,0.00,0.00,0.00,0.00,0.00,0.00,0.00,0,0.00,0.00,0.00,0.00,0.00,0.00,0.00,0.00,0.00,,,0.00,0.00,2.60%,,,,,,,,,,,,,,,,,0.00,0.00,0.00,0.00,0.00,0.00,0.00,0.00,0.00,0.00,,,,,Rwanda,294.4,,Nicaragua,AMR,82%,,,,,,,,,,,,
New Zealand,WPR,4442100,,2.60%,50.38%,0.00,,,0.00,0.00,,,,,,,,,,,,,,,,,,,,,,,,,,,,,,,,,,,,,,,#DIV/0!,#DIV/0!,#DIV/0!,,,,,,,,,,#DIV/0!,,,#DIV/0!,,0.00,0.00,0.00,0.00,0.00,0.00,0.00,0.00,0.00,0,0.00,0.00,0.00,0.00,0.00,0.00,0.00,0.00,0.00,,,0.00,0.00,2.60%,,,,,,,,,,,,,,,,,0.00,0.00,0.00,0.00,0.00,0.00,0.00,0.00,0.00,0.00,,,,,Saint Lucia,0,,Niger,AFR,0,,,,,,,,,,,,
Nicaragua,AMR,5945747,CQ+PQ,16.43%,50.38%,700.00,"1,194.00",18.00%,126.00,214.92,108.29,,,,,,,,,,,,,,,,,,,,,,,,,,,,,,,,,,,,,,#DIV/0!,#DIV/0!,#DIV/0!,,,,,,,,,,#DIV/0!,,,#DIV/0!,,0.00,0.00,0.00,0.00,0.00,0.00,0.00,0.00,0.00,0,0.00,0.00,0.00,0.00,0.00,0.00,0.00,0.00,0.00,CQ+PQ,82%,574.00,979.08,16.43%,,,,,,,,,,,,,,,,,0.00,0.00,0.00,0.00,0.00,0.00,0.00,0.00,0.00,0.00,,,,,Saint Vincent and the Grenadines,0,,Nigeria,AFR,0,,,,,,,,,,,,
Niger,AFR,18426372,AL,22.64%,50.38%,"2,127,500.00","2,353,422.00",98.00%,"2,084,950.00","2,306,353.56","1,162,047.37",,,,,,,,,,,,,,,,,,,94.45%,,,,,,,,,,,,,,,,,,,#DIV/0!,#DIV/0!,#DIV/0!,,,,,,,,,,#DIV/0!,,,#DIV/0!,,0.00,0.00,0.00,0.00,0.00,0.00,0.00,0.00,0.00,0,0.00,0.00,0.00,0.00,0.00,0.00,0.00,0.00,0.00,*,0%,0.00,0.00,22.64%,,,,,,,,,,,,,,,,,0.00,0.00,0.00,0.00,0.00,0.00,0.00,0.00,0.00,0.00,,,,,Samoa,0,,Niue,WPR,,,,,,,,,,,,,
Nigeria,AFR,171829303,AL; AS+AQ,32.70%,18.00%,"22,078,400.00",,100.00%,"22,078,400.00",0.00,,,,,,,,,,,,,,,,,,,,100.00%,,,,,100.00%,97.10%,,,,,,97.30%,,,,,,,#DIV/0!,#DIV/0!,#DIV/0!,,,,,,,,,,#DIV/0!,,,#DIV/0!,,0.00,0.00,0.00,0.00,0.00,0.00,0.00,0.00,0.00,0,0.00,0.00,0.00,0.00,0.00,0.00,0.00,0.00,0.00,*,0%,0.00,0.00,32.70%,,,,,,,,,,,,,,,,,0.00,0.00,0.00,0.00,0.00,0.00,0.00,0.00,0.00,0.00,,,,,Sao Tome and Principe,5.4,,Northern Mariana Islands,WPR,,,,,,,,,,,,,
Niue,WPR,,,2.60%,50.38%,,,,0.00,0.00,,,,,,,,,,,,,,,,,,,,,,,,,,,,,,,,,,,,,,,#DIV/0!,#DIV/0!,#DIV/0!,,,,,,,,,,#DIV/0!,,,#DIV/0!,,0.00,0.00,0.00,0.00,0.00,0.00,0.00,0.00,0.00,0,0.00,0.00,0.00,0.00,0.00,0.00,0.00,0.00,0.00,,,0.00,0.00,2.60%,,,,,,,,,,,,,,,,,0.00,0.00,0.00,0.00,0.00,0.00,0.00,0.00,0.00,0.00,,,,,Saudi Arabia,1.7,,Norway,EUR,,,,,,,,,,,,,
Northern Mariana Islands,WPR,54036,,2.60%,50.38%,,,,0.00,0.00,,,,,,,,,,,,,,,,,,,,,,,,,,,,,,,,,,,,,,,#DIV/0!,#DIV/0!,#DIV/0!,,,,,,,,,,#DIV/0!,,,#DIV/0!,,0.00,0.00,0.00,0.00,0.00,0.00,0.00,0.00,0.00,0,0.00,0.00,0.00,0.00,0.00,0.00,0.00,0.00,0.00,,,0.00,0.00,2.60%,,,,,,,,,,,,,,,,,0.00,0.00,0.00,0.00,0.00,0.00,0.00,0.00,0.00,0.00,,,,,Senegal,524,,Oman,EMR,,,,,,,,,,,,,
Norway,EUR,5079623,,16.43%,50.38%,0.00,,0.00%,0.00,0.00,,,,,,,,,,,,,,,,,,,,,,,,,,,,,,,,,,,,,,,#DIV/0!,#DIV/0!,#DIV/0!,,,,,,,,,,#DIV/0!,,,#DIV/0!,,0.00,0.00,0.00,0.00,0.00,0.00,0.00,0.00,0.00,0,0.00,0.00,0.00,0.00,0.00,0.00,0.00,0.00,0.00,,,0.00,0.00,16.43%,,,,,,,,,,,,,,,,,0.00,0.00,0.00,0.00,0.00,0.00,0.00,0.00,0.00,0.00,,,,,Serbia,0,,Pakistan,EMR,83%,,,,,,,,,,,,
Oman,EMR,3711481,AL+PQ,2.30%,50.38%,0.00,0.00,,0.00,0.00,,,,,,,,,,,,,,,,,,,,,,,,,,,,,,,,,,,,,,,#DIV/0!,#DIV/0!,#DIV/0!,,,,,,,,,,#DIV/0!,,,#DIV/0!,,0.00,0.00,0.00,0.00,0.00,0.00,0.00,0.00,0.00,0,0.00,0.00,0.00,0.00,0.00,0.00,0.00,0.00,0.00,,,0.00,0.00,2.30%,,,,,,,,,,,,,,,,,0.00,0.00,0.00,0.00,0.00,0.00,0.00,0.00,0.00,0.00,,,,,Seychelles,0,,Palau,WPR,,,,,,,,,,,,,
Pakistan,EMR,181712595,AS+SP+PQ,3.40%,50.38%,"204,300.00","281,755.00",17.00%,"34,731.00","47,898.35","24,133.40",,,,,,,,,,,,,,,,,,,99.40%,,,,,,,,100.00%,,,,,,,,,,,#DIV/0!,#DIV/0!,#DIV/0!,,,,,,,,,,#DIV/0!,,,#DIV/0!,,0.00,0.00,0.00,0.00,0.00,0.00,0.00,0.00,0.00,0,0.00,0.00,0.00,0.00,0.00,0.00,0.00,0.00,0.00,CQ+PQ,83%,"169,569.00","233,856.65",3.40%,,,,,,,,,,,,,,,,,0.00,0.00,0.00,0.00,0.00,0.00,0.00,0.00,0.00,0.00,,,,,Sierra Leone,718.2,,Panama,AMR,99%,,,,,,,,,,,,
Palau,WPR,20920,,2.60%,50.38%,,,,0.00,0.00,,,,,,,,,,,,,,,,,,,,,,,,,,,,,,,,,,,,,,,#DIV/0!,#DIV/0!,#DIV/0!,,,,,,,,,,#DIV/0!,,,#DIV/0!,,0.00,0.00,0.00,0.00,0.00,0.00,0.00,0.00,0.00,0,0.00,0.00,0.00,0.00,0.00,0.00,0.00,0.00,0.00,,,0.00,0.00,2.60%,,,,,,,,,,,,,,,,,0.00,0.00,0.00,0.00,0.00,0.00,0.00,0.00,0.00,0.00,,,,,Singapore,0,,Papua New Guinea,WPR,11%,,,,,,,,,,,,
Panama,AMR,3838462,AL+PQ,16.43%,50.38%,"1,300.00",705.00,1.00%,13.00,7.05,3.55,,,,,,,,,,,,,,,,,,,,,,,,,,,,,,,,,,,,,,#DIV/0!,#DIV/0!,#DIV/0!,,,,,,,,,,#DIV/0!,,,#DIV/0!,,0.00,0.00,0.00,0.00,0.00,0.00,0.00,0.00,0.00,0,0.00,0.00,0.00,0.00,0.00,0.00,0.00,0.00,0.00,CQ+PQ,99%,"1,287.00",697.95,16.43%,,,,,,,,,,,,,,,,,0.00,0.00,0.00,0.00,0.00,0.00,0.00,0.00,0.00,0.00,,,,,Slovakia,0,,Paraguay,AMR,0,,,,,,,,,,,,
Papua New Guinea,WPR,7592865,DHA-PPQ,2.60%,50.38%,"108,100.00","279,994.00",87.00%,"94,047.00","243,594.78","122,734.29",,,,,,,,,,,,,,,,,,,97.30%,,,,,,,,90.00%,,,,88.00%,,,,,,,#DIV/0!,#DIV/0!,#DIV/0!,,,,,,,,,,#DIV/0!,,,#DIV/0!,,0.00,0.00,0.00,0.00,0.00,0.00,0.00,0.00,0.00,0,0.00,0.00,0.00,0.00,0.00,0.00,0.00,0.00,0.00,AL+PQ,11%,"11,891.00","30,799.34",2.60%,,,,,,,,,,,,,,,,,0.00,0.00,0.00,0.00,0.00,0.00,0.00,0.00,0.00,0.00,,,,,Slovenia,0,,Peru,AMR,84%,,,,,,,,,,,,
Paraguay,AMR,6465740,AL+PQ,16.43%,50.38%,0.00,0.00,0.00%,0.00,0.00,,,,,,,,,,,,,,,,,,,,,,,,,,,,,,,,,,,,,,,#DIV/0!,#DIV/0!,#DIV/0!,,,,,,,,,,#DIV/0!,,,#DIV/0!,,0.00,0.00,0.00,0.00,0.00,0.00,0.00,0.00,0.00,0,0.00,0.00,0.00,0.00,0.00,0.00,0.00,0.00,0.00,CQ+PQ,0%,0.00,0.00,16.43%,,,,,,,,,,,,,,,,,0.00,0.00,0.00,0.00,0.00,0.00,0.00,0.00,0.00,0.00,,,,,Solomon Islands,3,,Philippines,WPR,20%,,,,,,,,,,,,
Peru,AMR,30565716,AS+MQ,16.43%,50.38%,"1,600.00","43,468.00",16.00%,256.00,"6,954.88","3,504.19",,,,,,,,,,,,,,,,,,,,,,,,,98.90%,,98.90%,,,99.40%,98.20%,,,,,,,#DIV/0!,#DIV/0!,#DIV/0!,,,,,,,,,,#DIV/0!,,,#DIV/0!,,0.00,0.00,0.00,0.00,0.00,0.00,0.00,0.00,0.00,0,0.00,0.00,0.00,0.00,0.00,0.00,0.00,0.00,0.00,CQ+PQ,84%,"1,344.00","36,513.12",16.43%,,,,,,,,,,,,,,,,,0.00,0.00,0.00,0.00,0.00,0.00,0.00,0.00,0.00,0.00,,,,,Somalia,496.3,,Poland,EUR,,,,,,,,,,,,,
Philippines,WPR,98481032,AL+PQ,0.10%,50.38%,"50,100.00","6,514.00",79.00%,"39,579.00","5,146.06","2,592.82",,,,,,,,,,,,,,,,,,,100.00%,,,,,,,,,,,,,,,,,,,#DIV/0!,#DIV/0!,#DIV/0!,,,,,,,,,,#DIV/0!,,,#DIV/0!,,0.00,0.00,0.00,0.00,0.00,0.00,0.00,0.00,0.00,0,0.00,0.00,0.00,0.00,0.00,0.00,0.00,0.00,0.00,CQ+PQ,20%,"10,020.00","1,302.80",0.10%,,,,,,,,,,,,,,,,,0.00,0.00,0.00,0.00,0.00,0.00,0.00,0.00,0.00,0.00,,,,,South Africa,21.8,,Portugal,EUR,,,,,,,,,,,,,
Poland,EUR,38040196,,16.43%,50.38%,0.00,,0.00%,0.00,0.00,,,,,,,,,,,,,,,,,,,,,,,,,,,,,,,,,,,,,,,#DIV/0!,#DIV/0!,#DIV/0!,,,,,,,,,,#DIV/0!,,,#DIV/0!,,0.00,0.00,0.00,0.00,0.00,0.00,0.00,0.00,0.00,0,0.00,0.00,0.00,0.00,0.00,0.00,0.00,0.00,0.00,,,0.00,0.00,16.43%,,,,,,,,,,,,,,,,,0.00,0.00,0.00,0.00,0.00,0.00,0.00,0.00,0.00,0.00,,,,,Republic of Korea,0.1,,Puerto Rico,AMR,,,,,,,,,,,,,
Portugal,EUR,10457295,,16.43%,50.38%,0.00,,0.00%,0.00,0.00,,,,,,,,,,,,,,,,,,,,,,,,,,,,,,,,,,,,,,,#DIV/0!,#DIV/0!,#DIV/0!,,,,,,,,,,#DIV/0!,,,#DIV/0!,,0.00,0.00,0.00,0.00,0.00,0.00,0.00,0.00,0.00,0,0.00,0.00,0.00,0.00,0.00,0.00,0.00,0.00,0.00,,,0.00,0.00,16.43%,,,,,,,,,,,,,,,,,0.00,0.00,0.00,0.00,0.00,0.00,0.00,0.00,0.00,0.00,,,,,South Sudan,246.2,,Qatar,EMR,,,,,,,,,,,,,
Puerto Rico,AMR,3593077,,16.43%,50.38%,,,,0.00,0.00,,,,,,,,,,,,,,,,,,,,,,,,,,,,,,,,,,,,,,,#DIV/0!,#DIV/0!,#DIV/0!,,,,,,,,,,#DIV/0!,,,#DIV/0!,,0.00,0.00,0.00,0.00,0.00,0.00,0.00,0.00,0.00,0,0.00,0.00,0.00,0.00,0.00,0.00,0.00,0.00,0.00,,,0.00,0.00,16.43%,,,,,,,,,,,,,,,,,0.00,0.00,0.00,0.00,0.00,0.00,0.00,0.00,0.00,0.00,,,,,Spain,0,,Republic of Korea,WPR,100%,,,,,,,,,,,,
Qatar,EMR,2250473,,2.30%,50.38%,0.00,,0.00%,0.00,0.00,,,,,,,,,,,,,,,,,,,,,,,,,,,,,,,,,,,,,,,#DIV/0!,#DIV/0!,#DIV/0!,,,,,,,,,,#DIV/0!,,,#DIV/0!,,0.00,0.00,0.00,0.00,0.00,0.00,0.00,0.00,0.00,0,0.00,0.00,0.00,0.00,0.00,0.00,0.00,0.00,0.00,,,0.00,0.00,2.30%,,,,,,,,,,,,,,,,,0.00,0.00,0.00,0.00,0.00,0.00,0.00,0.00,0.00,0.00,,,,,Sri Lanka,0.9,,Republic of Moldova,EUR,,,,,,,,,,,,,
Republic of Korea,WPR,50428893,,2.60%,50.38%,100.00,383.00,0.00%,0.00,0.00,,,,,,,,,,,,,,,,,,,,,,,,,,,,,,,,,,,,,,,#DIV/0!,#DIV/0!,#DIV/0!,,,,,,,,,,#DIV/0!,,,#DIV/0!,,0.00,0.00,0.00,0.00,0.00,0.00,0.00,0.00,0.00,0,0.00,0.00,0.00,0.00,0.00,0.00,0.00,0.00,0.00,CQ+PQ,100%,100.00,383.00,2.60%,,,,,,,,,,,,,,,,,0.00,0.00,0.00,0.00,0.00,0.00,0.00,0.00,0.00,0.00,,,,,Sudan,430,,Romania,EUR,,,,,,,,,,,,,
Republic of Moldova,EUR,3558566,,16.43%,50.38%,0.00,,0.00%,0.00,0.00,,,,,,,,,,,,,,,,,,,,,,,,,,,,,,,,,,,,,,,#DIV/0!,#DIV/0!,#DIV/0!,,,,,,,,,,#DIV/0!,,,#DIV/0!,,0.00,0.00,0.00,0.00,0.00,0.00,0.00,0.00,0.00,0,0.00,0.00,0.00,0.00,0.00,0.00,0.00,0.00,0.00,,,0.00,0.00,16.43%,,,,,,,,,,,,,,,,,0.00,0.00,0.00,0.00,0.00,0.00,0.00,0.00,0.00,0.00,,,,,Suriname,0.1,,Russia,EUR,,,,,,,,,,,,,
Romania,EUR,19983693,,16.43%,50.38%,0.00,,0.00%,0.00,0.00,,,,,,,,,,,,,,,,,,,,,,,,,,,,,,,,,,,,,,,#DIV/0!,#DIV/0!,#DIV/0!,,,,,,,,,,#DIV/0!,,,#DIV/0!,,0.00,0.00,0.00,0.00,0.00,0.00,0.00,0.00,0.00,0,0.00,0.00,0.00,0.00,0.00,0.00,0.00,0.00,0.00,,,0.00,0.00,16.43%,,,,,,,,,,,,,,,,,0.00,0.00,0.00,0.00,0.00,0.00,0.00,0.00,0.00,0.00,,,,,Swaziland,11.9,,Rwanda,AFR,0,,,,,,,,,,,,
Russia,EUR,143506911,,16.43%,50.38%,0.00,,0.00%,0.00,0.00,,,,,,,,,,,,,,,,,,,,,,,,,,,,,,,,,,,,,,,#DIV/0!,#DIV/0!,#DIV/0!,,,,,,,,,,#DIV/0!,,,#DIV/0!,,0.00,0.00,0.00,0.00,0.00,0.00,0.00,0.00,0.00,0,0.00,0.00,0.00,0.00,0.00,0.00,0.00,0.00,0.00,,,0.00,0.00,16.43%,,,,,,,,,,,,,,,,,0.00,0.00,0.00,0.00,0.00,0.00,0.00,0.00,0.00,0.00,,,,,Sweden,0,,Saint Kitts and Nevis,AMR,,,,,,,,,,,,,
Rwanda,AFR,11065151,AL,12.00%,92.00%,"294,400.00","962,618.00",100.00%,"294,400.00","962,618.00","885,608.56",,,,,,,,,,,,,,,,,,,98.70%,,,,,93.80%,,,86.90%,,,,98.60%,,,,,,,#DIV/0!,#DIV/0!,#DIV/0!,,,,,,,,,,#DIV/0!,,,#DIV/0!,,0.00,0.00,0.00,0.00,0.00,0.00,0.00,0.00,0.00,0,0.00,0.00,0.00,0.00,0.00,0.00,0.00,0.00,0.00,*,0%,0.00,0.00,12.00%,,,,,,,,,,,,,,,,,0.00,0.00,0.00,0.00,0.00,0.00,0.00,0.00,0.00,0.00,,,,,Switzerland,0,,Saint Lucia,AMR,,,,,,,,,,,,,
Saint Kitts and Nevis,AMR,53169,,16.43%,50.38%,,,,0.00,0.00,,,,,,,,,,,,,,,,,,,,,,,,,,,,,,,,,,,,,,,#DIV/0!,#DIV/0!,#DIV/0!,,,,,,,,,,#DIV/0!,,,#DIV/0!,,0.00,0.00,0.00,0.00,0.00,0.00,0.00,0.00,0.00,0,0.00,0.00,0.00,0.00,0.00,0.00,0.00,0.00,0.00,,,0.00,0.00,16.43%,,,,,,,,,,,,,,,,,0.00,0.00,0.00,0.00,0.00,0.00,0.00,0.00,0.00,0.00,,,,,Syrian Arab Republic,0.8,,Saint Vincent and the Grenadines,AMR,,,,,,,,,,,,,
Saint Lucia,AMR,175660,,16.43%,50.38%,0.00,,,0.00,0.00,,,,,,,,,,,,,,,,,,,,,,,,,,,,,,,,,,,,,,,#DIV/0!,#DIV/0!,#DIV/0!,,,,,,,,,,#DIV/0!,,,#DIV/0!,,0.00,0.00,0.00,0.00,0.00,0.00,0.00,0.00,0.00,0,0.00,0.00,0.00,0.00,0.00,0.00,0.00,0.00,0.00,,,0.00,0.00,16.43%,,,,,,,,,,,,,,,,,0.00,0.00,0.00,0.00,0.00,0.00,0.00,0.00,0.00,0.00,,,,,Taiwan,0,,Samoa,WPR,,,,,,,,,,,,,
Saint Vincent and the Grenadines,AMR,109320,,16.43%,50.38%,0.00,,,0.00,0.00,,,,,,,,,,,,,,,,,,,,,,,,,,,,,,,,,,,,,,,#DIV/0!,#DIV/0!,#DIV/0!,,,,,,,,,,#DIV/0!,,,#DIV/0!,,0.00,0.00,0.00,0.00,0.00,0.00,0.00,0.00,0.00,0,0.00,0.00,0.00,0.00,0.00,0.00,0.00,0.00,0.00,,,0.00,0.00,16.43%,,,,,,,,,,,,,,,,,0.00,0.00,0.00,0.00,0.00,0.00,0.00,0.00,0.00,0.00,,,,,Tajikistan,1,,San Marino,EUR,,,,,,,,,,,,,
Samoa,WPR,190757,,2.60%,50.38%,0.00,,,0.00,0.00,,,,,,,,,,,,,,,,,,,,,,,,,,,,,,,,,,,,,,,#DIV/0!,#DIV/0!,#DIV/0!,,,,,,,,,,#DIV/0!,,,#DIV/0!,,0.00,0.00,0.00,0.00,0.00,0.00,0.00,0.00,0.00,0,0.00,0.00,0.00,0.00,0.00,0.00,0.00,0.00,0.00,,,0.00,0.00,2.60%,,,,,,,,,,,,,,,,,0.00,0.00,0.00,0.00,0.00,0.00,0.00,0.00,0.00,0.00,,,,,Tanzania,2425.3,,Sao Tome and Principe,AFR,0,,,,,,,,,,,,
San Marino,EUR,32303,,16.43%,50.38%,,,0.00%,0.00,0.00,,,,,,,,,,,,,,,,,,,,,,,,,,,,,,,,,,,,,,,#DIV/0!,#DIV/0!,#DIV/0!,,,,,,,,,,#DIV/0!,,,#DIV/0!,,0.00,0.00,0.00,0.00,0.00,0.00,0.00,0.00,0.00,0,0.00,0.00,0.00,0.00,0.00,0.00,0.00,0.00,0.00,,,0.00,0.00,16.43%,,,,,,,,,,,,,,,,,0.00,0.00,0.00,0.00,0.00,0.00,0.00,0.00,0.00,0.00,,,,,Thailand,16.2,,Saudi Arabia,EMR,0,,,,,,,,,,,,
Sao Tome and Principe,AFR,187045,AS+AQ,22.64%,50.38%,"5,400.00","9,243.00",100.00%,"5,400.00","9,243.00","4,657.05",,,,,,,,,,,,,,,,,,,,,,,,,,,,,,,,,,,,,,#DIV/0!,#DIV/0!,#DIV/0!,,,,,,,,,,#DIV/0!,,,#DIV/0!,,0.00,0.00,0.00,0.00,0.00,0.00,0.00,0.00,0.00,0,0.00,0.00,0.00,0.00,0.00,0.00,0.00,0.00,0.00,*,0%,0.00,0.00,22.64%,,,,,,,,,,,,,,,,,0.00,0.00,0.00,0.00,0.00,0.00,0.00,0.00,0.00,0.00,,,,,The Bahamas,0,,Senegal,AFR,0,,,,,,,,,,,,
Saudi Arabia,EMR,29944476,AS+SP+PQ,2.30%,50.38%,"1,700.00",34.00,100.00%,"1,700.00",34.00,17.13,,,,,,,,,,,,,,,,,,,,,,,,,,,,,,,,,,,,,,#DIV/0!,#DIV/0!,#DIV/0!,,,,,,,,,,#DIV/0!,,,#DIV/0!,,0.00,0.00,0.00,0.00,0.00,0.00,0.00,0.00,0.00,0,0.00,0.00,0.00,0.00,0.00,0.00,0.00,0.00,0.00,CQ+PQ,0%,0.00,0.00,2.30%,,,,,,,,,,,,,,,,,0.00,0.00,0.00,0.00,0.00,0.00,0.00,0.00,0.00,0.00,,,,,The Gambia,159,,Serbia,EUR,,,,,,,,,,,,,
Senegal,AFR,14120320,AL; AS+AQ,6.20%,50.38%,"524,000.00","345,889.00",100.00%,"524,000.00","345,889.00","174,274.84",,,,,,,,,,,,,,,,,,,99.10%,,,,,100.00%,100.00%,,,,,,99.50%,,,,,,,#DIV/0!,#DIV/0!,#DIV/0!,,,,,,,,,,#DIV/0!,,,#DIV/0!,,0.00,0.00,0.00,0.00,0.00,0.00,0.00,0.00,0.00,0,0.00,0.00,0.00,0.00,0.00,0.00,0.00,0.00,0.00,*,0%,0.00,0.00,6.20%,,,,,,,,,,,,,,,,,0.00,0.00,0.00,0.00,0.00,0.00,0.00,0.00,0.00,0.00,,,,,Timor-Leste,3.1,,Seychelles,AFR,,,,,,,,,,,,,
Serbia,EUR,7164132,,16.43%,50.38%,0.00,,0.00%,0.00,0.00,,,,,,,,,,,,,,,,,,,,,,,,,,,,,,,,,,,,,,,#DIV/0!,#DIV/0!,#DIV/0!,,,,,,,,,,#DIV/0!,,,#DIV/0!,,0.00,0.00,0.00,0.00,0.00,0.00,0.00,0.00,0.00,0,0.00,0.00,0.00,0.00,0.00,0.00,0.00,0.00,0.00,,,0.00,0.00,16.43%,,,,,,,,,,,,,,,,,0.00,0.00,0.00,0.00,0.00,0.00,0.00,0.00,0.00,0.00,,,,,Togo,510.9,,Sierra Leone,AFR,0,,,,,,,,,,,,
Seychelles,AFR,89949,,22.64%,50.38%,0.00,,,0.00,0.00,,,,,,,,,,,,,,,,,,,,,,,,,,,,,,,,,,,,,,,#DIV/0!,#DIV/0!,#DIV/0!,,,,,,,,,,#DIV/0!,,,#DIV/0!,,0.00,0.00,0.00,0.00,0.00,0.00,0.00,0.00,0.00,0,0.00,0.00,0.00,0.00,0.00,0.00,0.00,0.00,0.00,,,0.00,0.00,22.64%,,,,,,,,,,,,,,,,,0.00,0.00,0.00,0.00,0.00,0.00,0.00,0.00,0.00,0.00,,,,,Tonga,0,,Singapore,WPR,,,,,,,,,,,,,
Sierra Leone,AFR,6922079,AL; AS+AQ,48.30%,77.00%,"718,200.00","1,701,958.00",100.00%,"718,200.00","1,701,958.00","1,310,507.66",,,,,,,,,,,,,,,,,,,100.00%,,,,,100.00%,,,,,,,,,,,,,,#DIV/0!,#DIV/0!,#DIV/0!,,,,,,,,,,#DIV/0!,,,#DIV/0!,,0.00,0.00,0.00,0.00,0.00,0.00,0.00,0.00,0.00,0,0.00,0.00,0.00,0.00,0.00,0.00,0.00,0.00,0.00,*,0%,0.00,0.00,48.30%,,,,,,,,,,,,,,,,,0.00,0.00,0.00,0.00,0.00,0.00,0.00,0.00,0.00,0.00,,,,,Trinidad and Tobago,0,,Sint Maarten (Dutch part),AMR,,,,,,,,,,,,,
Singapore,WPR,5399162,,2.60%,50.38%,0.00,,,0.00,0.00,,,,,,,,,,,,,,,,,,,,,,,,,,,,,,,,,,,,,,,#DIV/0!,#DIV/0!,#DIV/0!,,,,,,,,,,#DIV/0!,,,#DIV/0!,,0.00,0.00,0.00,0.00,0.00,0.00,0.00,0.00,0.00,0,0.00,0.00,0.00,0.00,0.00,0.00,0.00,0.00,0.00,,,0.00,0.00,2.60%,,,,,,,,,,,,,,,,,0.00,0.00,0.00,0.00,0.00,0.00,0.00,0.00,0.00,0.00,,,,,Tunisia,0,,Slovakia,EUR,,,,,,,,,,,,,
Sint Maarten (Dutch part),AMR,36607,,16.43%,50.38%,,,,0.00,0.00,,,,,,,,,,,,,,,,,,,,,,,,,,,,,,,,,,,,,,,#DIV/0!,#DIV/0!,#DIV/0!,,,,,,,,,,#DIV/0!,,,#DIV/0!,,0.00,0.00,0.00,0.00,0.00,0.00,0.00,0.00,0.00,0,0.00,0.00,0.00,0.00,0.00,0.00,0.00,0.00,0.00,,,0.00,0.00,16.43%,,,,,,,,,,,,,,,,,0.00,0.00,0.00,0.00,0.00,0.00,0.00,0.00,0.00,0.00,,,,,Turkey,0.7,,Slovenia,EUR,,,,,,,,,,,,,
Slovakia,EUR,5413393,,16.43%,50.38%,0.00,,0.00%,0.00,0.00,,,,,,,,,,,,,,,,,,,,,,,,,,,,,,,,,,,,,,,#DIV/0!,#DIV/0!,#DIV/0!,,,,,,,,,,#DIV/0!,,,#DIV/0!,,0.00,0.00,0.00,0.00,0.00,0.00,0.00,0.00,0.00,0,0.00,0.00,0.00,0.00,0.00,0.00,0.00,0.00,0.00,,,0.00,0.00,16.43%,,,,,,,,,,,,,,,,,0.00,0.00,0.00,0.00,0.00,0.00,0.00,0.00,0.00,0.00,,,,,Turkmenistan,0,,Solomon Islands,WPR,47%,,,,,,,,,,,,
Slovenia,EUR,2059953,,16.43%,50.38%,0.00,,0.00%,0.00,0.00,,,,,,,,,,,,,,,,,,,,,,,,,,,,,,,,,,,,,,,#DIV/0!,#DIV/0!,#DIV/0!,,,,,,,,,,#DIV/0!,,,#DIV/0!,,0.00,0.00,0.00,0.00,0.00,0.00,0.00,0.00,0.00,0,0.00,0.00,0.00,0.00,0.00,0.00,0.00,0.00,0.00,,,0.00,0.00,16.43%,,,,,,,,,,,,,,,,,0.00,0.00,0.00,0.00,0.00,0.00,0.00,0.00,0.00,0.00,,,,,Uganda,2478.5,,Somalia,EMR,0,,,,,,,,,,,,
Solomon Islands,WPR,563513,AL,2.60%,50.38%,"3,000.00","25,609.00",53.00%,"1,590.00","13,572.77","6,838.59",,,,,,,,,,,,,,,,,,,97.45%,,,,,,,,,,,,,,,,,,,#DIV/0!,#DIV/0!,#DIV/0!,,,,,,,,,,#DIV/0!,,,#DIV/0!,,0.00,0.00,0.00,0.00,0.00,0.00,0.00,0.00,0.00,0,0.00,0.00,0.00,0.00,0.00,0.00,0.00,0.00,0.00,AL+PQ,47%,"1,410.00","12,036.23",2.60%,,,,,,,,,,,,,,,,,0.00,0.00,0.00,0.00,0.00,0.00,0.00,0.00,0.00,0.00,,,,,Ukraine,0,,South Africa,AFR,0,,,,,,,,,,,,
Somalia,EMR,13132349,AS+SP,2.30%,50.38%,"496,300.00","7,407.00",100.00%,"496,300.00","7,407.00","3,731.99",,,,,,,,,,,,,,,,,,,99.95%,,,,,97.90%,,,99.00%,,,,,,,,,,,#DIV/0!,#DIV/0!,#DIV/0!,,,,,,,,,,#DIV/0!,,,#DIV/0!,,0.00,0.00,0.00,0.00,0.00,0.00,0.00,0.00,0.00,0,0.00,0.00,0.00,0.00,0.00,0.00,0.00,0.00,0.00,CQ+PQ,0%,0.00,0.00,2.30%,,,,,,,,,,,,,,,,,0.00,0.00,0.00,0.00,0.00,0.00,0.00,0.00,0.00,0.00,,,,,United Arab Emirates,0.1,,Spain,EUR,,,,,,,,,,,,,
South Africa,AFR,53311955.61,AL; QN+CL; QN+D,22.64%,50.38%,"21,800.00","8,645.00",100.00%,"21,800.00","8,645.00","4,355.75",,,,,,,,,,,,,,,,,,,100.00%,,,,,,,,98.90%,,,,,,,,,,,#DIV/0!,#DIV/0!,#DIV/0!,,,,,,,,,,#DIV/0!,,,#DIV/0!,,0.00,0.00,0.00,0.00,0.00,0.00,0.00,0.00,0.00,0,0.00,0.00,0.00,0.00,0.00,0.00,,0.00,0.00,AL+PQ; CQ+PQ,0%,0.00,0.00,22.64%,,,,,,,,,,,,,,,,,0.00,0.00,0.00,0.00,0.00,0.00,0.00,0.00,0.00,0.00,,,,,United Kingdom of Great Britain and Northern Ireland,0,,Sri Lanka,SEA,0,,,,,,,,,,,,
South Sudan,AFR,11177490,AS+AQ,22.64%,50.38%,"246,200.00","262,520.00",100.00%,"246,200.00","262,520.00","132,269.69",,,,,,,,,,,,,,,,,,,,,,,,,,,,,,,,,,,,,,#DIV/0!,#DIV/0!,#DIV/0!,,,,,,,,,,#DIV/0!,,,#DIV/0!,,0.00,0.00,0.00,0.00,0.00,0.00,0.00,0.00,0.00,0,0.00,0.00,0.00,0.00,0.00,0.00,0.00,0.00,0.00,AS+AQ+PQ,,0.00,0.00,22.64%,,,,,,,,,,,,,,,,,0.00,0.00,0.00,0.00,0.00,0.00,0.00,0.00,0.00,0.00,,,,,United States,0,,Sudan,EMR,5%,,,,,,,,,,,,
Spain,EUR,46620045,,16.43%,50.38%,0.00,,0.00%,0.00,0.00,,,,,,,,,,,,,,,,,,,,,,,,,,,,,,,,,,,,,,,#DIV/0!,#DIV/0!,#DIV/0!,,,,,,,,,,#DIV/0!,,,#DIV/0!,,0.00,0.00,0.00,0.00,0.00,0.00,0.00,0.00,0.00,0,0.00,0.00,0.00,0.00,0.00,0.00,0.00,0.00,0.00,,,0.00,0.00,16.43%,,,,,,,,,,,,,,,,,0.00,0.00,0.00,0.00,0.00,0.00,0.00,0.00,0.00,0.00, ,,,,Uruguay,0,,Suriname,AMR,54%,,,,,,,,,,,,
Sri Lanka,SEA,20585000,AL+PQ,16.43%,50.38%,900.00,0.00,0.00%,0.00,0.00,,,,,,,,,,,,,,,,,,,,,,,,,,,,100.00%,,,,,,,,,,,#DIV/0!,#DIV/0!,#DIV/0!,,,,,,,,,,#DIV/0!,,,#DIV/0!,,0.00,0.00,0.00,0.00,0.00,0.00,0.00,0.00,0.00,0,0.00,0.00,0.00,0.00,0.00,0.00,0.00,0.00,0.00,CQ+PQ,0%,0.00,0.00,16.43%,,,,,,,,,,,,,,,,,0.00,0.00,0.00,0.00,0.00,0.00,0.00,0.00,0.00,0.00,,,,,Uzbekistan,0.1,,Swaziland,AFR,0,,,,,,,,,,,,
Sudan,EMR,36849918,AS+SP,2.30%,50.38%,"430,000.00","592,383.00",95.00%,"408,500.00","562,763.85","283,546.40",,,,,,,,,,,,,,,,,,,98.60%,,,,,95.40%,,,99.00%,,,,,,,,,,,#DIV/0!,#DIV/0!,#DIV/0!,,,,,,,,,,#DIV/0!,,,#DIV/0!,,0.00,0.00,0.00,0.00,0.00,0.00,0.00,0.00,0.00,0,0.00,0.00,0.00,0.00,0.00,0.00,0.00,0.00,0.00,AL+PQ,5%,"21,500.00","29,619.15",2.30%,,,,,,,,,,,,,,,,,0.00,0.00,0.00,0.00,0.00,0.00,0.00,0.00,0.00,0.00,,,,,Vanuatu,1.3,,Sweden,EUR,,,,,,,,,,,,,
Suriname,AMR,542540,AL+PQ,16.43%,50.38%,100.00,729.00,46.00%,46.00,335.34,168.96,,,,,,,,,,,,,,,,,,,97.65%,,,,,,95.90%,,,,,,,,,,,,,#DIV/0!,#DIV/0!,#DIV/0!,,,,,,,,,,#DIV/0!,,,#DIV/0!,,0.00,0.00,0.00,0.00,0.00,0.00,0.00,0.00,0.00,0,0.00,0.00,0.00,0.00,0.00,0.00,0.00,0.00,0.00,CQ+PQ,54%,54.00,393.66,16.43%,,,,,,,,,,,,,,,,,0.00,0.00,0.00,0.00,0.00,0.00,0.00,0.00,0.00,0.00,,,,,Venezuela,7.6,,Switzerland,EUR,0,,,,,,,,,,,,
Swaziland,AFR,1271456,QN,22.64%,50.38%,"11,900.00",130.00,100.00%,"11,900.00",130.00,65.50,,,,,,,,,,,,,,,,,,,,,,,,,,,,,,,,,,,,,,#DIV/0!,#DIV/0!,#DIV/0!,,,,,,,,,,#DIV/0!,,,#DIV/0!,,0.00,0.00,0.00,0.00,0.00,0.00,0.00,0.00,0.00,0,0.00,0.00,0.00,0.00,0.00,0.00,0.00,0.00,0.00,*,0%,0.00,0.00,22.64%,,,,,,,,,,,,,,,,,0.00,0.00,0.00,0.00,0.00,0.00,0.00,0.00,0.00,0.00,,,,,Viet Nam,19.6,,Syrian Arab Republic,EMR,,,,,,,,,,,,,
Sweden,EUR,9600379,,16.43%,50.38%,0.00,,0.00%,0.00,0.00,,,,,,,,,,,,,,,,,,,,,,,,,,,,,,,,,,,,,,,#DIV/0!,#DIV/0!,#DIV/0!,,,,,,,,,,#DIV/0!,,,#DIV/0!,,0.00,0.00,0.00,0.00,0.00,0.00,0.00,0.00,0.00,0,0.00,0.00,0.00,0.00,0.00,0.00,0.00,0.00,0.00,,,0.00,0.00,16.43%,,,,,,,,,,,,,,,,,0.00,0.00,0.00,0.00,0.00,0.00,0.00,0.00,0.00,0.00,,,,,Yemen,368.8,,Tajikistan,EUR,100%,,,,,,,,,,,,
Switzerland,EUR,8089346,,16.43%,50.38%,0.00,,0.00%,0.00,0.00,,,,,,,,,,,,,,,,,,,,,,,,,,,,,,,,,,,,,,,#DIV/0!,#DIV/0!,#DIV/0!,,,,,,,,,,#DIV/0!,,,#DIV/0!,,0.00,0.00,0.00,0.00,0.00,0.00,0.00,0.00,0.00,0,0.00,0.00,0.00,0.00,0.00,0.00,0.00,0.00,0.00,,0%,0.00,0.00,16.43%,,,,,,,,,,,,,,,,,0.00,0.00,0.00,0.00,0.00,0.00,0.00,0.00,0.00,0.00,,,,,Zambia,1035.1,,Thailand,SEA,47%,,,,,,,,,,,,
Syrian Arab Republic,EMR,19809141,,2.30%,50.38%,800.00,0.00,0.00%,0.00,0.00,,,,,,,,,,,,,,,,,,,,,,,,,,,,,,,,,,,,,,,#DIV/0!,#DIV/0!,#DIV/0!,,,,,,,,,,#DIV/0!,,,#DIV/0!,,0.00,0.00,0.00,0.00,0.00,0.00,0.00,0.00,0.00,0,0.00,0.00,0.00,0.00,0.00,0.00,0.00,0.00,0.00,,,0.00,0.00,2.30%,,,,,,,,,,,,,,,,,0.00,0.00,0.00,0.00,0.00,0.00,0.00,0.00,0.00,0.00,,,,,Zimbabwe,153.1,,The former Yugoslav Republic of Macedonia,EUR,,,,,,,,,,,,,
Tajikistan,EUR,8177809,AL,16.43%,50.38%,"1,000.00",3.00,0.00%,0.00,0.00,,,,,,,,,,,,,,,,,,,,,,,,,,,,100.00%,,,,,,,,,,,#DIV/0!,#DIV/0!,#DIV/0!,,,,,,,,,,#DIV/0!,,,#DIV/0!,,0.00,0.00,0.00,0.00,0.00,0.00,0.00,0.00,0.00,0,0.00,0.00,0.00,0.00,0.00,0.00,0.00,0.00,0.00,CQ+PQ,100%,"1,000.00",3.00,16.43%,,,,,,,,,,,,,,,,,0.00,0.00,0.00,0.00,0.00,0.00,0.00,0.00,0.00,0.00,,,,,,,,Timor-Leste,SEA,50%,,,,,,,,,,,,
Tanzania,AFR,50636595,AL,22.64%,50.38%,"2,425,300.00","1,552,444.00",100.00%,"2,425,300.00","1,552,444.00","782,192.94",,,,,,,,,,,,,,,,,,,100.00%,,,,,95.60%,,,94.40%,,,,,,,,,,,#DIV/0!,#DIV/0!,#DIV/0!,,,,,,,,,,#DIV/0!,,,#DIV/0!,,0.00,0.00,0.00,0.00,0.00,0.00,0.00,0.00,0.00,0,0.00,0.00,0.00,0.00,0.00,0.00,0.00,0.00,0.00,*,0%,0.00,0.00,22.64%,,,,,,,,,,,,,,,,,0.00,0.00,0.00,0.00,0.00,0.00,0.00,0.00,0.00,0.00,,,,,,,,Togo,AFR,0,,,,,,,,,,,,
Thailand,SEA,68143065,AS+MQ,16.43%,50.38%,"16,200.00","33,302.00",42.00%,"6,804.00","13,986.84","7,047.22",,,,,,,,,,,,,,,,,,,100.00%,,,,,,99.50%,,,,,,98.70%,,,,,,,#DIV/0!,#DIV/0!,#DIV/0!,,,,,,,,,,#DIV/0!,,,#DIV/0!,,0.00,0.00,0.00,0.00,0.00,0.00,0.00,0.00,0.00,0,0.00,0.00,0.00,0.00,0.00,0.00,0.00,0.00,0.00,CQ+PQ,47%,,,16.43%,,,,,,,,,,,,,,,,,0.00,0.00,0.00,0.00,0.00,0.00,0.00,0.00,0.00,0.00,,,,,,,,Tokelau,WPR,,,,,,,,,,,,,
The former Yugoslav Republic of Macedonia,EUR,2075739,,16.43%,50.38%,0.00,,0.00%,0.00,0.00,,,,,,,,,,,,,,,,,,,,,,,,,,,,,,,,,,,,,,,#DIV/0!,#DIV/0!,#DIV/0!,,,,,,,,,,#DIV/0!,,,#DIV/0!,,0.00,0.00,0.00,0.00,0.00,0.00,0.00,0.00,0.00,0,0.00,0.00,0.00,0.00,0.00,0.00,0.00,0.00,0.00,,,0.00,0.00,16.43%,,,,,,,,,,,,,,,,,0.00,0.00,0.00,0.00,0.00,0.00,0.00,0.00,0.00,0.00,,,,,,,,Tonga,WPR,,,,,,,,,,,,,
Timor-Leste,SEA,1184366,AL,16.43%,50.38%,"3,100.00","1,025.00",50.00%,"255,450.00","441,215.00","220,607.50",,,,,,,,,,,,,,,,,,,99.60%,,,,,100.00%,,,,,,,,,,,,,,#DIV/0!,#DIV/0!,#DIV/0!,,,,,,,,,,#DIV/0!,,,#DIV/0!,,0.00,0.00,0.00,0.00,0.00,0.00,0.00,0.00,0.00,0,0.00,0.00,0.00,0.00,0.00,0.00,0.00,0.00,0.00,CQ+PQ,50%,,,16.43%,,,,,,,,,,,,,,,,,0.00,0.00,0.00,0.00,0.00,0.00,0.00,0.00,0.00,0.00,,,,,,,,Trinidad and Tobago,AMR,,,,,,,,,,,,,
Togo,AFR,7042948,AL; AS+AQ,22.64%,50.00%,"510,900.00","882,430.00",100.00%,,,,,,,,,,,,,,,,,,,,,,,,,,,,,,,,,,,,,,,,,#DIV/0!,#DIV/0!,#DIV/0!,,,,,,,,,,#DIV/0!,,,#DIV/0!,,0.00,0.00,0.00,0.00,0.00,0.00,0.00,0.00,0.00,0,0.00,0.00,0.00,0.00,0.00,0.00,0.00,0.00,0.00,*,0%,"255,450.00","441,215.00",22.64%,,,,,,,,,,,,,,,,,0.00,0.00,0.00,0.00,0.00,0.00,0.00,0.00,0.00,0.00,,,,,,,,Tunisia,EMR,,,,,,,,,,,,,
Tokelau,WPR,1383,,2.60%,50.38%,,,,0.00,0.00,,,,,,,,,,,,,,,,,,,,,,,,,,,,,,,,,,,,,,,#DIV/0!,#DIV/0!,#DIV/0!,,,,,,,,,,#DIV/0!,,,#DIV/0!,,0.00,0.00,0.00,0.00,0.00,0.00,0.00,0.00,0.00,0,0.00,0.00,0.00,0.00,0.00,0.00,0.00,0.00,0.00,,,0.00,0.00,2.60%,,,,,,,,,,,,,,,,,0.00,0.00,0.00,0.00,0.00,0.00,0.00,0.00,0.00,0.00,,,,,,,,Turkey,EUR,100%,,,,,,,,,,,,
Tonga,WPR,105328,,2.60%,50.38%,0.00,,,0.00,0.00,,,,,,,,,,,,,,,,,,,,,,,,,,,,,,,,,,,,,,,#DIV/0!,#DIV/0!,#DIV/0!,,,,,,,,,,#DIV/0!,,,#DIV/0!,,0.00,0.00,0.00,0.00,0.00,0.00,0.00,0.00,0.00,0,0.00,0.00,0.00,0.00,0.00,0.00,0.00,0.00,0.00,,,0.00,0.00,2.60%,,,,,,,,,,,,,,,,,0.00,0.00,0.00,0.00,0.00,0.00,0.00,0.00,0.00,0.00,,,,,,,,Turkmenistan,EUR,,,,,,,,,,,,,
Trinidad and Tobago,AMR,1348248,,16.43%,50.38%,0.00,,,0.00,0.00,,,,,,,,,,,,,,,,,,,,,,,,,,,,,,,,,,,,,,,#DIV/0!,#DIV/0!,#DIV/0!,,,,,,,,,,#DIV/0!,,,#DIV/0!,,0.00,0.00,0.00,0.00,0.00,0.00,0.00,0.00,0.00,0,0.00,0.00,0.00,0.00,0.00,0.00,0.00,0.00,0.00,,,0.00,0.00,16.43%,,,,,,,,,,,,,,,,,0.00,0.00,0.00,0.00,0.00,0.00,0.00,0.00,0.00,0.00,,,,,,,,Turks and Caicos Islands,AMR,,,,,,,,,,,,,
Tunisia,EMR,11014558,,2.30%,50.38%,0.00,,0.00%,0.00,0.00,,,,,,,,,,,,,,,,,,,,,,,,,,,,,,,,,,,,,,,#DIV/0!,#DIV/0!,#DIV/0!,,,,,,,,,,#DIV/0!,,,#DIV/0!,,0.00,0.00,0.00,0.00,0.00,0.00,0.00,0.00,0.00,0,0.00,0.00,0.00,0.00,0.00,0.00,0.00,0.00,0.00,,,0.00,0.00,2.30%,,,,,,,,,,,,,,,,,0.00,0.00,0.00,0.00,0.00,0.00,0.00,0.00,0.00,0.00,,,,,,,,Tuvalu,WPR,,,,,,,,,,,,,
Turkey,EUR,75787333,,16.43%,50.38%,700.00,0.00,0.00%,0.00,0.00,,,,,,,,,,,,,,,,,,,,,,,,,,,,,,,,,,,,,,,#DIV/0!,#DIV/0!,#DIV/0!,,,,,,,,,,#DIV/0!,,,#DIV/0!,,0.00,0.00,0.00,0.00,0.00,0.00,0.00,0.00,0.00,0,0.00,0.00,0.00,0.00,0.00,0.00,0.00,0.00,0.00,CQ+PQ,100%,700.00,0.00,16.43%,,,,,,,,,,,,,,,,,0.00,0.00,0.00,0.00,0.00,0.00,0.00,0.00,0.00,0.00,,,,,,,,Uganda,AFR,0,,,,,,,,,,,,
Turkmenistan,EUR,5366277,,16.43%,50.38%,0.00,,0.00%,0.00,0.00,,,,,,,,,,,,,,,,,,,,,,,,,,,,,,,,,,,,,,,#DIV/0!,#DIV/0!,#DIV/0!,,,,,,,,,,#DIV/0!,,,#DIV/0!,,0.00,0.00,0.00,0.00,0.00,0.00,0.00,0.00,0.00,0,0.00,0.00,0.00,0.00,0.00,0.00,0.00,0.00,0.00,,,0.00,0.00,16.43%,,,,,,,,,,,,,,,,,0.00,0.00,0.00,0.00,0.00,0.00,0.00,0.00,0.00,0.00,,,,,,,,Ukraine,EUR,0,,,,,,,,,,,,
Turks and Caicos Islands,AMR,33108,,16.43%,50.38%,,,,0.00,0.00,,,,,,,,,,,,,,,,,,,,,,,,,,,,,,,,,,,,,,,#DIV/0!,#DIV/0!,#DIV/0!,,,,,,,,,,#DIV/0!,,,#DIV/0!,,0.00,0.00,0.00,0.00,0.00,0.00,0.00,0.00,0.00,0,0.00,0.00,0.00,0.00,0.00,0.00,0.00,0.00,0.00,,,0.00,0.00,16.43%,,,,,,,,,,,,,,,,,0.00,0.00,0.00,0.00,0.00,0.00,0.00,0.00,0.00,0.00,,,,,,,,United Arab Emirates,EMR,,,,,,,,,,,,,
Tuvalu,WPR,10819,,2.60%,50.38%,,,,0.00,0.00,,,,,,,,,,,,,,,,,,,,,,,,,,,,,,,,,,,,,,,#DIV/0!,#DIV/0!,#DIV/0!,,,,,,,,,,#DIV/0!,,,#DIV/0!,,0.00,0.00,0.00,0.00,0.00,0.00,0.00,0.00,0.00,0,0.00,0.00,0.00,0.00,0.00,0.00,0.00,0.00,0.00,,,0.00,0.00,2.60%,,,,,,,,,,,,,,,,,0.00,0.00,0.00,0.00,0.00,0.00,0.00,0.00,0.00,0.00,,,,,,,,United Kingdom of Great Britain and Northern Ireland,EUR,,,,,,,,,,,,,
Uganda,AFR,37553726,AL,22.64%,50.38%,"2,478,500.00","1,502,362.00",100.00%,"2,478,500.00","1,502,362.00","756,959.32",,,,,,,,,,,,,,,,,,,97.70%,,,,,94.80%,,,59.80%,,,,98.60%,,,,,,,#DIV/0!,#DIV/0!,#DIV/0!,,,,,,,,,,#DIV/0!,,,#DIV/0!,,0.00,0.00,0.00,0.00,0.00,0.00,0.00,0.00,0.00,0,0.00,0.00,0.00,0.00,0.00,0.00,0.00,0.00,0.00,*,0%,0.00,0.00,22.64%,,,,,,,,,,,,,,,,,0.00,0.00,0.00,0.00,0.00,0.00,0.00,0.00,0.00,0.00,,,,,,,,Tanzania,AFR,0,,,,,,,,,,,,
Ukraine,EUR,45489600,,16.43%,50.38%,0.00,,0.00%,0.00,0.00,,,,,,,,,,,,,,,,,,,,,,,,,,,,,,,,,,,,,,,#DIV/0!,#DIV/0!,#DIV/0!,,,,,,,,,,#DIV/0!,,,#DIV/0!,,0.00,0.00,0.00,0.00,0.00,0.00,0.00,0.00,0.00,0,0.00,0.00,0.00,0.00,0.00,0.00,0.00,0.00,0.00,,0%,0.00,0.00,16.43%,,,,,,,,,,,,,,,,,0.00,0.00,0.00,0.00,0.00,0.00,0.00,0.00,0.00,0.00, ,,,,,,,United States,AMR,,,,,,,,,,,,,
United Arab Emirates,EMR,9006263,,2.30%,50.38%,100.00,,0.00%,0.00,0.00,,,,,,,,,,,,,,,,,,,,,,,,,,,,,,,,,,,,,,,#DIV/0!,#DIV/0!,#DIV/0!,,,,,,,,,,#DIV/0!,,,#DIV/0!,,0.00,0.00,0.00,0.00,0.00,0.00,0.00,0.00,0.00,0,0.00,0.00,0.00,0.00,0.00,0.00,0.00,0.00,0.00,,,0.00,0.00,2.30%,,,,,,,,,,,,,,,,,0.00,0.00,0.00,0.00,0.00,0.00,0.00,0.00,0.00,0.00,,,,,,,,Uruguay,AMR,,,,,,,,,,,,,
United Kingdom of Great Britain and Northern Ireland,EUR,64128226,,16.43%,50.38%,0.00,,0.00%,0.00,0.00,,,,,,,,,,,,,,,,,,,,,,,,,,,,,,,,,,,,,,,#DIV/0!,#DIV/0!,#DIV/0!,,,,,,,,,,#DIV/0!,,,#DIV/0!,,0.00,0.00,0.00,0.00,0.00,0.00,0.00,0.00,0.00,0,0.00,0.00,0.00,0.00,0.00,0.00,0.00,0.00,0.00,,,0.00,0.00,16.43%,,,,,,,,,,,,,,,,,0.00,0.00,0.00,0.00,0.00,0.00,0.00,0.00,0.00,0.00,,,,,,,,US Virgin Islands,AMR,,,,,,,,,,,,,
United States,AMR,316204908,,16.43%,50.38%,0.00,,,0.00,0.00,,,,,,,,,,,,,,,,,,,,,,,,,,,,,,,,,,,,,,,#DIV/0!,#DIV/0!,#DIV/0!,,,,,,,,,,#DIV/0!,,,#DIV/0!,,0.00,0.00,0.00,0.00,0.00,0.00,0.00,0.00,0.00,0,0.00,0.00,0.00,0.00,0.00,0.00,0.00,0.00,0.00,,,0.00,0.00,16.43%,,,,,,,,,,,,,,,,,0.00,0.00,0.00,0.00,0.00,0.00,0.00,0.00,0.00,0.00,,,,,,,,Uzbekistan,EUR,,,,,,,,,,,,,
Uruguay,AMR,3408005,,16.43%,50.38%,0.00,,,0.00,0.00,,,,,,,,,,,,,,,,,,,,,,,,,,,,,,,,,,,,,,,#DIV/0!,#DIV/0!,#DIV/0!,,,,,,,,,,#DIV/0!,,,#DIV/0!,,0.00,0.00,0.00,0.00,0.00,0.00,0.00,0.00,0.00,0,0.00,0.00,0.00,0.00,0.00,0.00,0.00,0.00,0.00,,,0.00,0.00,16.43%,,,,,,,,,,,,,,,,,0.00,0.00,0.00,0.00,0.00,0.00,0.00,0.00,0.00,0.00,,,,,,,,Vanuatu,WPR,69%,,,,,,,,,,,,
US Virgin Islands,AMR,104737,,16.43%,50.38%,,,,0.00,0.00,,,,,,,,,,,,,,,,,,,,,,,,,,,,,,,,,,,,,,,#DIV/0!,#DIV/0!,#DIV/0!,,,,,,,,,,#DIV/0!,,,#DIV/0!,,0.00,0.00,0.00,0.00,0.00,0.00,0.00,0.00,0.00,0,0.00,0.00,0.00,0.00,0.00,0.00,0.00,0.00,0.00,,,0.00,0.00,16.43%,,,,,,,,,,,,,,,,,0.00,0.00,0.00,0.00,0.00,0.00,0.00,0.00,0.00,0.00,,,,,,,,Venezuela,AMR,65%,,,,,,,,,,,,
Uzbekistan,EUR,30243200,,16.43%,50.38%,100.00,0.00,0.00%,0.00,0.00,,,,,,,,,,,,,,,,,,,,,,,,,,,,,,,,,,,,,,,#DIV/0!,#DIV/0!,#DIV/0!,,,,,,,,,,#DIV/0!,,,#DIV/0!,,0.00,0.00,0.00,0.00,0.00,0.00,0.00,0.00,0.00,0,0.00,0.00,0.00,0.00,0.00,0.00,0.00,0.00,0.00,CQ+PQ,,0.00,0.00,16.43%,,,,,,,,,,,,,,,,,0.00,0.00,0.00,0.00,0.00,0.00,0.00,0.00,0.00,0.00,,,,,,,,Viet Nam,WPR,40%,,,,,,,,,,,,
Vanuatu,WPR,253142,AL,5.10%,50.38%,"1,300.00","2,381.00",31.00%,403.00,738.11,371.89,,,,,,,,,,,,,,,,,,,97.20%,,,,,,,,,,,,,,,,,,,#DIV/0!,#DIV/0!,#DIV/0!,,,,,,,,,,#DIV/0!,,,#DIV/0!,,0.00,0.00,0.00,0.00,0.00,0.00,0.00,0.00,0.00,0,0.00,0.00,0.00,0.00,0.00,0.00,0.00,0.00,0.00,AL+PQ,69%,897.00,"1,642.89",5.10%,,,,,,,,,,,,,,,,,0.00,0.00,0.00,0.00,0.00,0.00,0.00,0.00,0.00,0.00,,,,,,,,Wallis and Futuna Islands,WPR,,,,,,,,,,,,,
Venezuela,AMR,30317848,AS+MQ+PQ,16.43%,50.38%,"7,600.00","78,643.00",35.00%,"2,660.00","27,525.05","13,868.39",,,,,,,,,,,,,,,,,,,100.00%,,,,,,100.00%,,,,,,,,,,,,,#DIV/0!,#DIV/0!,#DIV/0!,,,,,,,,,,#DIV/0!,,,#DIV/0!,,0.00,0.00,0.00,0.00,0.00,0.00,0.00,0.00,0.00,0,0.00,0.00,0.00,0.00,0.00,0.00,0.00,0.00,0.00,CQ+PQ,65%,"4,940.00","51,117.95",16.43%,,,,,,,,,,,,,,,,,0.00,0.00,0.00,0.00,0.00,0.00,0.00,0.00,0.00,0.00,,,,,,,,West Bank and Gaza Strip,EMR,,,,,,,,,,,,,
Viet Nam,WPR,89759500,QN+CL; QN+D,2.60%,50.38%,"19,600.00","17,128.00",60.00%,"11,760.00","10,276.80","5,177.93",,,,,,,,,,,,,,,,,,,97.80%,,,,,97.90%,100.00%,,,,,,100.00%,,,,,,,#DIV/0!,#DIV/0!,#DIV/0!,,,,,,,,,,#DIV/0!,,,#DIV/0!,,0.00,0.00,0.00,0.00,0.00,0.00,0.00,0.00,0.00,0,0.00,0.00,0.00,0.00,0.00,0.00,,0.00,0.00,CQ+PQ,40%,"7,840.00","6,851.20",2.60%,,,,,,,,,,,,,,,,,0.00,0.00,0.00,0.00,0.00,0.00,0.00,0.00,0.00,0.00,,,,,,,,Yemen,EMR,1%,,,,,,,,,,,,
Wallis and Futuna Islands,WPR,12197,,2.60%,50.38%,,,,0.00,0.00,,,,,,,,,,,,,,,,,,,,,,,,,,,,,,,,,,,,,,,#DIV/0!,#DIV/0!,#DIV/0!,,,,,,,,,,#DIV/0!,,,#DIV/0!,,0.00,0.00,0.00,0.00,0.00,0.00,0.00,0.00,0.00,0,0.00,0.00,0.00,0.00,0.00,0.00,0.00,0.00,0.00,,,0.00,0.00,2.60%,,,,,,,,,,,,,,,,,0.00,0.00,0.00,0.00,0.00,0.00,0.00,0.00,0.00,0.00, ,,,,,,,Zambia,AFR,0,,,,,,,,,,,,
West Bank and Gaza Strip,EMR,4169506,,2.30%,50.38%,,,0.00%,0.00,0.00,,,,,,,,,,,,,,,,,,,,,,,,,,,,,,,,,,,,,,,#DIV/0!,#DIV/0!,#DIV/0!,,,,,,,,,,#DIV/0!,,,#DIV/0!,,0.00,0.00,0.00,0.00,0.00,0.00,0.00,0.00,0.00,0,0.00,0.00,0.00,0.00,0.00,0.00,0.00,0.00,0.00,,,0.00,0.00,2.30%,,,,,,,,,,,,,,,,,0.00,0.00,0.00,0.00,0.00,0.00,0.00,0.00,0.00,0.00,,,,,,,,Zimbabwe,AFR,0,,,,,,,,,,,,
Yemen,EMR,25576322,AS+SP,1.20%,50.38%,"368,800.00","102,778.00",99.00%,"365,112.00","101,750.22","51,266.46",,,,,,,,,,,,,,,,,,,100.00%,,,,,91.50%,,,100.00%,,,,,,,,,,,#DIV/0!,#DIV/0!,#DIV/0!,,,,,,,,,,#DIV/0!,,,#DIV/0!,,0.00,0.00,0.00,0.00,0.00,0.00,0.00,0.00,0.00,0,0.00,0.00,0.00,0.00,0.00,0.00,0.00,0.00,0.00,CQ+PQ,1%,"3,688.00","1,027.78",1.20%,,,,,,,,,,,,,,,,,0.00,0.00,0.00,0.00,0.00,0.00,0.00,0.00,0.00,0.00,,,,,,,,,,,,,,,,,,,,,,
Zambia,AFR,15153210,AL,22.64%,90.00%,"1,035,100.00",,100.00%,"1,035,100.00",0.00,,,,,,,,,,,,,,,,,,,,100.00%,,,,,,,,82.50%,,,,95.30%,,,,,,,#DIV/0!,#DIV/0!,#DIV/0!,,,,,,,,,,#DIV/0!,,,#DIV/0!,,0.00,0.00,0.00,0.00,0.00,0.00,0.00,0.00,0.00,0,0.00,0.00,0.00,0.00,0.00,0.00,0.00,0.00,0.00,*,0%,0.00,0.00,22.64%,,,,,,,,,,,,,,,,,0.00,0.00,0.00,0.00,0.00,0.00,0.00,0.00,0.00,0.00,,,,,,,,,,,,,,,,,,,,,,
Zimbabwe,AFR,15054506,AL,22.64%,50.38%,"153,100.00","422,633.00",100.00%,"153,100.00","422,633.00","212,942.01",,,,,,,,,,,,,,,,,,,97.60%,,,,,,,,,,,,,,,,,,,#DIV/0!,#DIV/0!,#DIV/0!,,,,,,,,,,#DIV/0!,,,#DIV/0!,,0.00,0.00,0.00,0.00,0.00,0.00,0.00,0.00,0.00,0,0.00,0.00,0.00,0.00,0.00,0.00,0.00,0.00,0.00,*,0%,0.00,0.00,22.64%,,,,,,,,,,,,,,,,,0.00,0.00,0.00,0.00,0.00,0.00,0.00,0.00,0.00,0.00,,,,,,,,,,,,,,,,,,,,,,
,,,,,,,,,,,,,,,,,,,,,,,,,,,,,,,,,,,,,,,,,,,,,,,,,,,,,,,,,,,,,,,,,,,,,,,,,,,,,,,,,,,,,,,,,14.05%,,,,,,,,,,,,,,,,,,,,,,,,,,, ,,,,,,,Notes,,,,,,,,,,,,,,
Notes,,,p.falc drug list,,,,,,,,,,,,,,,,,,,,,,,,,,,,,,,,,,,,,,,,,,,,,,,,,,,,,,,,,,,,,,,,,,,,,,,,,,,,,,,Total Impact by Region,,,,,,,,,,,,,,,,,,,,,,,,,,,,,,Total Impact by Region,,,,,Total Impact by Region (all types),,,,,,* = no data available,,,,,,,,,,,,,,
* = no data available,,,AS+SP+PQ,,,,,,,,,,,,,,,,,,,,,,,,,,,,,,,,,,,,,,,,,,,,,,,,,,,,,,,,,,,,,,,,,,,,,,,,,,,,,,,EMR,0.00,,Used in column DA-DG,,,,,,,,,,,,,,,,,,,,,,,,,,,EMR,0.00,,,,EMR,0.00,,,,,,,,,,,,,,,,,,,
,,,*,,,,,,,,,,,,,,,,,,,,,,,,,,,,,,,,,,,,,,,,,,,,,,,,,,,,,,,,,,,,,,,,,,,,,,,,,,,,,,,AFR,0.00,,DRUG LIST,,,,,,,,,,,,,,,,,,,,,,,,,,,AFR,0.00,,,,AFR,0.00,,,,,,,,,,,,,,,,,,,
,,,AL,,,,,,,,,,,,,,,,,,,,,,,,,,,,,,,,,,,,,,,,,,,,,,Used in column AW-BN,,,,,,,,,,,,,,,,,,,,,,,,,,,,,,,,,WPR,0.00,,CQ+PQ,,,,Used in column CT-CZ,,,,,,,,,,,,,,,,,,,,,,,WPR,0.00,,,,WPR,0.00,,,,,,,,,,,,,,,,,,,
,,,AL+PQ,,,,,,,,,,,,,,,,,,,,,,,,,,,,,,,,,,,,,,,,,,,,,,,AL,AL+PQ,AM,ART+NQ,ART+PPQ,AS+AQ,AS+MQ,AS+MQ+PQ,AS+SP,AS+SP+PQ,AT+PG,CQ+PQ,DHA-PPQ,DHA-PPQ+PQ,PQ,QN,QN+CL,QN+D,,,,,,,,,,,,,,,AMR,0.00,,CQ,,,,,CQ+PQ,CQ,DHA-PPQ,AL,QN,AS+AQ+PQ,AL+PQ,AS+AQ,,,,,,,,,,,,,,,AMR,0.00,,,,AMR,0.00,,,,,,,,,,,,,,,,,,,
,,,AS+SP,,,,,,,,,,,,,,,,,,,,,,,,,,,,,,,,,,,,,,,,,,,,,Regional Average,AMR,,,,,,,,,,,,,,,,,,,,,,,,,,,,,,,,,EUR,0.00,,DHA-PPQ,,,Regional Average,AMR,,,,,,,,,,,,,,,,,,,,,,,EUR,0.00,,,,EUR,0.00,,,,,,,,,,,,,,,,,,,
,,,CQ+PQ,,,,,,,,,,,,,,,,,,,,,,,,,,,,,,,,,,,,,,,,,,,,,,AFR,,,,,,,,,,,,,,,,,,,,,,,,,,,,,,,,,SEA,0.00,,QN,,,,AFR,,,,,,,,,,,,,,,,,,,,,,,SEA,0.00,,,,SEA,0.00,,,,,,,,,,,,,,,,,,,
,,,AS+MQ+PQ,,,,,,,,,,,,,,,,,,,,,,,,,,,,,,,,,,,,,,,,,,,,,,EMR,,,,,,,,,,,,,,,,,,,,,,,,,,,,,,,,,,,,AS+AQ; DHA-PPQ,,,,EMR,,,,,,,,,,,,,,,,,,,,,,,,,,,,,,,,,,,,,,,,,,,,,,,,
,,,AL+PQ; AS+MQ+PQ,,,,,,,,,,,,,,,,,,,,,,,,,,,,,,,,,,,,,,,,,,,,,,EUR,,,,,,,,,,,,,,,,,,,,,,,,,,,,,,,,,,,,AL,,,,EUR,,,,,,,,,,,,,,,,,,,,,,,,,,,,,,,,,,,,,,,,,,,,,,,,
,,,AL; AS+AQ,,,,,,,,,,,,,,,,,,,,,,,,,,,,,,,,,,,,,,,,,,,,,,WPR,,,,,,,,,,,,,,,,,,,,,,,,,,,,,,,,,,,,AL+PQ,,,,WPR,,,,,,,,,,,,,,,,,,,,,,,,,,,,,,,,,,,,,,,,,,,,,,,,
,,,AS+AQ,,,,,,,,,,,,,,,,,,,,,,,,,,,,,,,,,,,,,,,,,,,,,,SEA,,,,,,,,,,,,,,,,,,,,,,,,,,,,,,,,,,,,AL+PQ; CQ+PQ,,,,SEA,,,,,,,,,,,,,,,,,,,,,,,,,,,,,,,,,,,,,,,,,,,,,,,,
,,,AS+MQ; DHA-PPQ+PQ,,,,,,,,,,,,,,,,,,,,,,,,,,,,,,,,,,,,,,,,,,,,,2nd Lookup Column#,1,2,3,4,5,6,7,8,9,10,11,12,13,14,15,16,17,18,19,,,,,,,,,,,,,,,,,,AS+AQ+PQ,,,2nd Lookup Column#,1,2,3,4,5,6,7,8,9,,,,,,,,,,,,,,,,,,,,,,,,,,,,,,,,,,,,,,,,
,,,DHA-PPQ; AS+AQ; ART+NQ; ART+PPQ,,,,,,,,,,,,,,,,,,,,,,,,,,,,,,,,,,,,,,,,,,,,,Global Average,red is average of black values,,#DIV/0!,,#DIV/0!,,,,,,,,,,#DIV/0!,,,#DIV/0!,,,,,,,,,,,,,,,,,,,*,,,Global Average,,,,,,,,,,,,,,,,,,,,,,,,,,,,,,,,,,,,,,,,,,,,,,,,,
,,,AL; AT+PG,,,,,,,,,,,,,,,,,,,,,,,,,,,,,,,,,,,,,,,,,,,,,,,,,,,,,,,,,,,,,,,#DIV/0!,,,,,,,,,,,,,,,,,,,,,,,,,,,,,,,,,,,,,,,,,,,,,,,,,,,,,,,,,,,,,,,,,,,,,,,
,,,AS+AQ; DHA-PPQ+PQ,,,,,,,,,,,,,,,,,,,,,,,,,,,,,,,,,,,,,,,,,,,,,,,,,,,,,,,,,,,,,,,,,,,,,,,,,,,,,,,,,,,,,,,,,,,,,,,,,,,,,,,,,,,,,,,,,,,,,,,,,,,,,,,,,,,,,,
,,,AS+SP; AS+SP+PQ,,,,,,,,,,,,,,,,,,,,,,,,,,,,,,,,,,,,,,,,,,,,,,,,,,,,,,,,,,,,,,,,,,,,,,,,,,,,,,,,,,,,,,,,,,,,,,,,,,,,,,,,,,,,,,,,,,,,,,,,,,,,,,,,,,,,,,
,,,QN+D,x,,,,,,,,,,,,,,,,,,,,,,,,,,,,,,,,,,,,,,,,,,,,,,,,,,,,,,,,,,,,,,,,,,,,,,,,,,,,,,,,,,,,,,,,,,,,,,,,,,,,,,,,,,,,,,,,,,,,,,,,,,,,,,,,,,,,,
,,,AS+MQ,,,,,,,,,,,,,,,,,,,,,,,,,,,,,,,,,,,,,,,,,,,,,,,,,,,,,,,,,,,,,,,,,,,,,,,,,,,,,,,,,,,,,,,,,,,,,,,,,,,,,,,,,,,,,,,,,,,,,,,,,,,,,,,,,,,,,,
,,,AL; AM; AS+MQ; DHA-PPQ; PQ,,,,,,,,,,,,,,,,,,,,,,,,,,,,,,,,,,,,,,,,,,,,,,,,,,,,,,,,,,,,,,,,,,,,,,,,,,,,,,,,,,,,,,,,,,,,,,,,,,,,,,,,,,,,,,,,,,,,,,,,,,,,,,,,,,,,,,
,,,DHA-PPQ,,,,,,,,,,,,,,,,,,,,,,,,,,,,,,,,,,,,,,,,,,,,,,,,,,,,,,,,,,,,,,,,,,,,,,,,,,,,,,,,,,,,,,,,,,,,,,,,,,,,,,,,,,,,,,,,,,,,,,,,,,,,,,,,,,,,,,
,,,AL; QN+CL; QN+D,x,,,,,,,,,,,,,,,,,,,,,,,,,,,,,,,,,,,,,,,,,,,,,,,,,,,,,,,,,,,,,,,,,,,,,,,,,,,,,,,,,,,,,,,,,,,,,,,,,,,,,,,,,,,,,,,,,,,,,,,,,,,,,,,,,,,,,
,,,QN,,,,,,,,,,,,,,,,,,,,,,,,,,,,,,,,,,,,,,,,,,,,,,,,,,,,,,,,,,,,,,,,,,,,,,,,,,,,,,,,,,,,,,,,,,,,,,,,,,,,,,,,,,,,,,,,,,,,,,,,,,,,,,,,,,,,,,
,,,QN+CL; QN+D,x,,,,,,,,,,,,,,,,,,,,,,,,,,,,,,,,,,,,,,,,,,,,,,,,,,,,,,,,,,,,,,,,,,,,,,,,,,,,,,,,,,,,,,,,,,,,,,,,,,,,,,,,,,,,,,,,,,,,,,,,,,,,,,,,,,,,,